"Gene","logFC","AveExpr","t","P.Value","adj.P.Val","B"
"O14558",2.15293800229361,-0.030008132219471,5.90020491464974,4.26857954348877e-05,0.029035586930417,2.35228112505529
"P06703",2.15561068365358,0.84677592795347,5.78923980397213,5.16107600251604e-05,0.029035586930417,2.18065694463962
"P15259",2.77744853612458,0.016974792189469,5.76026235656807,5.42494534240935e-05,0.029035586930417,2.13550446532074
"Q09666",1.91297711730082,1.12666418544995,5.72835989195525,5.7318509668425e-05,0.029035586930417,2.08563449055678
"P55087",1.44230885812773,0.709747009262845,5.52627855313763,8.14898464458297e-05,0.029035586930417,1.76587391100591
"P05362",1.80837286682574,0.8026291000452,5.50317858708073,8.48646469038567e-05,0.029035586930417,1.72889949082752
"P84243",1.73017176640121,-1.47690429472281,5.49328381184173,8.63545873188458e-05,0.029035586930417,1.71303532254892
"P16070",2.10154981697078,1.17858114880163,5.46386840746904,9.09473863434626e-05,0.029035586930417,1.66578093135613
"P27338",2.18229633470873,0.694231956202123,5.43664224466882,9.54258314162869e-05,0.029035586930417,1.62191966289123
"P01024",1.44876235152897,0.227247345467541,5.41142883770369,9.97786492454192e-05,0.029035586930417,1.58119514205637
"Q14956",3.62289973520777,0.259829077231041,5.33144258582807,0.000115011282727454,0.0297874892308697,1.45133230147376
"P01903",2.71559890809102,0.888132283448967,5.26950855589426,0.000128462382476891,0.0297874892308697,1.35008426515176
"P04792",2.08145155248197,-0.0286423904284069,5.19369092031639,0.000147192048060324,0.0297874892308697,1.22532399954173
"P17302",1.95311430740935,-0.044489940389088,5.19230519509957,0.000147559706458158,0.0297874892308697,1.22303545514528
"P07355",2.14973172583997,1.07204429594314,5.08950589943384,0.00017768479285251,0.0297874892308697,1.05244021288711
"P46976",1.2949575261926,0.114603919231322,5.08826831866354,0.000178084151183949,0.0297874892308697,1.05037665193853
"P17655",1.24216605688814,0.467307451476103,5.0650187510095,0.000185762616226927,0.0297874892308697,1.01156703329064
"Q9HBI6",2.12994035236052,0.35713240686858,5.05673509332939,0.000188580889158471,0.0297874892308697,0.99771978654333
"P00738",3.96290081500119,-0.702147375929051,5.03978017940046,0.000194488761301211,0.0297874892308697,0.969345293685145
"P26038",1.50747009278873,0.747999262815674,5.0023511044552,0.000208221886212585,0.0302962844439311,0.906554921313753
"O95817",1.79680627771944,0.808833133207909,4.96715142063712,0.000222057320114172,0.0307708000729638,0.847315230398196
"Q6ZVC0",2.19609174102808,1.46608716347609,4.85711680043634,0.000271797504110401,0.0359513971346031,0.660966798372818
"Q8IXT5",-2.09797686509492,0.872937697113293,-4.80928833157754,0.000296898111072205,0.0375640653573963,0.579427184427843
"P04271",1.71388575367321,0.749189640078841,4.75486370355376,0.000328405033522718,0.0385186772641815,0.48625307498896
"P07305",1.61925652884024,-1.00809102244644,4.72810388685834,0.000345147415638454,0.0385186772641815,0.440291043866018
"P30041",1.57571359752584,0.807986267245132,4.72761295708521,0.000345462692157625,0.0385186772641815,0.439446922104587
"O14531",-0.963182071251238,0.190676885277337,-4.70718152418844,0.000358851690781857,0.0385186772641815,0.404287428580869
"P02763",2.40650209229386,-0.0981317251218147,4.66043362890263,0.000391544668700248,0.0385186772641815,0.323630185814877
"Q13228",1.44243668735029,0.591976322694754,4.63533588987604,0.00041035280571831,0.0385186772641815,0.280207771681268
"Q14CZ8",1.32013580434882,0.231475013164384,4.6346932301676,0.00041084649630726,0.0385186772641815,0.27909479905626
"Q9H3N1",1.59409564326819,-0.680514800738821,4.60639668603304,0.000433203820585291,0.0385186772641815,0.230036862420167
"P61916",1.33215020942489,0.676625145838033,4.60192668425882,0.000436848966493686,0.0385186772641815,0.222277693123542
"P17096",1.88518171948535,-1.17805852409369,4.59216231605294,0.000444922135140032,0.0385186772641815,0.205319446942587
"Q15847",1.95375064241589,1.59064598948566,4.58605909529108,0.000450046401024801,0.0385186772641815,0.194713475013343
"Q99963",-1.3159011123119,0.152241049045042,-4.51712045662846,0.000512344296976707,0.0425977686914919,0.0745866941179756
"Q01469",1.27282183804444,1.04890654981234,4.45954847673222,0.000571165170393875,0.0461691846068382,-0.026184274358874
"P04083",2.64730020601373,1.29032346266463,4.42323937529075,0.000611802365667648,0.0468596733316216,-0.0899425734915447
"P31146",-1.45839812581652,0.363482665336048,-4.42314372908554,0.000611913260000557,0.0468596733316216,-0.0901107322845256
"P13796",1.4771202274143,0.354361902776991,4.39645846546863,0.000643676042569556,0.0477203219056578,-0.137068585551958
"P0C0L5",1.43447293990542,0.505968114411456,4.38576215969987,0.000656879839980461,0.0477203219056578,-0.155913882453545
"P02790",1.65796050389024,0.15287338719163,4.37350940759014,0.000672348178052223,0.0477203219056578,-0.17751746990032
"Q9UBI6",1.57286434192415,1.55406418443019,4.35072162764811,0.000702121131888341,0.0478181670791358,-0.217741172372721
"P24534",-1.22317724927198,0.124131966299125,-4.34588667941839,0.000708610713146281,0.0478181670791358,-0.226283033865014
"Q9UPY8",-1.0097067417599,-0.0721730318101351,-4.31554518736025,0.000750769129064765,0.0478181670791358,-0.279946085531965
"P30626",1.05000383894585,0.216009149050524,4.30372042330476,0.000767890111791554,0.0478181670791358,-0.300887037438431
"P27816",1.02948100072512,0.591037713669258,4.29574455007973,0.000779664543375261,0.0478181670791358,-0.315020357407207
"Q9NSD9",-1.28540879716813,-0.381372002993084,-4.27570808198821,0.000810069132835503,0.0478181670791358,-0.350555148771461
"P09496",-1.13629044545406,-0.247786647176915,-4.26953117411521,0.000819686020732115,0.0478181670791358,-0.361518504434381
"O14495",1.16248762596595,0.331990906564616,4.25689117110677,0.00083973265080005,0.0478181670791358,-0.383965632548544
"Q6YHK3",1.65042131803689,0.61815955120962,4.25374345956815,0.00084480268795525,0.0478181670791358,-0.38955817928248
"Q15165",1.08892578768123,0.96055993099206,4.25255232809521,0.000846729440379268,0.0478181670791358,-0.391674733443749
"P28838",1.17611741581427,0.807238774251432,4.24778717874241,0.00085448271069246,0.0478181670791358,-0.400143525933216
"P36959",1.89710250587931,0.493369688215651,4.21183786887012,0.000915375055252975,0.0502592719016256,-0.464108727489188
"O15484",1.14430278501673,0.174961778968981,4.1918266401324,0.000951183053287927,0.0512581978716272,-0.499771274384048
"P37802",1.3927770885851,0.658760013764133,4.18106828599065,0.000971024825887379,0.0513760407878595,-0.5189603182036
"P60903",2.8260310472498,1.36608318400581,4.12853036840887,0.00107419698967015,0.0550692112868848,-0.612828510420847
"P62805",1.31534375497534,-1.50019139073049,4.12636860511506,0.0010786752726297,0.0550692112868848,-0.616696425197734
"P43007",1.35726861843154,0.0645103061274979,4.1051182481734,0.00112372856189165,0.0559646833761263,-0.654741154613377
"P08670",1.93861442520483,0.728040493900449,4.10008498944011,0.00113467914748847,0.0559646833761263,-0.663758230258621
"Q9Y2J8",1.29263498734661,0.579787327694001,4.08595145221434,0.00116601659288792,0.0563276727802706,-0.689090508639803
"Q06830",1.29370662768786,0.629921161129655,4.07614262897867,0.00118828470018218,0.0563276727802706,-0.706681723239561
"P31949",1.25365073256068,0.657781589516612,4.06963911009827,0.0012032885841251,0.0563276727802706,-0.718349800805945
"Q9NR46",-1.08763061755488,-0.444213022719585,-4.06271962748108,0.00121946508080998,0.0563276727802706,-0.730768174068674
"P00450",2.11086960407044,0.500308380495394,4.03114530313418,0.00129615212698788,0.0589344170239801,-0.787486015382034
"Q05639",-1.172319055423,-0.223215340419704,-4.00356166934527,0.00136717661202162,0.0612074452458912,-0.83710252286193
"Q9BX66",0.979522248855359,0.415202831630736,3.98511704350318,0.00141687686300634,0.0624713889598251,-0.870313904711734
"P43490",1.54763740550265,0.303547293405407,3.92822763003654,0.00158210746346321,0.0670773668383949,-0.972911504905908
"Q96BW5",2.07410362150739,2.219617886507,3.92418155019607,0.00159458291951247,0.0670773668383949,-0.980217417171674
"Q15049",0.965804455464496,0.211797341947127,3.91540071734817,0.00162200354074043,0.0670773668383949,-0.996076714805239
"Q14195",1.50949505938218,0.692908236564746,3.90541482987365,0.0016537722842653,0.0670773668383949,-1.01411898563614
"O95299",-1.11943402335756,-0.357822285075875,-3.90361068658945,0.00165957923413533,0.0670773668383949,-1.01737939825959
"O60664",0.962023109205564,0.254449625905009,3.89597046838026,0.00168440192294589,0.0670773668383949,-1.03118909436644
"Q16222",-1.94825510889747,0.761245811087034,-3.89469553989728,0.00168858079928408,0.0670773668383949,-1.03349391019449
"Q9UD71",1.30242861560051,-0.169693397245045,3.88949170195968,0.0017057474728664,0.0670773668383949,-1.04290253339291
"Q9Y617",1.02279229583637,0.990615499104024,3.87179650694594,0.00176546327260883,0.067727320742756,-1.07490905003438
"P09211",0.969425746343536,0.428022989708009,3.87081899351345,0.00176882349706167,0.067727320742756,-1.07667773691845
"P40121",1.15440417307002,0.841401451607226,3.8491602927423,0.00184497033615846,0.0697255023145599,-1.11588188792287
"Q9C0H2",1.65939376206054,1.14049741173351,3.83428413932765,0.00189919740118767,0.0701775671371178,-1.1428257622552
"Q13683",1.65895240399875,0.296991512845787,3.82665990109504,0.00192761551871136,0.0701775671371178,-1.1566399996955
"Q9NZH0",1.24599792828354,0.219835765985205,3.82328140531603,0.00194034630638433,0.0701775671371178,-1.16276253271241
"Q9H9J2",-1.71881316780512,0.0480283503881966,-3.81984155322985,0.00195339619866204,0.0701775671371178,-1.16899693633376
"P68431",1.9937559971789,-0.8889325173286,3.80689308496114,0.00200332510504486,0.0710936104351287,-1.19247086461286
"P35244",2.64667065584695,0.00434506027005714,3.79205757591996,0.00206212847891255,0.0717550200190535,-1.21937726224108
"Q8N987",-1.30595538960156,-0.37140791194886,-3.78713709825819,0.00208201687451962,0.0717550200190535,-1.22830392287065
"Q9H8H3",1.09477448261364,-0.296050907136796,3.78372153497772,0.00209593701086583,0.0717550200190535,-1.23450114922787
"P02743",2.23815853824958,-0.309136533998926,3.75855547161048,0.00220146045427812,0.0744912781622015,-1.28018133055989
"Q6YP21",-1.57362482852349,0.200095000966479,-3.74710317838533,0.00225125257763866,0.0750241189776782,-1.30097947002573
"P55809",-1.4947527082719,0.154229781012571,-3.74313506675945,0.00226877060825968,0.0750241189776782,-1.30818730666095
"P24821",1.16103092580817,1.45622247953688,3.73078798272071,0.00232416969023047,0.0756504440310818,-1.33061978023115
"P25098",-1.07205941265948,-0.504742917744033,-3.71384598639484,0.00240242749234717,0.0756504440310818,-1.36141168639974
"P50135",1.00791335277383,1.08314171608476,3.71286178456361,0.00240705501071721,0.0756504440310818,-1.36320085218688
"O60268",-1.31161167786547,-0.898189781815041,-3.71018686550413,0.002419677678848,0.0756504440310818,-1.36806375861492
"Q9H3Q1",1.16988222398242,-0.213576048875647,3.70768003086844,0.00243156812330562,0.0756504440310818,-1.37262137187636
"Q92597",0.821209650466402,0.140284078178706,3.69977821371083,0.00246943737536347,0.0756504440310818,-1.38698920427355
"O94826",-0.792245008588863,-0.364652375571305,-3.69937792798406,0.00247137157554391,0.0756504440310818,-1.38771711101475
"Q96AQ6",1.62279631086774,0.0936124026037011,3.69181211125714,0.0025082203010096,0.0756504440310818,-1.40147654034104
"O00429",-1.10063145944819,-0.0631107271489282,-3.68907632390888,0.00252168146770273,0.0756504440310818,-1.40645249832081
"P49189",0.897461526158593,0.593983547430693,3.66683524551707,0.00263387018936878,0.0769498119350673,-1.44691625462675
"P09497",-1.04297856412092,-0.0466112880105849,-3.66548685396149,0.0026408322032541,0.0769498119350673,-1.44937001601082
"Q9Y6U3",1.65424748344011,1.83279781555887,3.66481203329061,0.00264432343419475,0.0769498119350673,-1.45059805875286
"Q6UXB8",4.7637476464181,-0.36682962776358,3.63350454224956,0.00281154148630363,0.0789618927001541,-1.50758905588424
"P52758",0.883126576542906,0.303002771063402,3.63124423040765,0.00282402081108725,0.0789618927001541,-1.51170490092355
"P16403",1.97823737464079,-1.71963237910461,3.62801156203347,0.00284196607694625,0.0789618927001541,-1.51759160650885
"Q9UEY8",0.848822684193781,0.603779942911224,3.62554161647287,0.0028557550428516,0.0789618927001541,-1.52208960762631
"Q13938",2.31284881233941,1.47135815015029,3.62264180588937,0.00287203025326611,0.0789618927001541,-1.52737067028679
"O95394",0.856275328137324,0.498217174223473,3.62188821566384,0.00287627512928397,0.0789618927001541,-1.52874313152366
"P08575",1.06152468959119,0.0945083266082185,3.60201268311758,0.00299055245676956,0.0813318471887796,-1.56494699078897
"P13716",1.09729037510388,0.612488945383907,3.59569924899743,0.00302780523945633,0.081582530063129,-1.57644937628142
"P51178",1.09232914001116,0.604293198162606,3.57727151979886,0.00313924460813058,0.0838091909143119,-1.61002845061378
"P13611",0.843932035843244,0.637995658245032,3.57198947887442,0.00317194507217036,0.0839123650910522,-1.61965489192687
"Q9Y2S2",0.964848944029208,0.553267269498386,3.56331453593171,0.00322639913611131,0.0845839773521073,-1.63546618230482
"Q9UBW8",-0.691814637127112,0.0203792362462965,-3.55617123010655,0.00327194721780541,0.0850122000340512,-1.64848703438079
"P10768",0.91578886313744,0.679279056915406,3.53969079943225,0.00337952501422923,0.0867104244887109,-1.67853138593195
"P51570",1.15427703070019,-0.130596819370264,3.53707831828958,0.0033969032273928,0.0867104244887109,-1.68329446712084
"P09382",1.30962080651027,0.092438690183664,3.52689839390033,0.0034654848849332,0.086793485598379,-1.70185558506913
"O14744",0.783094104012047,0.478052392956262,3.52401722446292,0.0034851476812255,0.086793485598379,-1.70710912856474
"O43761",-1.10999778239166,-1.18483494603939,-3.51783636316095,0.00352771011083879,0.086793485598379,-1.71837975407846
"Q9H078",-1.01940688671854,-0.319271701231071,-3.51520104795209,0.00354601641144514,0.086793485598379,-1.72318533601322
"Q9Y570",-0.919007195443216,-0.263505149732767,-3.51473168885001,0.00354928686811241,0.086793485598379,-1.72404123703272
"Q00610",-0.885911106027404,-0.227725825202443,-3.50204044708378,0.00363888106218328,0.0882428657579444,-1.74718541420299
"Q15417",1.15240239195699,0.547883524155467,3.48967171159437,0.00372839257621868,0.0888861286263736,-1.76974315044348
"P01023",1.14931339410632,0.540650966381482,3.48669689236619,0.0037502501686207,0.0888861286263736,-1.77516875191161
"O95865",1.07465971398957,0.74799212397973,3.47865688635071,0.00380997271301833,0.0888861286263736,-1.78983281221248
"Q99961",-0.984210571534065,0.596543793615051,-3.47767981789857,0.00381729554985066,0.0888861286263736,-1.79161490687507
"Q9HA64",0.8584699296236,0.484179959021467,3.47756824287609,0.00381813267295419,0.0888861286263736,-1.79181841120323
"P34913",1.19679647220332,0.810938882833386,3.468846955595,0.00388414205456912,0.089705185546001,-1.80772561648247
"Q92665",-1.63158916067277,-0.458793855938304,-3.46447061135884,0.00391769748874589,0.089767714112209,-1.81570801531313
"Q9NTK5",-0.960862839037301,0.4670766037341,-3.43685265306942,0.00413629523737399,0.0930936777210286,-1.86608425809491
"P09525",1.20220812702225,0.267204783174179,3.43563094400128,0.00414624378143416,0.0930936777210286,-1.86831272641064
"Q14624",1.89363255215396,0.058161235914549,3.43409026255548,0.00415882409063014,0.0930936777210286,-1.87112301788134
"Q9Y2J0",-0.991563856192338,-1.52618061441855,-3.42898712392194,0.00420076824112633,0.0933147754326536,-1.88043142021635
"O43765",-1.02461380990514,0.352488670908277,-3.40463619092642,0.0044068497631577,0.0956943543405093,-1.9248478589591
"Q9NRQ2",1.26741697207826,0.507061888616683,3.40453582008383,0.00440771989990492,0.0956943543405093,-1.92503093123871
"P25325",0.93323321338786,0.471101766650579,3.40295014673459,0.00442148938240377,0.0956943543405093,-1.92792312597222
"Q15274",1.14444679807552,0.530606441012268,3.40089169693369,0.00443942880961125,0.0956943543405093,-1.93167761949984
"Q16537",-0.979124921483682,0.117869509287674,-3.39606444337482,0.00448178582087457,0.0958970348437132,-1.94048213832336
"O00299",1.38603397780371,1.0129766379919,3.38610766291273,0.0045704390107711,0.0970801278930212,-1.9586419237555
"Q9BTX7",-1.11529434643002,0.309153338614674,-3.36396377262599,0.00477396940842633,0.100668485351599,-1.99902573627412
"Q9BW30",1.21963855996992,1.17317290407653,3.35030603279749,0.00490401228090685,0.101327597453207,-2.02393021556666
"P24298",1.35350264512534,0.681523741791053,3.34943971015236,0.00491237988077473,0.101327597453207,-2.02550983387361
"Q9C0C9",-0.630893566053922,-0.0498202501512348,-3.34704585872836,0.00493557604764809,0.101327597453207,-2.02987462441285
"P14136",1.57772548850777,1.24125680877213,3.34612706681623,0.00494450819187471,0.101327597453207,-2.03154986388839
"P07108",0.985000894595496,0.686738848233877,3.3312354810672,0.00509156005798739,0.103611466914289,-2.05869972432093
"P50583",-0.858934512297683,-0.177587071591081,-3.32331964345357,0.00517150424800398,0.104385872898224,-2.07312990427021
"O95757",-1.01806384307206,-0.141989367673968,-3.31644331385259,0.00524197051222527,0.104385872898224,-2.08566404750602
"O14964",-1.03019786720116,0.132970354191594,-3.31636712881481,0.00524275659498728,0.104385872898224,-2.08580291145933
"B9A064",3.1463599590292,0.212662848493308,3.31172238812974,0.00529090512295518,0.104385872898224,-2.09426872271881
"Q13617",-0.901678119223455,0.403400361537082,-3.29995577050691,0.00541487245364571,0.104385872898224,-2.11571305015033
"Q9H1K1",-1.03465672464488,-0.368648458891181,-3.299597253733,0.00541869493404954,0.104385872898224,-2.11636638298158
"O15061",1.22395617128781,0.495050428278953,3.29908981062068,0.00542410987545604,0.104385872898224,-2.11729110186226
"Q9Y4J8",0.821759245984728,0.495770722669642,3.29684908734944,0.00544808556148434,0.104385872898224,-2.12137431587329
"Q9P2R7",-2.00270187066305,-0.733083207484452,-3.2935895137423,0.00548315248820402,0.104385872898224,-2.12731392072979
"P35659",1.33388600986551,-1.3310811435786,3.29311007329663,0.00548832939980353,0.104385872898224,-2.12818753474503
"P19971",1.46873968028383,0.544738406801936,3.28640385007433,0.0055612569372791,0.105086088879754,-2.14040664542259
"P10515",-1.32185369665108,-0.546455707392091,-3.27880488454424,0.00564506546040491,0.105526182506368,-2.15425084879956
"Q15599",0.884402374300943,0.746444969281756,3.27686179149205,0.00566669785011561,0.105526182506368,-2.15779060864941
"P16401",1.74218118508441,-2.32358950207187,3.27292113557578,0.00571082401732602,0.105526182506368,-2.16496900711167
"Q6PCE3",-1.03969559180771,0.924797745250573,-3.27125356356899,0.00572960028728733,0.105526182506368,-2.1680065550821
"P06733",0.737338768718625,0.556713301355274,3.26633017258194,0.00578539696084798,0.10588368022684,-2.17697419659188
"P22234",0.805721705036478,0.215728124260881,3.26221179962699,0.00583248755169391,0.106078367346433,-2.18447495228794
"Q9BUT1",0.994425559807321,0.541573391666583,3.24890532549686,0.00598727259446127,0.10815227306512,-2.20870602445544
"Q8N9R8",-1.17658130003689,-0.594713430058223,-3.24228993899592,0.00606574602014776,0.10815227306512,-2.22075031781968
"O43759",-1.10759406448549,-0.24590545805023,-3.23627737757829,0.00613795966436851,0.10815227306512,-2.23169567760051
"Q13405",-1.3878961728249,-0.327964561674364,-3.23550370812045,0.00614731394297484,0.10815227306512,-2.23310397818757
"O75116",-1.05808609162633,-0.0678908235973896,-3.23413260739877,0.00616392663348334,0.10815227306512,-2.23559971883135
"Q9Y285",-0.716172917353593,-0.37977515388897,-3.23367253077157,0.0061695111095567,0.10815227306512,-2.23643715525038
"Q96G03",0.905193724767438,0.756398527265491,3.22663822284105,0.00625552650578692,0.109003485819401,-2.24924004635085
"Q9NQ66",-0.855983843407228,0.350508952956962,-3.21008636533822,0.00646267511345022,0.111942765357977,-2.27935752629628
"P20337",-0.844866426459347,0.324546916704445,-3.2027427802723,0.00655676009401861,0.112900425287539,-2.29271602462923
"P01876",1.64272704157135,-0.0429443766362043,3.18929437108917,0.00673261545197449,0.114343002958172,-2.31717326728322
"Q8IZS8",-1.13662503548272,0.734136860479157,-3.1871617045091,0.0067609316749609,0.114343002958172,-2.32105094685396
"P53611",-1.33972866713033,-0.0973999534958874,-3.17811619612219,0.00688235792001102,0.114343002958172,-2.3374952985791
"Q9H598",-0.839883358470511,-0.277494712234343,-3.17576307574133,0.00691430073247807,0.114343002958172,-2.34177250440557
"Q14980",1.10118740861369,-0.808365270913356,3.17324884753033,0.00694859379972124,0.114343002958172,-2.34634224118563
"P61457",0.972267640204384,-0.0305695848794705,3.17128085783603,0.00697555459261449,0.114343002958172,-2.349918935874
"P15311",0.812526656754299,0.914610068514802,3.17013227771054,0.00699133789109282,0.114343002958172,-2.35200631394978
"Q99719",-0.917377119656463,-0.654569393713252,-3.16614568952138,0.00704639644430268,0.114343002958172,-2.35925082702082
"P01011",1.71521890324581,-0.36235282685974,3.16577318130341,0.00705156314844759,0.114343002958172,-2.35992771424384
"Q5T6V5",0.618502546340812,0.336729306809596,3.16364192619099,0.00708119638398643,0.114343002958172,-2.36380029103629
"Q13367",-1.00702038468164,-0.274113981560278,-3.15541434699932,0.00719676183189695,0.114343002958172,-2.37874784423068
"P09429",1.24754256011193,-0.932838854380638,3.15386497335613,0.00721873370387771,0.114343002958172,-2.38156227370094
"O14639",0.668743203447687,-0.254872547890723,3.15319411741345,0.00722826790789338,0.114343002958172,-2.38278083893016
"Q14315",1.53830929377913,0.916753314902367,3.15314898875063,0.00722890972626958,0.114343002958172,-2.38286281124939
"P29966",1.23467222157372,-0.208123651443909,3.15307686524408,0.00722993558223492,0.114343002958172,-2.3829938171363
"P26641",-0.798140734817923,0.0641512052897962,-3.14792285090535,0.00730362069119772,0.114883979521002,-2.39235486859883
"Q9UI40",-0.648254767862556,-0.342623841699831,-3.1431567247168,0.00737242533735076,0.115342783503713,-2.40101007261317
"Q15075",-0.783266710568374,0.233764491770302,-3.13553241773338,0.00748383486468935,0.11558630986905,-2.41485294676224
"O75436",-0.828491762637942,0.317150921096972,-3.13295630002047,0.00752185549037192,0.11558630986905,-2.41952943195934
"P01857",3.05063742020158,0.247703271964238,3.13144617155269,0.0075442325719876,0.11558630986905,-2.42227061778488
"Q6P0N0",1.01945503429319,-0.650296184395122,3.13026453459006,0.00756178823425436,0.11558630986905,-2.42441542982763
"Q16595",-0.814315601483372,0.600498313279656,-3.12859962797481,0.00758659284707514,0.11558630986905,-2.42743729034471
"Q9NVS9",0.661821779943256,0.48842673052042,3.12072625159449,0.00770499488390913,0.116778828709248,-2.4417254237502
"Q93009",-0.880635587289736,-0.213178124854712,-3.11372804584023,0.00781177710896645,0.117783789570427,-2.45442209239046
"Q9UKF7",0.785015175506785,-0.33187522078514,3.10862726461567,0.00789053302312405,0.117808430679928,-2.46367433446265
"O43815",-1.19009316444402,0.249081023543122,-3.10837944567217,0.00789437937545909,0.117808430679928,-2.46412380702045
"Q504Y0",0.973537282260094,0.419438464799363,3.09502375745863,0.0081044495062849,0.119808872050284,-2.48834116942409
"Q9BS26",-0.899464870132942,-0.0529893582445508,-3.09462711429138,0.00811077243776834,0.119808872050284,-2.48906020355528
"O43426",-1.05723528942859,0.501890606183934,-3.09169683273385,0.00815763640335942,0.11989253501907,-2.49437187882716
"Q9Y265",0.68061405308868,0.142611999810891,3.08272140712966,0.00830285976538479,0.12119079945812,-2.51063777369715
"P68104",1.02131593934908,0.0119595880448245,3.08110623540053,0.00832926456756838,0.12119079945812,-2.51356429717084
"O60861",-1.06134612852477,-0.786272733318305,-3.0745199030644,0.00843780341083115,0.122159243410541,-2.52549610558846
"P21291",1.1270825810858,0.565908257767061,3.06531261680171,0.00859188992604933,0.123553827310516,-2.54217071392571
"A0PJE2",0.780130649504523,0.0205724700114848,3.06370686335225,0.00861904705980576,0.123553827310516,-2.54507812339845
"P67870",-0.646829580660784,0.106981803651635,-3.05426333159979,0.00878049083430185,0.125251119254012,-2.56217280191046
"P56134",0.768438567654952,-1.20057862980346,3.04686437450656,0.0089090726985407,0.126465373428065,-2.57556156248029
"P17900",0.976889637227641,0.210570332739771,3.04298638055106,0.0089772095326877,0.126736953910317,-2.58257724504984
"Q9H0W9",0.887765258353744,0.37508754331128,3.03851971937005,0.00905632938283456,0.126736953910317,-2.59065638909191
"P34897",-1.222492136798,0.428832268943281,-3.03837742020775,0.00905886131042816,0.126736953910317,-2.59091374839522
"O43852",-0.947627269644393,0.49718693915518,-3.02682303312362,0.00926680540630823,0.129025855178741,-2.61180521494229
"Q9GZT3",-1.375617498867,-0.450413538423807,-3.02368412840142,0.00932410809097236,0.129205497832046,-2.61747873966086
"O76041",0.752279941844049,0.230123200321249,3.01428076768042,0.0094978800408454,0.130639932239192,-2.63447014802438
"Q14344",0.818546775400638,0.336429173358969,3.01274508224851,0.00952656202179808,0.130639932239192,-2.6372443300271
"P51858",1.06866209318016,-0.762669366255805,3.01083776477784,0.00956230431853879,0.130639932239192,-2.64068957012088
"Q16643",-1.34591165115042,0.908471664237072,-3.00682666299927,0.00963790407460475,0.131057480640653,-2.64793388916615
"Q5SW79",0.905875999892246,-0.183101812635524,3.0015049689898,0.00973911864313043,0.131817838379114,-2.65754301813133
"A8MSI8",-1.47263451133081,0.453532061107948,-2.99567321175126,0.00985124163401855,0.132718116458306,-2.66807021352377
"P63208",0.728501735285633,0.430736772322262,2.99031317853064,0.00995542021907495,0.132817635650414,-2.67774313421232
"Q92696",-0.664909856334689,-0.249549515511728,-2.98942260160139,0.00997283482748878,0.132817635650414,-2.67935004620017
"P49840",-0.839831111098859,0.127440269249386,-2.98826305786675,0.00999555402317548,0.132817635650414,-2.68144215776997
"Q9Y4Z0",1.49483938760217,-0.61219142642341,2.98119081030401,0.0101352336493028,0.133742179706588,-2.69419956155207
"P50150",-1.34476419193661,0.433650474218137,-2.97962138379831,0.0101664909594132,0.133742179706588,-2.69702995950843
"Q8WUM4",-0.734470821896406,-0.0835276254983576,-2.977793711151,0.0102030116477191,0.133742179706588,-2.70032579803396
"P22694",-1.52643251553235,0.250880579154536,-2.96994386695882,0.0103613469594866,0.134666168777377,-2.71447775022386
"Q06787",1.60868532993631,-0.00898523989513293,2.96488117100649,0.0104647486745661,0.134666168777377,-2.72360175598847
"Q52LD8",1.32788133477151,0.423139808065105,2.96393121269315,0.0104842640589956,0.134666168777377,-2.72531349212849
"P05155",1.40179061938333,0.0194496596805904,2.96316738574803,0.0104999817248068,0.134666168777377,-2.72668977203791
"P04080",0.885262484632738,0.403107723444111,2.96292925087101,0.0105048867053143,0.134666168777377,-2.72711883676238
"Q9Y3Z3",1.22524266663548,-0.172050861829393,2.95164549540572,0.0107399144185594,0.137075223500035,-2.74744306930158
"P49902",0.631916391008969,0.450152719466075,2.94765332844884,0.0108243031317002,0.137549004861343,-2.75463063891284
"P63104",-1.00294821644523,0.361432476858549,-2.94036092709518,0.0109801460273428,0.138636848788119,-2.76775575393971
"Q9ULD0",-1.43103493616246,-1.24457680600456,-2.93845385632031,0.0110212649159595,0.138636848788119,-2.77118724859131
"P27105",1.07318708613815,0.544854752359624,2.93699442325728,0.011052834680015,0.138636848788119,-2.77381302574525
"Q7Z6G3",-0.757779375597269,0.245172810341756,-2.9306866980122,0.0111903088232483,0.139758792599367,-2.78515913243047
"Q05682",0.830998650054257,0.413913879551021,2.9159989829911,0.0115169849771817,0.143134947427296,-2.81156219250688
"Q5VTR2",1.13621086437484,1.4342894661066,2.9141394568467,0.0115590077819294,0.143134947427296,-2.81490323777814
"Q9HAV7",-2.28847180907024,-0.684602899500166,-2.89896421115823,0.0119076386565213,0.146827239366428,-2.84215431927494
"P11310",0.851493270000025,-0.0706773490229055,2.89533219106937,0.0119926023878865,0.147250940712024,-2.84867264286361
"Q765P7",0.73279622542817,-0.0598997666597169,2.89260217792298,0.0120568578846303,0.147417884219639,-2.85357114047846
"P43155",-0.793113140501515,0.167445238764993,-2.88657888625167,0.0121998265108319,0.148038418431484,-2.86437571697191
"Q8NBX0",0.564888710564963,-0.385777504355294,2.88617995844046,0.0122093540974419,0.148038418431484,-2.8650911621042
"P84085",-0.773269251916564,-0.365947378887779,-2.88304616733108,0.0122844533104447,0.148330950760971,-2.87071070754638
"Q9UQ05",1.86675344718476,-0.795615786322326,2.87559319799636,0.012464887949515,0.148701589645814,-2.88407071705273
"Q04917",-0.946190773451782,-0.465127007767638,-2.8733346070842,0.0125200804290217,0.148701589645814,-2.88811808469202
"P02671",2.43511907908595,-0.610563764432735,2.87232678963422,0.012544785574891,0.148701589645814,-2.88992388072892
"P19652",2.16557625109712,-0.42719420287411,2.86895158458528,0.0126278730680999,0.148701589645814,-2.89597062938453
"P35241",0.86515104449078,0.972001971370386,2.86578619267189,0.0127062867799192,0.148701589645814,-2.90164021880309
"O75061",-0.861034572591566,-0.131720420723939,-2.86484243472149,0.0127297581664438,0.148701589645814,-2.90333036032039
"Q9UN36",0.713439287049181,0.103765814726564,2.86380480970014,0.0127556131947656,0.148701589645814,-2.90518847722147
"Q13126",0.855592722025334,0.336578019926845,2.86100263531009,0.0128256944022065,0.148701589645814,-2.9102057730909
"P52306",-0.984038430662688,0.138828306484327,-2.86053486202559,0.012837429990804,0.148701589645814,-2.91104322597247
"P08107",0.885818047219201,0.155579725113823,2.85851968956648,0.0128881077210726,0.148701589645814,-2.91465066825528
"P13473",0.736129113164965,0.266700248235201,2.85725345444004,0.0129200515595933,0.148701589645814,-2.91691714593133
"O00193",0.666429016118098,-0.211572415973225,2.85481865750485,0.012981693801859,0.148701589645814,-2.92127470332369
"O76024",1.07380913004774,0.366852755414817,2.85296997485242,0.0130286900307145,0.148701589645814,-2.92458278960493
"Q8NDH3",1.30908891264623,-0.374259049100676,2.84944043071496,0.0131188805128523,0.148701589645814,-2.93089744808645
"P17931",1.02990691103122,0.0222502290479502,2.84929209070316,0.013122684435844,0.148701589645814,-2.9311628062357
"P43003",0.806313775362069,-0.94071031369119,2.84889969070179,0.0131327520752489,0.148701589645814,-2.93186473767845
"P31431",1.23794177827575,0.527358830033508,2.84092633141866,0.0133389707205163,0.149879976381352,-2.94612330623875
"Q12931",-1.10317654985045,-0.202356242587045,-2.84089324826144,0.0133398329494056,0.149879976381352,-2.9461824508682
"Q15019",0.709220248991178,0.472768573441427,2.83603039170496,0.0134671674666349,0.150572335182952,-2.95487449541724
"Q8WXG6",-1.09502900056423,0.26893521009561,-2.83459649113745,0.013504941403007,0.150572335182952,-2.9574369071079
"P10412",1.85087724192065,-1.05040968705539,2.83134612999404,0.0135909523742641,0.150952944309574,-2.96324436598295
"Q7Z6J6",1.22137128073147,0.0133589185699116,2.82585589424332,0.0137374562533853,0.151999991244682,-2.97305063796508
"O75935",-0.584099705527967,0.0219959347879551,-2.82237440239875,0.0138311588489745,0.152457091858014,-2.97926693503174
"Q10567",-0.691147112337468,-0.186302248831534,-2.81291280553458,0.0140889884709984,0.154455678304512,-2.99615254296838
"P27797",-0.820490664772979,0.154070482030189,-2.81183597461725,0.0141186290134022,0.154455678304512,-2.99807352699298
"Q9Y5Z4",1.31569681311246,0.698309193442447,2.80851331212498,0.0142104731877327,0.154641251831011,-3.00399989059396
"P51452",-0.802491018018125,-0.131672776177412,-2.8056504706704,0.0142900761674982,0.154641251831011,-3.00910487669998
"Q9UHA4",0.599802600272886,0.350363318944297,2.80470715157276,0.0143164012217802,0.154641251831011,-3.01078674156629
"O60313",-0.812159858395049,-0.397507623007512,-2.80263318649621,0.0143744460982322,0.154641251831011,-3.01448402157702
"P52209",0.734444741838453,0.474884372788924,2.80080660054411,0.0144257582480171,0.154641251831011,-3.01773979472198
"O14617",-1.09077643785328,-0.496855536596278,-2.79738070655092,0.0145224818505868,0.154641251831011,-3.02384496023759
"P52294",-1.10471794520754,-0.0429814198347881,-2.79549145375485,0.0145760925466937,0.154641251831011,-3.02721101809308
"P51553",-1.18538081046109,-0.193291130751891,-2.79546368879731,0.0145768818659609,0.154641251831011,-3.02726048277375
"P23297",1.32915187990532,0.472912396935631,2.79416445809636,0.0146138640046488,0.154641251831011,-3.02957500505706
"P21333",1.16329783747013,0.799643140663773,2.78473329957203,0.0148850841684607,0.156940561341379,-3.04636892143372
"Q9NTX5",0.523115384206793,0.433232214259567,2.78285390736046,0.0149397168576365,0.156947927998997,-3.04971398494612
"Q9NX63",0.803072500707118,-0.764453501590478,2.7795594823687,0.0150359571148268,0.157064374926291,-3.05557636826441
"Q92522",1.23810170740976,-0.956702222547739,2.77878229550761,0.0150587493486032,0.157064374926291,-3.05695912910354
"P04179",0.775428769131205,0.0275759265973691,2.77516518883766,0.0151652719124017,0.157610504518174,-3.06339346601142
"P52815",-0.842266651563728,-0.0198501829471066,-2.76949358113238,0.0153337833628935,0.158049837957416,-3.07347856766132
"P41208",0.670908092849192,0.491495715692807,2.76839496302424,0.015366635759015,0.158049837957416,-3.0754315453782
"P01834",1.75273369886722,0.113878793281799,2.76826647338708,0.0153704825230064,0.158049837957416,-3.07565994540114
"P00441",0.633592526928689,0.331686650287928,2.76521938499108,0.0154619834558176,0.158430886818412,-3.08107564694688
"P30153",-0.816205418026215,-0.0459630766466627,-2.7568316130906,0.0157166166871456,0.160474928279276,-3.09597627368223
"Q96GA7",1.03409772585279,-0.220271467994621,2.75334555538838,0.0158236458367473,0.161002830017254,-3.10216598657757
"Q9NYB9",-0.544367571414197,0.264967286810955,-2.748567014278,0.0159715138085565,0.161941133041462,-3.11064753442161
"Q9BQ39",-0.933084665277295,0.556755518883893,-2.74492693447882,0.01608505717799,0.162526098569274,-3.11710601621373
"P50440",0.829702055541822,0.755628417034183,2.74308073873429,0.0161429454081595,0.162546612933371,-3.12038087192495
"Q9Y4F1",0.873783476416906,0.314368826421137,2.73866186815634,0.0162823276331568,0.163384735905126,-3.12821706147746
"P00387",0.905884628537444,0.267914780683811,2.73679287729302,0.0163416329225777,0.163416329225777,-3.13153050059689
"O75380",-0.644785987284478,-0.375194695338892,-2.73434542826774,0.016419612036128,0.163619130624929,-3.13586861882106
"P54819",0.649732163732604,0.462507576800276,2.73263368499324,0.0164743660732317,0.163619130624929,-3.13890212601127
"P54577",-0.858357444181021,0.415376602532749,-2.72673825555617,0.0166643107491426,0.164942667619064,-3.14934625362298
"Q9H1E3",1.04323726524219,0.0350553346169399,2.71596941682443,0.0170167972090885,0.167048722460458,-3.16840937407482
"Q9UJY1",0.652885974548304,0.596567577603743,2.71513001445744,0.0170445757558309,0.167048722460458,-3.16989449494809
"P26885",-0.829723077221023,0.133571983402319,-2.71498731297491,0.0170493026016344,0.167048722460458,-3.17014695937999
"O43747",-0.788234392153096,-0.0407686600953758,-2.71129322014926,0.0171721110823107,0.167687393454779,-3.17668129708054
"O00330",-1.01200374186739,-0.253408149582099,-2.70217847556712,0.0174788230979751,0.170111622793002,-3.19279428252302
"P14625",-0.782686484271745,0.211620600363911,-2.70030967728159,0.0175423638870003,0.170160929703903,-3.19609620621319
"P49207",-0.552733516734155,0.00400911210012166,-2.69441054353564,0.0177444178485452,0.171549023054042,-3.20651531937977
"Q13510",0.726530213496425,0.48368591709043,2.69086796922208,0.0178668424309497,0.171740292771411,-3.21276939486083
"Q9Y333",0.818649084068252,-0.11098568007306,2.69042418158753,0.0178822366700129,0.171740292771411,-3.2135527074416
"Q9H115",-0.791887422346526,-0.033373200634347,-2.68367757017438,0.0181178598771707,0.173265250740088,-3.22545670111565
"Q13515",-0.702245387479317,-0.0500070246643349,-2.68247702864058,0.0181601035999061,0.173265250740088,-3.227574156735
"P08758",0.907565228340327,0.581765835588037,2.67766991050302,0.0183302140327021,0.174316741291383,-3.23605018811136
"P0CG05",1.65681398115856,0.628427064964861,2.67350079944024,0.0184790003569816,0.175159254198099,-3.24339797868993
"P14621",0.771316190970549,0.449692255148669,2.67010232898739,0.0186011517489858,0.175744648018016,-3.24938528771468
"Q96DE0",0.64298773357547,-0.118269025310545,2.66523466707027,0.0187774775930384,0.17683643946842,-3.25795738127346
"Q15700",-1.15452043332757,0.406963981941629,-2.65998996960787,0.0189692776798702,0.177660155016805,-3.26718868261444
"Q14019",0.809585796431818,0.745217007121142,2.65785909584635,0.0190477465271271,0.177660155016805,-3.27093785716537
"Q9H993",-0.887696947476992,0.00645797667325873,-2.65784954088508,0.0190480990945853,0.177660155016805,-3.27095466682476
"P48147",-0.817749001354787,-0.474156997391817,-2.64941055369297,0.0193619740282337,0.179298479972202,-3.28579452962042
"P01009",2.07378395714351,-0.199892169847949,2.6484736905291,0.0193971271171186,0.179298479972202,-3.28744118693169
"O43615",-1.3363783142792,-0.512659494608045,-2.64668287897775,0.0194644945198941,0.179298479972202,-3.29058831734192
"Q8N461",-0.816276319179747,0.246723594472971,-2.64653114438207,0.019470212945435,0.179298479972202,-3.29085494493134
"P05230",0.887996492596622,0.919891495767798,2.63426111969692,0.0199380659081067,0.181758236293709,-3.31240160022342
"P02545",0.873990915112859,0.130501571821525,2.63385737663494,0.0199536442751199,0.181758236293709,-3.31311010936723
"Q9NZ01",0.687486081612469,-0.667454792031987,2.63376601338723,0.0199571711491427,0.181758236293709,-3.31327043403464
"P02511",1.32813864253221,-0.0319110965904289,2.63214949566587,0.0200196732061487,0.181758236293709,-3.31610684617543
"Q13616",-0.812405912081772,0.384220930551309,-2.63137670419561,0.0200496198798215,0.181758236293709,-3.31746264487344
"O14773",0.793883459000127,0.228655405100525,2.62843642914497,0.0201639566167945,0.182227061350534,-3.32262007804171
"P78352",-1.52761902714811,-0.0489203052815256,-2.62658149850417,0.0202364129186056,0.182315670567004,-3.3258729000598
"P09467",1.25507092044733,0.574375809266067,2.61985958889216,0.0205010993706697,0.18388855712701,-3.33765497657603
"Q8NC96",-0.869868660589849,-0.114466771267746,-2.61894472631005,0.0205373818097176,0.18388855712701,-3.33925786355348
"Q8TD22",0.814381771307162,-0.0857548223247959,2.61718393076506,0.0206073880764572,0.183949384363467,-3.34234241360297
"Q14118",0.638646475966057,-0.064819664583041,2.61489413249572,0.0206987722379883,0.184200083218795,-3.34635276786622
"Q8IV01",-1.18065334510775,-1.93509175234788,-2.60836582814559,0.0209614705486798,0.185969144197129,-3.35778083242645
"Q92688",0.833632201626099,0.293590657350208,2.60438252455147,0.0211233399558257,0.186118450069367,-3.36474965980103
"Q9UQ03",-0.906055441087929,-0.118052880404139,-2.60311674239743,0.0211750302162387,0.186118450069367,-3.3669635016974
"Q6UW68",0.982255103201898,-0.224895244288602,2.6017965842708,0.021229071343636,0.186118450069367,-3.36927210851357
"O14874",-1.54367835486607,-0.144148444944822,-2.60122587553612,0.0212524747774716,0.186118450069367,-3.37027001982088
"O75914",-0.642266946599128,0.523486679567497,-2.60011524534863,0.021298090678041,0.186118450069367,-3.3722118238483
"P78310",-0.934210001947353,0.491909901843953,-2.59327665558944,0.0215810590065241,0.188026591943069,-3.38416285444096
"P27824",0.865977276674823,-0.743196981555867,2.58962488918987,0.0217336474000771,0.188790787863356,-3.39054078799022
"P06702",2.3311160792851,-1.48337448418737,2.58540577765274,0.0219112404685798,0.18976699334395,-3.39790625022143
"Q9NZ08",0.802799163747884,0.237670356244291,2.57216326394307,0.0224778023598656,0.193840714260461,-3.4210005685582
"Q8WWI5",0.656875147847977,0.534132867807393,2.57001114195336,0.0225712038379362,0.193840714260461,-3.42475034756614
"Q9Y512",0.799496487797693,-0.646469942160625,2.56977571426087,0.0225814440324042,0.193840714260461,-3.42516048973105
"P61966",-0.92713417746173,0.373943090023998,-2.56564048215787,0.0227620432834818,0.194747877854468,-3.43236265417449
"Q9H008",0.80204476241873,0.538990094484089,2.56429803947658,0.0228209712537366,0.194747877854468,-3.43469996199379
"P00352",0.916299433082463,-0.743770530934796,2.56207714367653,0.022918783147462,0.195010698710861,-3.43856590059027
"Q7L5N1",-0.651927008431979,0.197405134595188,-2.5602624533094,0.0229990051675713,0.195122755211757,-3.44172398133645
"Q9Y3B4",0.91499905286813,0.177711676354285,2.55560939104451,0.0232059424199657,0.195384723558136,-3.44981845806271
"P04196",1.11866621773109,0.839848665597772,2.5552344509946,0.0232226951971973,0.195384723558136,-3.4504705044469
"P35219",1.16989280302349,-2.2769094632208,2.55504172929148,0.0232313107735791,0.195384723558136,-3.45080564902463
"O75367",1.11330071549102,-1.53134141668612,2.55108031247935,0.0234090890850908,0.195969596372671,-3.45769282938324
"P20290",1.14234038127795,1.11182105245486,2.55049340322418,0.0234355393600307,0.195969596372671,-3.45871292388025
"P10909",0.767314471871139,-0.150745998637846,2.54664263630941,0.023609797893109,0.196608469856995,-3.46540402582268
"P62136",-0.698115781872788,0.45280796444109,-2.54160118827182,0.0238398262406602,0.196608469856995,-3.47415922432633
"O75663",-0.525503068196932,0.0586037135810814,-2.54138439075255,0.0238497664155631,0.196608469856995,-3.47453560088998
"Q96T37",0.698061669121139,0.0776588977930478,2.54120308155122,0.0238580825148689,0.196608469856995,-3.47485035926525
"P16104",1.04543365061594,-0.992695075763297,2.53993745281397,0.0239162108803262,0.196608469856995,-3.47704733084326
"Q9H9H5",0.695667190629751,-0.485517681124693,2.53877387649821,0.0239697724615153,0.196608469856995,-3.47906684475181
"O75153",-0.800521318194029,0.0829902912889967,-2.53743286997132,0.024031644769079,0.196608469856995,-3.48139394206948
"Q00796",0.915717045107874,0.779332936251484,2.53698279466787,0.0240524451096529,0.196608469856995,-3.48217488608731
"P00568",1.09984520078109,0.56220658775166,2.53086273171567,0.02433701136053,0.197974047781607,-3.49278965088207
"Q8TCD5",1.11736554411933,0.201852979358533,2.53046599118568,0.0243555701394554,0.197974047781607,-3.49347748167368
"Q9H254",0.984632312671628,-0.692779781453234,2.52323625900023,0.0246961583543771,0.200183344878099,-3.50600559813131
"O75431",0.600542799279513,-0.242635656026397,2.52023027950718,0.0248391127087675,0.200263102067441,-3.51121111863612
"P22748",-0.78865800885394,-0.503695436715553,-2.52013544418247,0.0248436356860296,0.200263102067441,-3.51137531417595
"Q01081",1.61341623996979,-2.56390668507305,2.51615296589074,0.0250342884643151,0.200839084646049,-3.51826865775456
"P00491",1.06507027362355,0.339043143655287,2.51576112351892,0.0250531229300742,0.200839084646049,-3.51894671216122
"P50213",-0.998783511330535,-0.0678180387173879,-2.51113612007446,0.0252764621876868,0.201047833647303,-3.52694732179989
"Q9Y243",-0.793521218047862,-0.186183181712246,-2.51097046893039,0.025284496798106,0.201047833647303,-3.52723378534903
"Q9P0P8",-1.38008807006178,0.708429930022811,-2.51051149562097,0.0253067712962771,0.201047833647303,-3.52802746376234
"Q9H0R4",0.784740114724494,0.0371980211459797,2.50820275293177,0.0254191035293555,0.201047833647303,-3.53201912541007
"P07203",0.691282349203432,0.116319566881699,2.50808991854212,0.0254246057670816,0.201047833647303,-3.53221417744759
"P04406",0.5211532318983,0.307754742437769,2.50362069719813,0.0256434648065305,0.201990811672853,-3.53993759503554
"P49802",-1.26467726552916,-0.751978502128005,-2.49980483926511,0.0258317596515008,0.201990811672853,-3.54652829144245
"P37837",0.786434342252575,0.00418097762200809,2.49909704879887,0.0258668315022568,0.201990811672853,-3.54775040896941
"P13693",-0.726193890787651,0.409938532448667,-2.4990652091052,0.0258684102708256,0.201990811672853,-3.54780538276233
"P48201",0.946390641885589,0.43652672620824,2.49480860788569,0.0260803085449005,0.201990811672853,-3.55515263840611
"Q9NYU2",-0.629700215485868,0.362314303863114,-2.49377892579483,0.0261318169995684,0.201990811672853,-3.55692932686641
"Q13336",1.10746492420394,1.02612025189546,2.49250245850243,0.0261958061181137,0.201990811672853,-3.55913149453357
"Q9NP79",-0.721110792851165,0.385553340132553,-2.49122833897901,0.0262598275066223,0.201990811672853,-3.56132923369484
"P35914",1.29514317608026,0.473153937732446,2.4902874013671,0.0263072036874984,0.201990811672853,-3.56295202175873
"O00625",0.966418626612015,0.172729879723512,2.49016409417478,0.0263134182765766,0.201990811672853,-3.56316466819934
"Q86V88",1.20132616672071,-0.545562265703268,2.48935485659661,0.0263542382128444,0.201990811672853,-3.56456013120269
"Q5VT25",-0.758135415193926,-0.184555569766751,-2.48705078972085,0.0264707940812986,0.201990811672853,-3.56853246434464
"Q2M2I8",-0.670824985579297,-0.0853422420897534,-2.48634777959608,0.026506455631951,0.201990811672853,-3.56974424332909
"O95630",1.77426698406757,0.593646661626071,2.48616702268985,0.0265156323226906,0.201990811672853,-3.57005579537836
"Q9NRN7",-0.598052407554837,-0.00301326102868717,-2.48416229445655,0.0266176131952898,0.202238262136536,-3.573510624127
"Q9GZS3",0.979417089629749,-0.578443902998961,2.4768121538147,0.0269947437425971,0.204569542424369,-3.58616930421584
"Q96LW7",1.67237495541802,0.444602615628086,2.47004659871013,0.0273464032033451,0.206696190446063,-3.59780983889243
"Q9UBP4",0.888797494769159,0.867016631583651,2.46784238089762,0.0274619189566439,0.207031565191279,-3.60159995760809
"P46926",0.596492880504473,0.16830153900927,2.46337363428003,0.0276975473463318,0.207965492188125,-3.60928030652442
"P63279",0.828782347794644,-0.177199320664204,2.46278493516119,0.02772873229175,0.207965492188125,-3.61029173253776
"P30042",-0.998189413535303,-0.595546953325441,-2.45904349162501,0.0279277137270465,0.208513204685273,-3.616717826792
"Q14203",-0.59512309864296,-0.13195026578387,-2.45792333880597,0.0279875523330183,0.208513204685273,-3.61864107624299
"P20020",-0.980981549997391,0.119458066644237,-2.45693635248941,0.0280403788836492,0.208513204685273,-3.62033543146654
"Q06323",0.547943601058498,0.700164670977997,2.45604112584194,0.0280883767136175,0.208513204685273,-3.62187205748085
"Q8N7J2",0.716183991602015,-0.114201904838749,2.44873201048838,0.0284832095304085,0.210708052488335,-3.63441055149326
"O43837",-0.921959423858405,-0.253417273901348,-2.44683769072078,0.0285864024692452,0.210708052488335,-3.63765803355332
"P08559",-0.749304878838768,0.0465099444721718,-2.44420369422782,0.0287304837209506,0.210708052488335,-3.64217208590933
"P06132",0.716138745345787,0.393403139669302,2.44412451133028,0.0287348258098483,0.210708052488335,-3.64230776017228
"Q16890",0.546376118441351,-0.0235489641616512,2.44341037847239,0.0287740145016837,0.210708052488335,-3.64353130563076
"P48681",1.26156462420511,0.313862622412588,2.44260103669658,0.0288184896530438,0.210708052488335,-3.64491782208448
"O94919",0.682760469790492,-0.370291788560492,2.44048166746477,0.0289352654087741,0.211031634936172,-3.6485478269809
"P53396",-0.598329196087926,-0.20714831587016,-2.43667233967491,0.0291462948779038,0.211773565947511,-3.65506953114192
"O94905",0.856018310256895,0.139213062013023,2.43602067428329,0.0291825429364096,0.211773565947511,-3.65618484117065
"Q99784",-1.02444578447793,0.381119248253365,-2.43123577587713,0.0294500193635013,0.212828896160792,-3.66437081017893
"P53597",-1.67238891956229,-0.763262870245372,-2.43073022594459,0.0294784160942892,0.212828896160792,-3.66523536395989
"Q8WZA9",-0.784067590368049,0.153780845516569,-2.42950439939733,0.029547379398268,0.212828896160792,-3.66733141263263
"O14745",0.595671875503867,0.737839807583652,2.42813812151329,0.0296244259092256,0.212856986162584,-3.66966717139758
"P10586",1.11500162269876,-0.677761945302957,2.42497552073465,0.029803506652093,0.213616266890617,-3.67507206583692
"Q96CU9",-1.14663321459832,-0.415606518611722,-2.41738157846745,0.0302377403017326,0.216045666548628,-3.68803970994514
"O00505",-0.841037303721263,-0.125298304139335,-2.4164584022209,0.0302909388150654,0.216045666548628,-3.68961514472159
"P18859",0.572114262676937,-0.545351576907332,2.4123532973179,0.0305285810313613,0.217208241567876,-3.69661799706031
"Q9NPH2",0.743942891886613,0.568995499777288,2.41015450499811,0.030656598291314,0.217587075677375,-3.70036709862038
"O14880",0.638597343621442,-1.12918065345351,2.40821661246562,0.0307698498883421,0.21785952110724,-3.70367030599723
"P49841",-0.855179189325316,-0.109534805799871,-2.40484695033524,0.0309677255808008,0.218141889555327,-3.70941168611882
"Q7L1I2",-0.850304571235,-0.405262556579421,-2.40442167353025,0.0309927850412427,0.218141889555327,-3.71013608087527
"P11216",0.523658560038693,-0.0576146416942216,2.40371244574159,0.0310346193387991,0.218141889555327,-3.71134403793044
"P61764",-1.0953960257184,-1.21223584787716,-2.3966995079326,0.0314511900589322,0.220173051157254,-3.72328136568091
"P62308",0.586335987239386,-0.528154374320448,2.39596698292108,0.0314950083219639,0.220173051157254,-3.72452751216205
"Q9GZT9",-0.880721584397247,0.44440139258544,-2.39460913191082,0.0315763862757276,0.220173051157254,-3.72683706634255
"P09622",-0.731498364733801,0.0205809716881734,-2.39377906319331,0.0316262320906295,0.220173051157254,-3.72824868074725
"O95834",0.810878281348367,-0.0749464510304186,2.38951739120279,0.0318833288176464,0.221433142862413,-3.73549319579265
"P26992",0.513225283367559,-0.135781689944668,2.38696814916938,0.0320380686565429,0.221978047120333,-3.73982439794929
"P14618",0.547168005715789,0.303058897216081,2.38486406854465,0.0321663253830129,0.222302511495374,-3.7433979543788
"O95196",-1.14468828839576,0.0763025066390648,-2.38369687258921,0.0322376837976109,0.222302511495374,-3.74537980023382
"Q04609",-0.664749013351028,0.318854187577105,-2.37833105993157,0.0325676740955291,0.224047119664278,-3.75448598991151
"P61224",0.504821997318816,0.418689871688993,2.37223810571435,0.032946278426194,0.225640904101178,-3.76481674893908
"Q86YM7",-1.3364335048423,0.125618933772675,-2.37158149565347,0.0329873278253299,0.225640904101178,-3.76592944544261
"Q8TDJ6",-0.606721880775203,-0.20806573761727,-2.36997945115708,0.0330876872685182,0.225640904101178,-3.76864378877513
"P11177",-0.881900364036133,0.0149945823895593,-2.3693260493194,0.0331287026503816,0.225640904101178,-3.76975064592434
"Q53GQ0",0.539565789455588,-0.423866856097268,2.36839790847404,0.0331870470636784,0.225640904101178,-3.77132270782618
"O94760",0.709248863969445,0.438922435481769,2.36220442107967,0.0335788870217502,0.227772870007676,-3.78180703006151
"Q9P2R3",1.05671664447621,-0.35379160160472,2.36004482034984,0.0337165479704671,0.228074705683073,-3.78546031252193
"Q93100",1.77219325687016,1.53522017802585,2.35905007635377,0.0337801368211012,0.228074705683073,-3.78714263446468
"P62070",0.548837333745166,0.535194041674,2.35037219083028,0.0343397202700993,0.231316171263864,-3.80180710496613
"P41222",0.544911910370992,0.00316650570624882,2.34644901931907,0.034595579544824,0.23250146992018,-3.80842983375204
"Q01814",-0.771724031567173,-1.44649256302148,-2.34161618099878,0.0349132517801496,0.233239147368505,-3.8165822205813
"O75131",0.54692384866416,0.958207189598354,2.34087650925974,0.0349621153654839,0.233239147368505,-3.81782937084996
"Q9H9S4",0.688495839740696,0.901266123158851,2.34037322064149,0.0349954002752011,0.233239147368505,-3.81867787020872
"P50897",0.644342353994251,-0.375471333184595,2.33991172594626,0.0350259475601501,0.233239147368505,-3.81945584566291
"Q5GJ75",-1.56975586681841,1.42111072430703,-2.33507483818552,0.0353476359698182,0.234339460228013,-3.82760610109691
"P60033",0.739748800323129,0.151476319579277,2.33435011494929,0.035396075962344,0.234339460228013,-3.8288267006224
"Q8WW12",1.27908037317536,-0.721566917634848,2.33280357622141,0.0354996559999897,0.234339460228013,-3.83143092350953
"Q9Y5R8",-0.668402238943132,0.067221982738519,-2.33102830242183,0.0356189097806194,0.234339460228013,-3.83441947064832
"Q9P0M6",1.14429093247284,-2.4398959500327,2.33026250367913,0.0356704693189963,0.234339460228013,-3.83570835949179
"Q9UJU6",-0.599080414800453,0.538074879364,-2.33020479336567,0.0356743576910687,0.234339460228013,-3.83580548286661
"P54578",-0.72107307991185,0.346142231391968,-2.32715644007112,0.0358803196696081,0.23516155459135,-3.8409343382527
"Q10713",-0.853831578197348,-0.00599213536343414,-2.32477098849376,0.0360422777784133,0.235692198506029,-3.84494599483425
"Q5JVS0",-0.928080815128198,0.24934046351466,-2.31987588714667,0.036376796834648,0.235988267250047,-3.85317302118501
"P61981",-0.881125251646195,-0.74028380739792,-2.31939378250696,0.036409901204767,0.235988267250047,-3.8539829016566
"P17612",-0.765124397448674,0.454136655054696,-2.3186771270326,0.0364591640359008,0.235988267250047,-3.85518667570458
"Q03252",0.740527730511178,-0.971128567032746,2.31819356712154,0.0364924395399741,0.235988267250047,-3.85599883214066
"O75531",0.918029400964478,-0.348124155507856,2.3181849755329,0.0364930310180484,0.235988267250047,-3.85601326141037
"O14576",-0.562174150806065,0.0623332427457982,-2.31611510273766,0.0366357937618857,0.23638616374077,-3.85948891278731
"Q86X76",-0.640627495204677,-0.0354888160948842,-2.31357479480147,0.0368117256401949,0.236995844276476,-3.86375279124486
"Q14194",-0.635956936268126,0.557345499654569,-2.30273737265999,0.0375713002779418,0.240441791822046,-3.88192198787066
"Q02218",-0.724392876786557,-0.438710665812738,-2.30260064812169,0.0375809770336654,0.240441791822046,-3.88215098824533
"P01019",0.958178316309517,0.533656693233748,2.30101799947633,0.0376931614705903,0.240441791822046,-3.88480136777673
"Q9UNN5",-1.41412433934725,0.0145667270814743,-2.30095743736639,0.037697460635349,0.240441791822046,-3.88490277321911
"P04181",-0.962165753707102,0.105696059901201,-2.30007574151297,0.0377601027019501,0.240441791822046,-3.88637896482608
"P49354",0.744770062131273,0.467205288579406,2.29870252249738,0.0378578620844532,0.240537944685063,-3.8886776352137
"Q15031",-0.896221651707341,0.0867862590714665,-2.29611597096457,0.0380426483257111,0.241185417489803,-3.89300581053504
"Q5MNZ6",0.672551208706805,0.638706905928015,2.29269009494418,0.0382887087704081,0.241542217885503,-3.89873537988635
"P31689",0.595967827114702,-0.166120516142657,2.29201186726595,0.0383375997708846,0.241542217885503,-3.89986925717592
"Q9UNF1",0.784575334698305,-0.197165573194128,2.29186853328695,0.0383479397467706,0.241542217885503,-3.90010886867574
"P09936",-0.902790373923064,0.393903007270237,-2.29058810452167,0.0384404255624159,0.24160181077026,-3.9022490882573
"O00468",1.01908218559778,-0.0162645743181631,2.28855379044165,0.0385877980128392,0.242005371158108,-3.90564840233355
"Q9UQB8",-0.880621691795472,0.372053453612958,-2.28457799469834,0.0388773589308472,0.243297020405947,-3.91228830260007
"P63218",0.609524068843915,-0.116750392138287,2.27997375454002,0.0392152521667403,0.244884943788014,-3.9199717693844
"Q9Y2X7",-1.16993633994765,-0.234957990213493,-2.27817107666425,0.0393482991832862,0.245034844409781,-3.92297828601258
"P31942",0.788891306107701,-1.31705511178732,2.27611909451822,0.0395002642510633,0.245034844409781,-3.9263993863227
"P00751",1.27927437185878,0.153092609040745,2.27475019231385,0.0396019495692607,0.245034844409781,-3.9286809275845
"Q99598",0.611693236677054,0.296265411277343,2.27383187041828,0.0396703029801422,0.245034844409781,-3.9302111674729
"Q9UDR5",0.864094400779679,0.693763244328534,2.27325725581708,0.0397131298007088,0.245034844409781,-3.93116854129761
"Q12797",0.903776427114072,-1.49049101921646,2.27207059619776,0.0398017111715618,0.245034844409781,-3.93314533139766
"P21266",1.04009732916519,0.158344566876559,2.27170970504231,0.0398286877683252,0.245034844409781,-3.93374643402733
"Q8ND76",-0.726483089418076,0.621340472607745,-2.26802200942078,0.0401053323582139,0.24570290044266,-3.9398863846179
"Q8WW59",-1.16170007457197,0.137971890055618,-2.26801123155076,0.0401061435430459,0.24570290044266,-3.93990432344085
"O75689",-0.711750745047462,-0.152370031198883,-2.26503030012586,0.0403310945461038,0.24656194354866,-3.94486444442684
"P68400",-0.473591973045168,0.257327995369558,-2.26371839553121,0.0404304714388422,0.246651303746396,-3.94704651590769
"Q9NRF8",0.675492136043,-0.0203790192473058,2.25875392787702,0.0408086218332722,0.248437425805067,-3.9552989984869
"P12081",-0.69741447970869,0.376216308047269,-2.25192619735886,0.0413341410593715,0.250731312492513,-3.96663622396794
"Q9Y4G8",-0.924742492003472,-0.389963128226571,-2.24959438444872,0.0415150710207554,0.250731312492513,-3.97050476944502
"Q8WXF1",-0.513078404233493,-0.534323751778872,-2.24951875390124,0.0415209517999818,0.250731312492513,-3.97063021402827
"P31946",-0.864191411199523,0.12394084186598,-2.24903315638697,0.0415587289157473,0.250731312492513,-3.97143560718992
"P08247",-0.856174699603368,-0.0097077909568395,-2.24750787476169,0.0416775987480728,0.250731312492513,-3.97396489569375
"Q9BUP0",1.69881219393613,-0.995120457236906,2.24719027930812,0.0417023901190296,0.250731312492513,-3.97449145382407
"Q9Y2V2",0.980734484743766,0.196800585654811,2.24495331218697,0.0418774001027165,0.250800404139661,-3.97819933420925
"P02795",1.10367364674406,0.571106253902306,2.24484038791954,0.0418862530625,0.250800404139661,-3.97838646955803
"Q96DH6",0.66769857607006,-0.37294878520586,2.24307178715871,0.0420251364234363,0.251115291565091,-3.98131682363467
"Q92796",-0.623417940511708,0.609369844695993,-2.23923716061575,0.0423277473252545,0.252405214582972,-3.98766691139253
"Q8N8S7",0.503004337064194,0.827984557229825,2.23757171803587,0.0424598131575586,0.252674961735165,-3.99042340016026
"P01860",1.65854743858524,0.143234348334784,2.23594002734636,0.0425895779561677,0.252929942556016,-3.99312316561998
"Q96FQ6",1.00107244230174,0.949375594127612,2.23372636698559,0.0427662212225579,0.253461718447339,-3.99678448345961
"Q96EM0",0.740328194818482,-0.35161960876772,2.22984830582055,0.0430773383524316,0.254786696352797,-4.00319486643517
"O95292",-0.473466811439156,-0.580578099125348,-2.22775613813205,0.0432460636308236,0.255265811695125,-4.00665117809678
"Q9NWH9",-0.807459320382613,0.434348212657499,-2.22282807959794,0.0436459473176914,0.256771638404569,-4.01478685070263
"P42785",0.792943493618081,-0.317338650746714,2.22243920125321,0.0436776498317051,0.256771638404569,-4.01542850971459
"P21695",0.602453576304775,0.984201528483935,2.21663318522851,0.0441535499025136,0.259046028661925,-4.02500271994055
"P42704",-1.2512371417933,-0.762193412070225,-2.21129731671099,0.0445951974667277,0.259921741289489,-4.0337919192139
"Q13825",-0.664103564250701,0.0969468330878991,-2.21006910235994,0.0446974408703313,0.259921741289489,-4.0358136983389
"O95336",0.574310079201557,0.520719393214888,2.21001802636262,0.0447016974751017,0.259921741289489,-4.03589776441222
"O75891",0.654543721072407,-0.00433698658717834,2.20990915827117,0.0447107716629662,0.259921741289489,-4.03607694772286
"P02750",1.00269754516913,0.0193035399427474,2.2087676925055,0.0448060171626904,0.259921741289489,-4.03795542264534
"Q5SSJ5",0.768350257293056,-0.531039674707979,2.20837613098094,0.0448387333770871,0.259921741289489,-4.03859970424432
"P52597",0.894005567595323,-0.391135087365657,2.20583932053609,0.045051234826502,0.260300011761695,-4.04277258452979
"Q6IBS0",-0.899271570563431,0.245963331674436,-2.20546240177495,0.0450828886350152,0.260300011761695,-4.04339240840594
"Q13162",0.767593587292626,-0.15696156150079,2.20162658165825,0.0454062094426052,0.261254574211326,-4.04969753938252
"Q9GZT4",1.09229159879868,0.753547606116676,2.20123787752667,0.0454390941602302,0.261254574211326,-4.05033619900769
"P51608",0.77529842213179,-0.985783589830329,2.19939509761228,0.0455952986716339,0.261254574211326,-4.05336329016711
"Q3MIX3",-0.801896070792822,-0.454779143483809,-2.19925343329093,0.0456073277317366,0.261254574211326,-4.05359595193568
"Q92561",-0.909309382991915,-0.777963728401799,-2.19686287405181,0.0458107644801183,0.261582893196805,-4.05752106530066
"Q9BYN0",1.05451687083898,-0.176120622299625,2.19545370454938,0.0459310824796559,0.261582893196805,-4.05983391709431
"P32456",1.83341636371172,1.62188038741653,2.1954158856792,0.0459343156094734,0.261582893196805,-4.05989597955458
"Q96FW1",-0.760097552179364,-0.0615373631916477,-2.19184273549963,0.0462407460749195,0.26281361538675,-4.06575751414199
"Q96EQ0",-0.844487546632499,-0.638442960680341,-2.18917193568136,0.0464710395211051,0.263244761262794,-4.0701359935263
"Q9H3Z4",-0.66734668380776,-0.392157424044752,-2.18886552984295,0.0464975282780331,0.263244761262794,-4.07063815805297
"O75368",0.795283384318712,0.760816458415591,2.18747064950249,0.0466182941102953,0.263415991963028,-4.07292380853973
"Q8WUX9",-0.844910971856398,-0.22712045281847,-2.17963713160714,0.0473019693143882,0.26676110601719,-4.08574756023755
"P28070",0.500779697907262,0.190400007868242,2.17651512082924,0.0475770469032465,0.267793436147867,-4.09085258360182
"P30740",1.05398019932192,0.0608597433273735,2.17113968788152,0.048054175313517,0.26995685359524,-4.09963451918697
"P61266",-0.682597861556989,-1.06327866715361,-2.16924516037607,0.0482233973735164,0.270385522845728,-4.10272727405932
"Q9Y639",-0.599284974673838,-0.16263761697178,-2.16224381895718,0.0488536049607311,0.272991037090003,-4.11414598017105
"O75369",0.764337663964184,0.753875467205486,2.16180833797003,0.0488930563564602,0.272991037090003,-4.11485565847021
"P11766",0.809248802133353,0.716138092413181,2.15807261008698,0.0492327087159991,0.272991037090003,-4.12094084805781
"Q06136",0.721509476651006,0.372919007934015,2.15805282641265,0.0492345132897043,0.272991037090003,-4.12097306106959
"O60763",-0.646833527651785,-0.106233603353114,-2.15689125228797,0.0493405747832311,0.272991037090003,-4.12286416894437
"P51610",0.646487703760263,-0.0938227230026093,2.15619567642312,0.0494041886343394,0.272991037090003,-4.12399637986383
"P27695",0.470871465256239,-0.120835721279221,2.15588140706118,0.0494329551877097,0.272991037090003,-4.12450787060683
"Q13148",0.822424319618143,-1.41474460211506,2.15537948354521,0.0494789309904393,0.272991037090003,-4.12532470720084
"Q8TAT6",-0.680409560189752,-0.0624470246436418,-2.15393239477427,0.0496117063811395,0.272991037090003,-4.12767922385884
"O00233",0.52148165196936,0.364066542584971,2.15209938974563,0.0497803676040377,0.272991037090003,-4.13066059999935
"P21283",-0.526219976679514,0.236527111891749,-2.15158952703376,0.049827376746693,0.272991037090003,-4.13148968023309
"Q9Y6R0",-0.632614915477652,0.483166143009806,-2.15026338497956,0.0499498402831718,0.272991037090003,-4.13364567238641
"P29218",0.49114088690941,0.475389092633433,2.14996131541481,0.0499777742941742,0.272991037090003,-4.1341366792903
"Q92945",0.558288695850065,-0.377219395746287,2.14970540479343,0.0500014511233579,0.272991037090003,-4.13455263079868
"P38919",-0.484259401231725,-0.502810322138389,-2.14495568846423,0.0504427952920869,0.274884895692833,-4.14226852357788
"Q9Y4D2",1.53380540580076,1.43227855845234,2.14162633673833,0.0507543184334473,0.275366459813941,-4.14767228399449
"P30711",0.987827513496628,-0.15976756368666,2.14135631461147,0.0507796624054497,0.275366459813941,-4.14811037558565
"Q92783",-0.673219531824779,0.165908976692106,-2.13992334599521,0.0509143564406247,0.275366459813941,-4.15043483112478
"Q9Y5J7",-0.485732691633788,0.170471217271059,-2.13902264589657,0.0509991891879096,0.275366459813941,-4.15189550631686
"Q9H4M3",-1.04789836223888,-0.147710109616535,-2.13865571717137,0.0510337861845759,0.275366459813941,-4.15249047584773
"Q9HB07",0.741549216617433,-0.103512503594442,2.13748601123775,0.0511442213032144,0.275366459813941,-4.15438681660451
"P46940",0.716318699643503,0.295507213810056,2.13680656012036,0.0512084721721147,0.275366459813941,-4.15548812659177
"Q96F85",-0.549356387258386,0.351317900967832,-2.1359646902514,0.0512881859859643,0.275366459813941,-4.15685246962651
"P09038",1.71387557934657,-0.0570388995843313,2.13345080342171,0.0515269048611986,0.275724756980011,-4.16092499308506
"Q96QK1",-0.665250834137772,-0.198865530586852,-2.13326676259042,0.051544421923411,0.275724756980011,-4.16122305234907
"P20810",0.555647571506155,0.278897560138535,2.12966531097548,0.0518883255337291,0.276819275364884,-4.16705325899235
"Q9HD33",-1.14386054937208,0.012917677620071,-2.12913352053046,0.0519392867179472,0.276819275364884,-4.16791375271253
"P53365",-1.81562750886279,1.01282587268417,-2.12675775284193,0.0521675238837331,0.277301388824173,-4.17175675509246
"P42167",1.15660406688338,-2.03946024989495,2.12620945652309,0.0522203302665453,0.277301388824173,-4.17264338117913
"P35475",0.771687281376438,-0.41069405071085,2.12476831991067,0.0523593629757562,0.277533235445265,-4.17497326291817
"P61970",0.450871652591251,0.589341269102002,2.12209144779584,0.0526185255377362,0.27797175739029,-4.17929896208815
"P02774",0.851997011408248,0.136227636307373,2.12194085780876,0.0526331403168555,0.27797175739029,-4.17954223131887
"Q02880",0.614093925878197,-0.337233236229898,2.11710586828156,0.0531043851389439,0.27995246513465,-4.18734849539502
"Q5T013",0.696688607775541,0.366237444604878,2.11466311449588,0.0533439560677796,0.28070689359356,-4.19128917342754
"Q8NB37",-1.19220022394338,0.375446493506068,-2.11259563818784,0.0535475053399122,0.281167562693745,-4.19462274696262
"O00560",-0.658134214986181,0.255189732370915,-2.11157089466524,0.0536486613470862,0.281167562693745,-4.19627445120844
"Q8NBU5",0.803086495282207,-1.48463159486168,2.11083551479776,0.0537213624940626,0.281167562693745,-4.19745951562062
"Q99613",-0.556771309559296,0.0304391001501816,-2.10871871858173,0.0539311437571047,0.281635010818413,-4.20086962459099
"Q9UHY1",-0.889334916042967,-0.469255195421842,-2.10798294356037,0.0540042391878607,0.281635010818413,-4.20205455540509
"Q5T0D9",-0.689166105690496,0.236177320105221,-2.10636762037289,0.054165035548679,0.281968253035162,-4.2046552583295
"Q99873",-0.683210303001308,-0.00594833501150318,-2.10308111172107,0.0544935603426288,0.282346662888595,-4.20994363467165
"Q04837",-0.544126024383062,0.263978247908959,-2.10276130043981,0.0545256276269848,0.282346662888595,-4.21045803545251
"P38646",-0.497319936265966,0.0387568275569023,-2.10203132660923,0.0545988871973184,0.282346662888595,-4.21163202091588
"P36776",-1.21027574707399,-0.869457330741104,-2.10138620035112,0.0546637074629906,0.282346662888595,-4.21266938556648
"O15083",-1.00773395901995,0.32562145092566,-2.10079811693272,0.0547228583742844,0.282346662888595,-4.21361489092812
"Q86WA6",-1.09622862793634,-0.296339002632156,-2.09911935131686,0.0548920393336443,0.282718291081247,-4.21631326181444
"Q05329",-0.629802291337025,-0.732099145619027,-2.0940797046181,0.0554028349611979,0.284844964199798,-4.22440746889822
"P04424",0.65707018812616,0.0113244987040067,2.09140164889047,0.0556760581534815,0.285744848724217,-4.22870485847982
"Q13740",0.668002358360581,0.32738340446134,2.08805684610126,0.0560190566484987,0.286729946364351,-4.23406838696927
"Q9Y6X5",0.682916590118126,-0.5749938916977,2.08760963001238,0.0560650651138543,0.286729946364351,-4.2347851983742
"Q96J84",-1.05423613257522,0.090271804863829,-2.08664921096101,0.0561639888083592,0.286731942863728,-4.23632433306311
"Q9NRY5",0.714751060623416,-0.942263054596958,2.08488541358183,0.0563460816660568,0.287097289858706,-4.23915003109383
"O15260",0.855858762005942,-1.10588210855585,2.08207808076444,0.0566370348967477,0.287097289858706,-4.2436451120186
"Q9NZ45",0.492761829512449,-1.02267777538541,2.08101725794479,0.0567473403114137,0.287097289858706,-4.24534291951866
"Q96CW1",-0.599646744581003,-0.0837973702021018,-2.07986231449453,0.0568676583293772,0.287097289858706,-4.24719087988484
"Q9UKG1",-0.461050937462964,-0.0303300969473295,-2.07936716582485,0.0569193134072961,0.287097289858706,-4.24798298498088
"Q96SW2",-0.586079036953978,0.312307837519433,-2.07810031361965,0.057051671951878,0.287097289858706,-4.2500091860805
"Q9BX68",-0.720555306126526,-0.0654146399271573,-2.07775878455794,0.057087402981182,0.287097289858706,-4.25055532293876
"P61601",-0.667716599842306,0.344178745211142,-2.07665128887524,0.0572034123606048,0.287097289858706,-4.2523260075445
"Q15814",-0.652967181721013,-0.0957122965165235,-2.07647910729523,0.05722146781648,0.287097289858706,-4.25260125282654
"P67775",-0.400235962913182,0.180078613892634,-2.07642344840714,0.0572273054940373,0.287097289858706,-4.25269022536222
"P06744",-0.667149297407664,-0.158078300630985,-2.0743218429509,0.0574481315768865,0.287097289858706,-4.25604884827664
"O00410",-0.652453447759825,-0.0661780621346712,-2.07406543303932,0.0574751276623796,0.287097289858706,-4.25645850773765
"Q9H6K5",0.724975153875496,0.281992120080835,2.07261462719784,0.0576280964841407,0.287097289858706,-4.25877595094896
"Q9Y6E0",-0.553383739252769,-0.312722626087159,-2.07216548454103,0.0576755289915695,0.287097289858706,-4.25949322589947
"Q9P035",0.686691133005963,-0.644170086929193,2.07178787936806,0.0577154345592244,0.287097289858706,-4.26009619689051
"Q9H267",0.866620310193838,-0.684249764813533,2.06978008925145,0.0579280478231504,0.287663172637146,-4.26330138071362
"A6NC98",-0.618559842093236,0.635287894071601,-2.06600109225956,0.0583301846184367,0.288374283158471,-4.26932989021314
"Q9P2E9",0.585956947319377,0.405604165505526,2.06531252041885,0.0584037350527155,0.288374283158471,-4.2704277565243
"P09668",0.833813409040589,0.772827974667506,2.06500799405962,0.0584362906102108,0.288374283158471,-4.2709132385466
"Q8TAC9",-0.873852741434366,-0.133361802674905,-2.06471491536164,0.0584676381661505,0.288374283158471,-4.2713804368368
"P22033",-1.07918320176944,0.223434195092114,-2.06285921616911,0.0586664833782506,0.28846864359915,-4.27433785012973
"O00479",1.17940094415853,0.462969669431823,2.06268642903283,0.0586850299005831,0.28846864359915,-4.27461315220862
"Q14141",-0.964530031191263,-0.870487445815399,-2.05971163232537,0.0590051864008379,0.289553275592645,-4.27935109721007
"Q9P0L2",-1.15227400186134,-0.207836173745021,-2.05821107039646,0.0591672920146879,0.289859965930542,-4.28173973917114
"Q96AC1",0.825529424033411,0.224731490117058,2.05527485774226,0.059485679686912,0.290929962838511,-4.28641117491193
"O95782",-0.593721604548796,-0.0162100279026291,-2.05365852684558,0.0596616196526091,0.291300861055524,-4.28898128756759
"P30101",-0.710894039733714,-0.10870087501859,-2.04859125314568,0.0602163134671377,0.293516703834792,-4.29703212544695
"P49407",0.501393378892406,0.119424431890777,2.04627537879515,0.0604714015256026,0.294267188025925,-4.3007082300747
"Q15111",0.695961434168962,0.136587229957614,2.04414105718997,0.0607073729252709,0.294922295847309,-4.30409428828931
"P02792",1.01680682247206,-0.567776033605781,2.0408385578727,0.0610741699367948,0.296003847981272,-4.30933011457392
"Q9ULU8",-0.682180841949471,0.0721697199825887,-2.04006210101022,0.0611607039729495,0.296003847981272,-4.3105604970181
"O43488",0.528026723465432,0.881911239402107,2.03939482444222,0.0612351603040296,0.296003847981272,-4.31161768144682
"P49006",0.755739888128017,0.272054923901017,2.03810710354998,0.0613790831864728,0.296207515875018,-4.31365735661507
"Q13491",0.462448265525768,0.914188907232808,2.0360144218847,0.0616136370554213,0.29676048780621,-4.31697064708136
"Q96A23",-1.06153553035722,1.11078123586296,-2.03526684656704,0.0616976271899508,0.29676048780621,-4.31815384482285
"Q14697",-0.57387112101725,-0.0109969026272191,-2.02806277224147,0.0625124189243288,0.300183397804945,-4.32954447662583
"Q8TEH3",-1.04853709413044,-0.053628348550444,-2.02420808993408,0.0629524402320813,0.301798354325134,-4.33563077628704
"Q8WVY7",-0.806999391579835,-0.181601337277195,-2.01708640921069,0.0637728893244856,0.304845273857467,-4.34685981196519
"P54652",0.746359784310294,0.541178184259327,2.01687394667521,0.0637975160753255,0.304845273857467,-4.34719449699331
"Q96Q06",1.12717433792607,-0.243429585081335,2.01380415351065,0.0641543144377572,0.305973846477933,-4.3520282069855
"O14818",0.422698647572546,0.262359341678744,2.01303504658493,0.0642439931951948,0.305973846477933,-4.35323865022834
"Q6EEV4",0.589969588309486,0.0613476623069274,2.01130656928294,0.0644459554728978,0.306176236683563,-4.35595810603689
"Q8NCW5",0.477101927699175,0.420170165804994,2.0106125160223,0.0645272152161463,0.306176236683563,-4.35704973675355
"Q96S90",-0.714059025870771,-0.322569113052092,-2.00997333367957,0.0646021337882157,0.306176236683563,-4.35805489195008
"Q96D71",-0.564873534219406,0.168666480556881,-2.00884228924455,0.0647348990265119,0.306306595393739,-4.35983312581375
"O94819",0.391344135185198,0.460493999043933,2.00609629988922,0.0650582728576814,0.307336970804956,-4.36414822244648
"P02675",1.68046965488957,-0.38282282662302,2.00304870976348,0.065418897095117,0.308515967496936,-4.36893366647702
"P07195",0.495531561331053,0.151319862293796,2.00093711451376,0.0656698375024916,0.308515967496936,-4.37224715232699
"Q9NZ52",-1.06838730055244,0.0238468073592212,-2.00082408101495,0.0656832951545158,0.308515967496936,-4.37242447152599
"O95674",0.959625657281381,-0.425605861074977,2.00029337545944,0.0657465141963644,0.308515967496936,-4.3732569361111
"Q9H098",0.686708576519685,0.187057345129529,1.99889959725127,0.065912810228254,0.308515967496936,-4.37544266716965
"Q9UKK9",0.685121791724159,0.533965122267366,1.99863885612046,0.0659439628120598,0.308515967496936,-4.37585147455506
"Q6P1X6",3.19369776120539,-1.56579732796575,1.99708953491307,0.0661293494350879,0.308886688372561,-4.3782800289555
"Q96HS1",-0.439655977801034,0.151932386961659,-1.98909493325224,0.0670935625257514,0.312888248317206,-4.39079583925287
"P50570",0.716752352109615,-0.906465669129323,1.98257697764786,0.0678891792892286,0.316092018770648,-4.40098035611449
"Q53EL6",1.35287772291705,0.627437511104007,1.98030178812392,0.068168925732735,0.316887498214471,-4.4045312554523
"O00154",-0.440833873081551,0.289933831431049,-1.97908565553881,0.068318887236625,0.317078089088642,-4.40642839423055
"Q99747",-0.528121093729104,0.462936326736148,-1.97772065735136,0.0684875643559462,0.317102460432512,-4.40855702421122
"O60641",-0.624558431500451,-0.0295471658535554,-1.97720631798138,0.0685512215152269,0.317102460432512,-4.40935890250569
"P21579",-0.726469824790024,-0.116240304776452,-1.97569911052138,0.0687380722519537,0.317102460432512,-4.41170806943636
"Q9H4A3",0.815365074365647,-0.289071575968957,1.97552233317262,0.0687600180525482,0.317102460432512,-4.4119835361957
"Q13363",-0.552891321461372,-0.0199880450393028,-1.97417932332332,0.0689269533889022,0.317369358167255,-4.41407587976617
"P29401",0.542798906518006,0.0962662765345625,1.97142255730497,0.0692707777603689,0.318057853540975,-4.41836841428057
"P02679",1.46807043472922,-0.442077145539593,1.9712281862322,0.0692950787439787,0.318057853540975,-4.41867094711077
"Q9H244",-0.611934130133227,0.304249285504846,-1.96728614322295,0.0697896094715928,0.319823249704464,-4.42480318648244
"Q15057",0.894371937616131,0.43411117661201,1.96149949872311,0.0705213797293988,0.322358716805123,-4.43379299365637
"P19022",0.457982761324396,0.218081044999625,1.96039786997962,0.0706614802155709,0.322358716805123,-4.43550281393945
"O60936",0.569771364101943,-0.0235663842885934,1.95948957497534,0.0707771841104523,0.322358716805123,-4.43691217611538
"Q9C005",0.483214061367525,-0.368569349011266,1.95942053197188,0.0707859862675168,0.322358716805123,-4.43701929281798
"Q03154",0.721890978002661,0.343828059145869,1.95652442814049,0.0711561046635938,0.323534133410501,-4.44151062230293
"Q8N766",0.526214982630154,-0.0604602806142981,1.95566362668727,0.0712664534419694,0.323534133410501,-4.44284487929375
"Q4VC31",-0.564056050973599,0.293770888034471,-1.94960581343629,0.0720474417765977,0.326149907880886,-4.45222563361688
"P23142",1.01964065104812,0.499605911276671,1.94945641286427,0.072066800951,0.326149907880886,-4.452456787401
"Q969R2",-0.809010837637585,-0.702406095195747,-1.94597387897478,0.0725194077291016,0.327609354083388,-4.45784227423776
"O14594",-0.690323272281627,0.64526385383359,-1.94524514236579,0.0726144444617818,0.327609354083388,-4.45896855234055
"P43034",-0.553780743063205,-0.0285079745023721,-1.94412841432737,0.0727603001943178,0.32773891781183,-4.46069403535344
"P63096",-0.480661493081774,-0.040843675306667,-1.94330197938322,0.0728684123107403,0.32773891781183,-4.46197063320306
"Q15334",0.721028233851173,0.0611023723896474,1.94214196847887,0.0730204084621164,0.327915723186356,-4.46376200983242
"Q92743",0.928569069683374,-0.54493176366603,1.94085513130489,0.073189359941084,0.328168008364491,-4.46574856064617
"P04899",0.504204898587778,0.189952985603502,1.93942577412526,0.0733774397696463,0.328505153430263,-4.46795428614784
"Q8N8N7",0.639781731337326,0.837548909507643,1.93839982211184,0.0735127088919845,0.328605196429608,-4.46953694758501
"P07951",0.799388656783873,0.932198604702712,1.93698403358836,0.0736997491703607,0.328935997064033,-4.47172023159925
"Q12905",0.483210024823397,-0.491610985176564,1.93612283290937,0.0738137341189468,0.328940224021646,-4.4730478613037
"Q9H9A6",-0.598861706176124,-0.04361962235983,-1.93498352503008,0.0739647743232675,0.329109316942979,-4.47480372658402
"Q15172",-0.996263010114455,0.259976391200512,-1.93231936953282,0.0743190630514748,0.329691213553122,-4.47890743331109
"Q99497",0.486216905752226,0.301197614294296,1.93229625987654,0.0743221429865457,0.329691213553122,-4.47894301651912
"P62820",-0.474585303945381,-0.0646691361466441,-1.93038216073872,0.0745776469710759,0.329855883185106,-4.48188945103169
"Q99627",-0.512818312467124,0.101533375303118,-1.93031991328649,0.0745859694624741,0.329855883185106,-4.48198524368008
"P58549",-0.842111201749617,-0.406565206297379,-1.92901676566161,0.0747603941790765,0.330125564584389,-4.48399026958744
"Q9UBQ7",0.505979475098609,0.245993863904878,1.92769048701782,0.0749382951118247,0.330409755720318,-4.486030122092
"P53680",-0.52480174089862,-0.118108421620917,-1.92650494019745,0.075097644093486,0.330611413482669,-4.48785287308244
"Q15067",0.647423905020434,0.0369244865102215,1.92219902450153,0.0756789906987798,0.332375357091655,-4.49446793035575
"Q99536",0.527191463748313,0.754728549998507,1.92158969450298,0.0757615859540499,0.332375357091655,-4.4954033684248
"P36871",0.456966024967943,0.231017847420674,1.92026594330405,0.0759413034746513,0.332375357091655,-4.49743501598404
"Q7Z3D6",-0.906100132644349,-0.0941273208939347,-1.91896677141687,0.0761180598116809,0.332375357091655,-4.49942818870957
"Q9UQ80",-0.363497920252467,0.139959852670737,-1.91871789854345,0.0761519622742235,0.332375357091655,-4.49980992123465
"Q15120",-0.821001893825265,0.909955965628682,-1.91773381355786,0.0762861524114416,0.332375357091655,-4.50131908754545
"O75351",0.586505413173426,-0.660327088114749,1.91681752640488,0.0764112902867374,0.332375357091655,-4.50272389610188
"P07384",0.421525658099101,0.40079401079435,1.91597104381988,0.0765270602164411,0.332375357091655,-4.50402135352845
"Q9UHB9",-0.777498056489766,0.635600934935971,-1.91584879437937,0.0765437928984764,0.332375357091655,-4.5042087067737
"Q8N5H3",0.86271989321214,-0.784815735819039,1.91514269962343,0.0766405033018903,0.332375357091655,-4.50529070200819
"P42126",0.630137866823266,-0.451535973631993,1.9133819681973,0.0768821446990924,0.332897176827299,-4.50798782361424
"P35612",-0.537938737148342,0.0784440337813951,-1.91260044029382,0.0769896219947671,0.332897176827299,-4.50918454209742
"O60762",2.28559819801018,-2.17099481250304,1.90650759159205,0.0778321998626667,0.335546826284505,-4.5185049323983
"Q7L523",0.523604924150627,-0.323445787591334,1.9059742333513,0.0779063537037656,0.335546826284505,-4.51932003677851
"O60502",-0.46378017474241,0.312321823421026,-1.90435162329544,0.0781323416800717,0.335546826284505,-4.52179900788954
"O43581",-0.574603287183654,-0.187415435087364,-1.90421847682356,0.0781509118795825,0.335546826284505,-4.52200237248998
"Q9Y4E6",-0.513997150836093,-0.419517200897365,-1.90401749137512,0.0781789512786579,0.335546826284505,-4.52230933762734
"Q5T848",-0.578156850066398,-0.685942371564719,-1.89838554889579,0.0789683712977425,0.338435876990325,-4.53090364266074
"Q9Y4G6",-0.398433043061304,-0.154610689910713,-1.89701299028598,0.0791618497376876,0.33876615108334,-4.53299599820766
"P78417",0.422785956203399,0.140286975343051,1.89563409617484,0.0793566526300987,0.339101114762977,-4.53509715745378
"O75880",-0.580471080438302,-0.335088729297134,-1.89298652901411,0.0797319019317097,0.340205036101577,-4.53912911687153
"P49419",0.555366414048206,0.858187510423385,1.89039902975789,0.0801001858477521,0.341088837878495,-4.54306653840199
"P42658",-0.721126980957,0.323082462338281,-1.88825041640015,0.0804071690972268,0.341088837878495,-4.54633379865626
"O43865",0.385913317435466,-0.15259863717594,1.88797432351301,0.080446692811597,0.341088837878495,-4.546753483791
"Q00839",0.780812587068962,-1.42804627224054,1.88779269778792,0.0804727027674822,0.341088837878495,-4.54702955177643
"O14807",0.518447820016842,-0.185811854564495,1.88651312795339,0.08065616054191,0.341088837878495,-4.54897405136457
"Q53GG5",0.690762235550281,0.410939376255281,1.88626717749891,0.0806914668112145,0.341088837878495,-4.54934772497024
"P49418",-0.556204701528691,0.215523688742519,-1.8857933648799,0.0807595220956299,0.341088837878495,-4.55006751303078
"P49589",-0.366681715721635,0.318543021048916,-1.88351522954188,0.0810874621356604,0.341977557702568,-4.5535268947046
"Q9P2T1",0.511620936310712,0.0548186110665334,1.88116229232632,0.081427430917848,0.342518603536472,-4.55709738087123
"Q6DD88",0.754358349074341,-0.567792254213856,1.88099839811024,0.081451159328948,0.342518603536472,-4.5573459895161
"Q9H6U6",-0.731537469714232,-0.34795097922295,-1.87750801743446,0.0819579753559262,0.343725955967564,-4.56263757890875
"Q9BR01",-0.470438420791037,-0.00665908569742128,-1.87739449864888,0.0819745063372815,0.343725955967564,-4.56280958535672
"Q7L0J3",-0.591167238111255,-0.207320664119938,-1.87323470352797,0.0825823463241395,0.345649647268651,-4.56910853116238
"Q92572",-0.71219887380896,-0.00219533721586277,-1.87263136971602,0.0826708434704403,0.345649647268651,-4.57002146573675
"Q15029",0.549062642097317,-0.481840117260955,1.87038952384149,0.083000426973776,0.345975191047929,-4.57341224657366
"Q66LE6",-0.674388312756553,-0.528302273136419,-1.86981836439302,0.0830845845531574,0.345975191047929,-4.57427575219997
"Q8IVD9",-0.945150106911255,0.660337357335021,-1.86949943569766,0.0831316105809985,0.345975191047929,-4.57475785807779
"P61201",-0.480765571553253,0.120321499583913,-1.86887147957013,0.0832242727606703,0.345975191047929,-4.57570696547185
"P42345",-0.693552229987067,-0.100539276818375,-1.86727557962898,0.0834601848869144,0.346460967219573,-4.57811822597144
"Q96KP4",0.562911000425424,0.479522084748638,1.86609270761402,0.0836354299214192,0.346693876169986,-4.57990467886453
"P40855",1.08283770507485,-0.187605416097782,1.86426089447005,0.0839074706425223,0.347184345160048,-4.5826699281235
"Q8IUE6",1.22781842384482,-3.22022728841989,1.86369035133267,0.0839923639150081,0.347184345160048,-4.58353088506613
"P49327",-0.599012256999806,-0.348728994190007,-1.86200010254511,0.0842443162236617,0.347453249484674,-4.58608060580559
"Q9P2M7",0.845050685733767,0.431539650883076,1.86088238497807,0.0844112989800685,0.347453249484674,-4.58776594104566
"Q8N3J6",-0.506480990984852,-0.100894820963162,-1.86085350381975,0.084415617658304,0.347453249484674,-4.5878094814118
"Q9BY11",-0.623464708052469,-0.281306906096574,-1.8562098610588,0.0851125840416958,0.349827146273072,-4.59480504671647
"Q8TC26",-0.772234061525967,-0.624694395283765,-1.85385200112991,0.0854684526308392,0.349994782958462,-4.59835326993587
"Q9H9Q2",0.530152872279891,0.0657020486972482,1.85351175830285,0.0855199152606568,0.349994782958462,-4.59886506942702
"Q15286",-0.393134383499952,-0.431030799710914,-1.85293798615298,0.0856067628860504,0.349994782958462,-4.5997280252924
"Q96A49",-0.746845807843295,-0.901310932582396,-1.85246526182737,0.0856783751790459,0.349994782958462,-4.60043888898128
"Q9Y490",0.448658696524946,0.404059469689728,1.85166462786672,0.0857997847736263,0.349994782958462,-4.60164261112571
"P50502",0.45031573066601,0.367734411708076,1.85024797684908,0.0860149870002766,0.349994782958462,-4.6037717548187
"O14525",0.964114253843518,0.38251874945658,1.84955651598602,0.086120202167586,0.349994782958462,-4.60481063814213
"Q9BRF8",0.575283166475216,0.546010459091118,1.84919596129026,0.0861751112963407,0.349994782958462,-4.60535226343274
"P35580",-0.531724466482703,0.456388712812063,-1.84847516445602,0.0862849762035267,0.349994782958462,-4.60643486142408
"P04632",0.597170071361588,0.277435942203897,1.8480089707445,0.0863561010873455,0.349994782958462,-4.60713492922129
"O60282",-0.574227419333625,-0.385034014781174,-1.84316570468295,0.0870981337926457,0.351819932967766,-4.61440184996801
"Q9NTG7",-0.956698371805421,-0.399750741474757,-1.84279226263366,0.0871555854194457,0.351819932967766,-4.61496170960834
"Q9BRK0",-0.495543488142685,-0.686345964276824,-1.84270424598033,0.0871691311579929,0.351819932967766,-4.61509365348129
"Q9UPN7",-0.619470248604355,0.0617730833206399,-1.838932583827,0.0877513661298959,0.35327296823992,-4.62074422949351
"P04733",0.870090503532237,0.14155250053516,1.83879969562473,0.0877719436554853,0.35327296823992,-4.62094319526923
"P54136",-0.547389282959049,-0.221823430449095,-1.83587698002095,0.0882256167190681,0.354608487089072,-4.6253170893962
"Q8NEU8",0.44122199911968,-0.167917746920555,1.8338699543535,0.0885383694737499,0.355374696784293,-4.6283182879577
"Q15714",-0.721416201450673,0.0410723033588795,-1.83073233324116,0.0890292922241648,0.356852948171239,-4.63300627576795
"Q6PHR2",-0.888793096742968,-0.527332653110662,-1.82473405074784,0.0899745924211462,0.359153775469659,-4.64195535331044
"P00367",0.527161859868507,0.233103131857364,1.82465286631787,0.0899874480707015,0.359153775469659,-4.64207635743351
"P02747",0.769677495005533,0.175110705563258,1.82405248483223,0.090082570209886,0.359153775469659,-4.64297111848447
"O75874",0.417250899422422,0.547566310017784,1.82354012699284,0.0901638173503948,0.359153775469659,-4.64373455924681
"O75947",0.345413757015776,-0.84920032719128,1.82318345211209,0.0902204157623095,0.359153775469659,-4.64426594960684
"P49591",-0.40888638578624,0.560065340453922,-1.82110971036165,0.0905501142853168,0.35997381498671,-4.64735429281992
"O14841",2.4511839304424,-0.969050752552575,1.81984283727171,0.0907520607564367,0.360284443112184,-4.64923997987816
"Q8IX12",0.841187406263438,-0.159871134637253,1.81482742417276,0.0915555028064756,0.362978900772267,-4.65669761385434
"Q8TEW0",1.04304579445943,0.241989601301451,1.81302806043348,0.0918452965898365,0.363632398743434,-4.65937020224292
"P04843",0.49110918915312,-0.265515140440125,1.80954610911716,0.0924084044180801,0.365364751163876,-4.66453747516709
"O75896",-0.769603432657748,-0.23461547970414,-1.80760988255282,0.0927228664016802,0.365791851708083,-4.66740831955134
"P52566",0.722667913235203,1.07411469882197,1.80690853415549,0.0928370075996073,0.365791851708083,-4.6684477592749
"P35609",-0.881319324646277,-1.50913498629179,-1.8063382945362,0.0929299038503058,0.365791851708083,-4.66929271149952
"O43708",0.539569072666838,0.50275370379295,1.80531105037582,0.0930974588239876,0.365791851708083,-4.67081443012464
"P07602",0.487699684587853,0.491598578008475,1.80502028120663,0.0931449354349448,0.365791851708083,-4.67124507058107
"P51808",-0.40027814538702,-0.00711911680346451,-1.79562011981507,0.094691466841927,0.371364108504053,-4.68514480223834
"O75781",-0.352014838321901,0.188062630097769,-1.79409800413449,0.0949440291512392,0.371679487379802,-4.6873914306169
"P99999",-0.673180837573815,0.0815923334829322,-1.7935967490837,0.095027332855867,0.371679487379802,-4.68813102878783
"Q53GS9",1.3792581728722,-0.0362327580410296,1.79267212197617,0.0951811676576909,0.371781473669638,-4.68949498467493
"Q5TCQ9",-0.87670996929464,-0.737871216744539,-1.79183974232573,0.095319844417479,0.371824057982391,-4.69072250212899
"P61278",-0.944074524102998,0.45802129896901,-1.79021451687974,0.0955911300727032,0.371983045377856,-4.69311825099132
"Q9UIL1",0.53833494712083,0.427231977491246,1.79006417292287,0.0956162604613871,0.371983045377856,-4.69333980750323
"P39210",0.807822005680983,0.445174756657218,1.78874088889604,0.0958377046417313,0.37234675635172,-4.69528940212107
"O94772",-0.768609871827603,1.04191828489014,-1.78654252679577,0.0962065972220836,0.372895217717556,-4.69852633498678
"Q9Y3A5",0.454219711799567,0.610517063678587,1.78591701612222,0.096311790615159,0.372895217717556,-4.69944691795837
"Q7Z3B1",-0.624414902300192,-0.109759043461866,-1.78542671678176,0.0963943167595534,0.372895217717556,-4.7001683707571
"Q16836",0.417394786397481,0.443479184776175,1.78414276763235,0.0966107264279803,0.372895217717556,-4.70205707766561
"P53990",0.861634915401259,-0.253441563361827,1.78300101783613,0.0968035311985384,0.372895217717556,-4.70373592006593
"Q3ZCW2",-0.526759613801796,-0.12633514639856,-1.78273544398585,0.096848427082661,0.372895217717556,-4.70412633017582
"Q5T5C0",-0.51555136225828,0.135203621317779,-1.78257315816104,0.096875870994664,0.372895217717556,-4.7043648831999
"P22830",-0.422572461169557,0.0184371668844025,-1.77895807057864,0.0974890078540812,0.374759594260735,-4.70967550633737
"Q9ULV4",-0.75200126033205,1.08139410144427,-1.7774635744938,0.0977434876331073,0.374907013574604,-4.71186904351331
"Q8N573",-0.436311335026506,-0.551896155261462,-1.77721996304066,0.0977850251900772,0.374907013574604,-4.71222649705394
"O75936",0.522334758752442,0.798537704710014,1.77336790754913,0.0984439162968056,0.376549107990196,-4.71787471510426
"O95777",0.518643256120489,-0.509725932684697,1.77320352858364,0.0984721206805976,0.376549107990196,-4.71811557666058
"Q8IW45",0.452876221508664,0.381890806559286,1.77177499853523,0.0987175321559443,0.376992150359315,-4.72020820611959
"P11169",-0.768757259796001,0.0309182468734802,-1.77065051918862,0.0989110915110021,0.377115335439488,-4.72185471713661
"P30044",-0.4799100689055,-0.231133983631653,-1.76953073027016,0.0991041780889112,0.377115335439488,-4.72349372954656
"Q07955",0.477168458584762,-0.447833218659454,1.76933149459485,0.0991385675639891,0.377115335439488,-4.72378528078335
"P49748",0.487523228863106,0.238529172357012,1.76716188959692,0.0995137424896107,0.378048290658965,-4.72695887723602
"Q9NXU5",-1.16342443091048,0.0772171974973226,-1.76531348630545,0.0998343670193776,0.378053542941456,-4.72966076587416
"Q96B97",0.576117865159615,0.398085674929731,1.76507212782305,0.0998763006649624,0.378053542941456,-4.73001344261525
"Q7Z6G8",-1.00526173180772,0.106028097056128,-1.76490773649325,0.0999048709697526,0.378053542941456,-4.7302536369488
"Q9NQ92",0.995310057082896,-0.254914423547902,1.76280963986063,0.100270145399023,0.378718490806705,-4.73331799598862
"Q9H0Q0",-0.486431904964068,-0.286136421453252,-1.7616811922994,0.100467094978177,0.378718490806705,-4.73496522208273
"Q92905",-0.508479180839969,0.0967716770754864,-1.76165871013398,0.100471022303359,0.378718490806705,-4.73499803338137
"Q8WW22",0.45752099940012,-0.185737182813647,1.75945172463812,0.100857215035974,0.379682400717575,-4.73821774444534
"P31323",-1.01403419284397,0.0400993318681678,-1.75788967911811,0.101131346098122,0.37989417630781,-4.74049507928235
"Q96I25",-0.976480639935314,0.995831251766892,-1.75764374787026,0.101174565855173,0.37989417630781,-4.7408535142452
"Q96C23",0.501054143862403,0.147082545258392,1.75620056105326,0.101428520088805,0.379910273923578,-4.74295628282257
"P27348",-0.550871786117674,-0.184661668419064,-1.75613562643992,0.101439959738357,0.379910273923578,-4.7430508697369
"Q15746",0.499027333699249,0.414302869508705,1.75382805331436,0.101847231324641,0.38094529968471,-4.74641080172252
"Q15904",-0.558809676803405,-0.156499771022789,-1.75058224858056,0.10242254372552,0.382605394404703,-4.75113225440179
"Q9H6Z4",0.654044606007696,0.0586481149190728,1.74924196532749,0.102660943649613,0.383004289769711,-4.75308030656882
"Q15349",0.719709052259748,-0.25413990601522,1.74657240466429,0.103137248339855,0.383462536954289,-4.75695767954336
"P07900",-0.494636391313715,0.0866908707283124,-1.74439527695625,0.103527137940372,0.383462536954289,-4.76011712359879
"Q9UBQ0",-0.598699477857351,-0.249721007804772,-1.74358657582149,0.103672295115798,0.383462536954289,-4.76129009045537
"Q15257",-0.554871835974907,0.199655150149307,-1.74315633069661,0.103749594887745,0.383462536954289,-4.76191399546074
"P31321",-0.976213628328519,-0.203285235031618,-1.74130849382653,0.104082164800197,0.383462536954289,-4.76459249105619
"Q15276",-0.616594841112826,0.263056932972578,-1.74033296614128,0.104258117756328,0.383462536954289,-4.76600584025888
"P17600",-0.667058002755575,0.0404564537804805,-1.73990996727855,0.104334494379823,0.383462536954289,-4.76661853089509
"P0CG38",0.570230256202427,0.411303141213967,1.73975538123151,0.104362418742236,0.383462536954289,-4.76684241732597
"Q7Z7K6",2.0152130794798,-1.82786168901004,1.7385615245084,0.104578298912602,0.383462536954289,-4.76857106142312
"O15372",-0.54305397853522,0.199097030444765,-1.73825967239545,0.104632943982937,0.383462536954289,-4.76900801172672
"P00488",1.23954724633793,-0.489662899180132,1.73816847317039,0.104649458972534,0.383462536954289,-4.76914001922161
"Q8NAT1",0.993692724465007,-1.39081817227834,1.73816384479569,0.104650297172146,0.383462536954289,-4.769146718508
"Q96HU8",-0.896982231425851,-0.408760950538337,-1.73782501953408,0.104711674596152,0.383462536954289,-4.76963711714805
"Q9UBB6",-0.865059785573765,0.618354679023743,-1.73774341601758,0.104726461634393,0.383462536954289,-4.76975521713046
"P45985",-0.47190361286763,-0.0319612278586094,-1.73737436568062,0.104793358750517,0.383462536954289,-4.77028927915955
"Q53HC9",-0.979617693226095,0.350315261884606,-1.73682970215145,0.104892157874781,0.383462536954289,-4.77107734712955
"P07738",-0.681000179025627,0.262892058124837,-1.73382051292069,0.105439492114482,0.384724319692243,-4.77542855106999
"O75145",-1.03313557655992,-1.1134163841307,-1.73107788340265,0.105940535354478,0.384724319692243,-4.77939023814251
"Q9UDT6",-0.422659479122088,0.0151559614483591,-1.73056561198,0.106034353119135,0.384724319692243,-4.78012977464725
"Q16773",0.581437047601674,0.577123273256713,1.7298404193982,0.106167290662384,0.384724319692243,-4.78117646038949
"Q96FV2",0.780152192095889,0.0410936983677202,1.72977076277813,0.106180067387516,0.384724319692243,-4.78127698289748
"Q13418",0.734750415197043,-0.295519781032545,1.72965935682987,0.106200504776476,0.384724319692243,-4.78143774925096
"P61421",-0.651941025670739,-0.0829757531123882,-1.72772929692297,0.106555124509486,0.384724319692243,-4.7842219340736
"P60981",-0.633048918929037,-0.114683948345964,-1.72678729214647,0.106728582483449,0.384724319692243,-4.78558010894702
"O43432",0.828210431243034,-0.276791256255896,1.7264360088224,0.106793330416351,0.384724319692243,-4.78608646828062
"Q16798",-0.593964934415768,0.689536940754008,-1.72637391030937,0.106804779905486,0.384724319692243,-4.78617597385643
"P04844",0.545349017218089,-0.623279597419454,1.72587553675408,0.106896707312465,0.384724319692243,-4.78689423097958
"P21912",-0.689892638660719,-0.115111924806658,-1.72560321484695,0.106946967846268,0.384724319692243,-4.78728664732874
"Q6DKK2",-0.789962389659213,0.713448136534269,-1.72529267799245,0.107004306846587,0.384724319692243,-4.78773408437104
"P15121",0.342221993311533,0.333762400122752,1.72483852432946,0.107088212697841,0.384724319692243,-4.78838836127634
"P09960",0.344510413274999,0.306736291344118,1.72181303424813,0.107648658681096,0.386260908461147,-4.79274429259954
"Q9HAU0",-0.864617217727673,1.69122994862494,-1.72009710725585,0.107967665638759,0.386583556931158,-4.79521266485568
"P10599",0.443250760643118,0.460172093861044,1.71990048797684,0.108004272091076,0.386583556931158,-4.79549540470773
"P04217",1.17845119265323,0.171335541713456,1.71726838707316,0.108495367744723,0.387864275352758,-4.79927843549018
"Q8NE86",0.632270762371978,-0.287041118225839,1.71473678994837,0.108969563664262,0.388822004928495,-4.8029135902944
"Q9UK45",0.972696942676913,-0.712758593990612,1.71441216912628,0.109030500351083,0.388822004928495,-4.80337947445942
"Q8N335",-0.358571091952041,-0.0974040375519022,-1.71155137648969,0.109568815023753,0.390086292445703,-4.80748278664196
"P10155",0.524127135696404,0.133186288569693,1.71091867979911,0.109688184373959,0.390086292445703,-4.80838969914552
"P14868",0.419829717726753,-0.17773260025942,1.70973170297712,0.109912436738301,0.390086292445703,-4.81009055233107
"Q16623",-0.630469624038423,-0.96566748878508,-1.70968523868013,0.109921223300851,0.390086292445703,-4.81015711725443
"P35237",0.726714979295814,-0.196032993789575,1.70749099017483,0.110336866695435,0.391084387434489,-4.81329930895192
"Q86VS8",-1.29011681306497,-0.551437339362204,-1.7001152467905,0.111744142633921,0.395113618580416,-4.82384280236997
"P19367",-0.522901914009979,0.155519821787915,-1.69949358098033,0.111863471580118,0.395113618580416,-4.82473014437076
"P52849",1.15232269539126,-0.512756928911051,1.69940247045909,0.111880969659884,0.395113618580416,-4.82486017478939
"P30084",-0.501984989843911,0.457446226460069,-1.69805879343628,0.112139306194435,0.395378003430332,-4.82677732100304
"Q15435",-0.351662549229673,0.223965142327743,-1.69743616490078,0.112259190540788,0.395378003430332,-4.82766535612524
"Q99962",-0.517007885217509,-0.215309853622205,-1.69665037403618,0.112410651445209,0.395378003430332,-4.82878580986658
"Q99757",-0.469018213737382,-0.106018077238167,-1.69619084652485,0.112499308192548,0.395378003430332,-4.82944089456188
"O75251",0.516718767923001,-0.0832386622551054,1.69401581571749,0.112919769414202,0.396376995169274,-4.83254000723569
"P01871",1.42110325463919,0.450188002203116,1.69313756388421,0.113089936577337,0.396496042698855,-4.8337906770464
"Q9NVT9",-0.397265053411349,0.326245593772776,-1.69200796397808,0.113309134379124,0.396585674057168,-4.83539867198159
"Q9NW08",0.777397516222141,0.130303547250853,1.69106853952939,0.113491712156875,0.396585674057168,-4.83673543104406
"P62495",-0.406264829776423,0.514926359383921,-1.69066970199734,0.113569304380873,0.396585674057168,-4.83730281629791
"O43447",-0.589751253518817,-0.38890027905053,-1.69020054473093,0.113660636482364,0.396585674057168,-4.83797012926052
"P0CG30",0.933351142840402,-0.206512246870627,1.68753553281137,0.114180662638994,0.396746922119417,-4.84175851239156
"Q9UPA5",-0.477045447490695,0.275413119609921,-1.68646146404889,0.114390834695715,0.396746922119417,-4.8432842520455
"O00712",0.935814982498084,-1.03274139960969,1.68629784171746,0.114422881748288,0.396746922119417,-4.84351662701931
"Q96E17",-0.89021266519801,0.810661815756318,-1.68615134807515,0.114451580642878,0.396746922119417,-4.84372466378444
"P10915",-0.710818782018847,0.511069189421064,-1.68581051355858,0.114518376337786,0.396746922119417,-4.84420864093949
"Q13642",0.576779932144023,0.562384940151104,1.68577731283594,0.114524884735502,0.396746922119417,-4.84425578186499
"Q9NP81",-0.785506486388813,-0.785874435190948,-1.68441918377651,0.11479139876259,0.397197348869368,-4.84618364966818
"Q8IZU2",0.520773804560842,-0.104912160381673,1.68350792215052,0.114970525233666,0.397344689346755,-4.84747663197965
"P09417",0.486879862647535,0.0645748324495327,1.67765827241954,0.11612622044807,0.39986825346814,-4.85576600115162
"A6NDU8",-0.507390130482643,0.264550765973479,-1.6772443972994,0.116208371550888,0.39986825346814,-4.85635179188689
"Q13362",-0.510910184701647,0.0453454945896001,-1.6760930406769,0.116437174324973,0.39986825346814,-4.85798091213199
"Q9Y5K8",-0.368522132393967,0.216558773215878,-1.67592531944182,0.116470537459237,0.39986825346814,-4.85821817063034
"Q9UIW2",-0.50235037683832,-0.464691397147338,-1.6757272693796,0.116509944359297,0.39986825346814,-4.85849831268781
"P35270",0.428592232847628,0.417898125332208,1.67550986649242,0.116553215383944,0.39986825346814,-4.85880580489025
"Q9Y5L4",-0.413104328861321,-0.206785665681693,-1.67496064136927,0.116662593537612,0.39986825346814,-4.85958250873027
"Q92558",-0.764564148557437,0.763712564628475,-1.67351033370668,0.116951853195332,0.400256732683027,-4.8616327208941
"P55263",0.392393762011031,0.0494113354317375,1.67249527504596,0.117154676011607,0.400256732683027,-4.86306696938086
"Q9Y315",0.422934328408787,0.413251284928642,1.67232580108932,0.11718856915668,0.400256732683027,-4.86330637670683
"Q9HCM2",-0.541085816236865,0.298766600292373,-1.6697545286133,0.117703849576673,0.40123151673514,-4.86693677001013
"P30086",0.375852793194472,0.269790990812046,1.66937247005967,0.117780582180978,0.40123151673514,-4.86747589383709
"Q9UI12",-0.522334122416814,0.1877346409204,-1.66883992849251,0.117887610587129,0.40123151673514,-4.86822723213898
"Q9Y6I3",-0.502980596116489,-0.33626369291124,-1.66639242471412,0.118380593245188,0.402048039798006,-4.87167831630696
"Q99829",-0.490991766223408,0.319627497511927,-1.66618782230253,0.11842188610859,0.402048039798006,-4.87196666652416
"Q9ULJ8",-0.814913562842898,-0.151582938667102,-1.66559302539741,0.118541999363123,0.402048039798006,-4.87280479586873
"Q9BQI5",-0.400532341944604,0.0899711130225822,-1.66447338157367,0.118768388340817,0.402134137772854,-4.87438196414572
"Q9Y6E2",-1.92882718869232,0.505357743708014,-1.66410100278597,0.118843765802287,0.402134137772854,-4.87490635786056
"Q14161",0.997991571803512,-0.644795215122987,1.66304401454611,0.119057950101664,0.402390981179839,-4.87639442409051
"Q13177",0.341382986997369,0.0226270837039313,1.66114379061059,0.119443850669961,0.402855202969145,-4.87906809159012
"Q8NBF6",-0.54465159196842,0.0292681177243362,-1.66100451033307,0.119472178749956,0.402855202969145,-4.87926398505519
"Q9Y3Q8",0.687811053403035,0.284498006579902,1.65904162113743,0.119872031701435,0.403279697222358,-4.88202359864415
"P84074",-1.56814669981755,2.04917563182648,-1.65902591193975,0.119875236459567,0.403279697222358,-4.8820456755882
"Q92734",0.316187416518063,0.0776768733121473,1.65749534169912,0.120187838713967,0.403864446486888,-4.88419601553964
"Q9BQI9",0.731017595703624,-1.10399507725112,1.65478684406947,0.120742758978127,0.405261163352191,-4.88799810505762
"P05413",-0.665230866412894,0.903948947174898,-1.65396426546927,0.120911730659909,0.405360756014211,-4.88915201206854
"Q9Y3E1",0.882840247251739,-1.35382085186374,1.6521459577695,0.121285972209147,0.40594026347655,-4.89170139819438
"Q4J6C6",-0.551774489441657,-0.110469036232848,-1.65176318408777,0.121364882393719,0.40594026347655,-4.8922378397455
"Q16658",-0.417961812358903,0.155115103867881,-1.6510933318596,0.121503082298307,0.40594026347655,-4.89317641563262
"Q7KZF4",-0.386921284635392,0.14679977842502,-1.64456380503475,0.122857397238362,0.409994295829856,-4.90231239641615
"Q15438",0.596990724839938,0.114661427036536,1.64271665966949,0.123242892562137,0.410491975071123,-4.90489260007787
"P62633",0.64942641229873,-1.04765599682133,1.64249771663812,0.123288655055726,0.410491975071123,-4.90519830733327
"P30039",2.59386148314462,0.373956836269328,1.64147690767529,0.123502214765008,0.410498271003566,-4.90662329790445
"Q99685",-0.48680716529393,-0.447003800654862,-1.64114044415167,0.123572675394888,0.410498271003566,-4.90709285474564
"Q93050",-0.551810172945986,-0.209186002520728,-1.6385911032005,0.12410768106581,0.411805418359756,-4.91064858072468
"Q9UL46",0.60096975989945,0.660556963729616,1.63755856742221,0.124324940549831,0.412056465831443,-4.91208769369208
"Q96C19",-0.556192548182382,-0.331458871919351,-1.63612101588949,0.124627970141403,0.412486857071232,-4.91409031400745
"Q9BT78",-0.414244425357201,0.26736156354525,-1.63559840183367,0.124738293547314,0.412486857071232,-4.91481807000663
"Q68DU8",-0.492839174411924,0.252388054045183,-1.63478160195843,0.124910888933365,0.412588747782169,-4.9159551833465
"P21810",1.18467714534242,0.278282329271174,1.63087127513174,0.125740038346679,0.413744288536287,-4.92139380424801
"Q8N5K1",0.53322695561815,-0.813173481765806,1.6303548023703,0.125849907443935,0.413744288536287,-4.92211149297647
"Q9BZ29",2.75399244145785,-1.64433245303151,1.62994080509755,0.125938036996816,0.413744288536287,-4.92268667418918
"P78356",-0.616361593815632,-0.593865585234884,-1.62981361205421,0.125965123912229,0.413744288536287,-4.92286336873872
"P52788",-0.645891606741929,-0.416881915827468,-1.62935521519374,0.126062785558639,0.413744288536287,-4.92350009110019
"Q13557",0.600299336296538,-1.21844834815792,1.62906726240037,0.126124167552947,0.413744288536287,-4.92390000299684
"Q9BW62",-0.383684894691866,-0.219652279276433,-1.62844927639217,0.126255989079114,0.413744288536287,-4.9247581114836
"Q8N1G4",-0.447177307599245,-0.0989206901113652,-1.62629578228269,0.126716279758279,0.414710390259225,-4.92774668428731
"Q9HAV0",0.561724336941064,-0.156072872978678,1.62573759689314,0.126835823824986,0.414710390259225,-4.92852089670973
"Q9ULR3",-0.48234978814959,0.0629764850686402,-1.6238849957282,0.127233286913032,0.415543058268153,-4.93108922912586
"P49755",0.559934006640234,-0.655582680377087,1.62199775488263,0.127639289243606,0.416401717151227,-4.93370359653056
"Q96A65",-0.529622187843823,0.218511154019751,-1.6187641072755,0.128337548963635,0.418210825850144,-4.93817845102216
"Q14247",-0.373240196425643,0.22179617885169,-1.6179741072465,0.128508639147432,0.418299932795331,-4.93927078763896
"P50995",0.479606437008916,0.556418161113172,1.61471980399813,0.129215502866018,0.419586886064791,-4.94376680299225
"Q13867",0.4368841161317,0.692748323167693,1.61386966777418,0.129400712362294,0.419586886064791,-4.94494032860761
"Q9H4A4",0.439739544308432,0.451440246587465,1.61364317420641,0.129450094592319,0.419586886064791,-4.94525291051805
"Q9BVK6",0.631978258893105,-0.539669029779541,1.61350254459513,0.129480764153327,0.419586886064791,-4.94544697764032
"P48509",0.699365151809814,0.233479699474568,1.61185672431008,0.129840163600634,0.420061446117339,-4.94771735466125
"O75899",-0.582727582561562,-0.925939260021006,-1.61142528233843,0.129934520361298,0.420061446117339,-4.94831226591776
"Q9Y5L3",1.15766641738275,0.0852489283154349,1.61003372344565,0.130239258968234,0.420061446117339,-4.95023035221424
"O00483",-0.318643930497213,-0.665906737977811,-1.60941657467914,0.130374606162668,0.420061446117339,-4.95108066041026
"Q86TV6",-0.43617934193136,-0.321852160954193,-1.60935696911213,0.130387684712581,0.420061446117339,-4.9511627735417
"Q9Y6C9",0.523572603781078,-0.670956176220023,1.60887574643816,0.130493315219957,0.420061446117339,-4.95182563586902
"Q7Z4W1",0.36354881154334,-0.0723594122403561,1.60460485956312,0.131434032662993,0.422622138176034,-4.95770280400787
"Q12791",-0.430561684846389,-0.0530040330458073,-1.60195945348345,0.132019644375998,0.423728143220675,-4.96133792393856
"P61081",-0.362033341169939,-0.0322158904975996,-1.60172135188977,0.132072462871616,0.423728143220675,-4.96166490904132
"P42765",0.481226611365516,-0.212653961348294,1.60046171719664,0.132352192849412,0.423728143220675,-4.96339422620046
"Q13153",-0.744852771086981,-0.695089065417168,-1.60042461201464,0.132360440614293,0.423728143220675,-4.96344515308381
"O60888",0.300412800631029,0.597851204177976,1.59830710155874,0.132831856245174,0.424770001838962,-4.96635012956762
"Q86Y22",1.17729917285069,0.269951105283732,1.59552367481711,0.133453721254005,0.425954208284277,-4.97016475021448
"Q16555",0.367232654847793,0.105190812859437,1.59355230290163,0.133895673363297,0.425954208284277,-4.97286377421661
"Q9UIJ7",0.415539286087835,0.381081291128842,1.59344894875457,0.133918878509545,0.425954208284277,-4.97300521564284
"Q9UPX8",-1.67390047469897,0.221104028444599,-1.59320436833947,0.133973805655761,0.425954208284277,-4.97333990245369
"O60610",-1.33026572243581,0.956752221846388,-1.59281700051765,0.13406083922056,0.425954208284277,-4.97386991077664
"Q9C040",-0.393825998288044,0.355635100888963,-1.59272983062794,0.134080431198762,0.425954208284277,-4.97398916732894
"Q8WZA0",0.517920645906048,0.255646731146276,1.59020334602337,0.134649345187036,0.426813287467322,-4.97744373057112
"Q8N684",0.537562599120558,-0.84720504339057,1.58995514481206,0.134705346934036,0.426813287467322,-4.97778290731272
"P62166",-0.689347103484404,0.670071309467653,-1.58957630665341,0.134790862949302,0.426813287467322,-4.97830053601007
"P16435",0.506990766000323,-0.51840330825537,1.58839523617517,0.135057768258163,0.427193593077449,-4.97991376941461
"O75051",-0.482852060754094,-0.107993589018898,-1.587711089373,0.135212583431835,0.427218911820456,-4.9808478820934
"Q9BXJ9",-0.495497966448036,0.546362544457875,-1.58510719160646,0.135803213023318,0.428619685355592,-4.98440068574942
"Q641Q2",0.315889872650278,0.114502309575535,1.58140359032707,0.136647098500295,0.430177680154483,-4.98944717411273
"Q00577",-0.350258341040726,-0.809638117878265,-1.5812736255457,0.136676793224832,0.430177680154483,-4.98962411814962
"O95433",-0.400868555454611,-0.349150951785238,-1.58099563501179,0.136740327884157,0.430177680154483,-4.99000256286677
"P00918",0.558652448405825,0.545670456727754,1.57831806417707,0.137353584375366,0.431640313749801,-4.9936453950932
"O95139",0.577993659644894,-1.22423380577499,1.57694116502802,0.137669859251742,0.432167519333946,-4.99551703998583
"Q8NI37",-0.695116102360418,-0.427355080133319,-1.57550158719476,0.138001198880917,0.432215754443214,-4.99747270348438
"P21953",-0.543328334103606,0.1571371135821,-1.57537444443179,0.138030495445331,0.432215754443214,-4.99764536856617
"P32418",-0.710593181591542,0.371820202617317,-1.57493927732571,0.138130808121027,0.432215754443214,-4.99823627192403
"O75821",-0.368312334766896,-0.0738531296402764,-1.56854721914864,0.139611487079247,0.436379621268107,-5.00690314453201
"P84103",0.48542540969546,-0.460571508176899,1.56751199575119,0.139852563810984,0.436664120911978,-5.00830453302836
"Q684P5",-0.829580781216638,-1.07953073212428,-1.56548721410224,0.140325112779946,0.437556147510959,-5.01104367431287
"Q9UKU6",0.591821321651183,0.97238174361803,1.56469038648481,0.140511452685737,0.437556147510959,-5.01212096876722
"A5YM72",-0.656421034877847,-0.0100710772244178,-1.56320653824651,0.140859017833026,0.437556147510959,-5.01412610567557
"P48729",0.364963296892454,0.298806304100443,1.56320564633633,0.140859226968014,0.437556147510959,-5.01412731053182
"Q9NTJ4",0.452787711540885,0.207889497203585,1.56307411110346,0.140890072239783,0.437556147510959,-5.01430499263446
"P22314",-0.571139486123194,-0.161748278930845,-1.5620248331088,0.141136336812497,0.437853667509984,-5.01572202692646
"Q99714",-0.604035766964035,0.206378953190734,-1.56050078082181,0.141494685682098,0.438073159295277,-5.01777908133656
"Q27J81",0.356699096515321,-0.281359951323734,1.55981188602715,0.141656919775795,0.438073159295277,-5.01870845168921
"Q14011",-0.609716819624638,-0.262963316541569,-1.55829956306456,0.142013627864868,0.438073159295277,-5.02074770550151
"P60228",-0.430207967983639,-0.163735836922493,-1.55785923766851,0.142117630481237,0.438073159295277,-5.02134119729213
"O15126",-0.462428314409401,-0.074648431690604,-1.55781091626589,0.142129047710154,0.438073159295277,-5.02140632023146
"Q9Y3E7",1.07266388089387,0.217886234647569,1.55780825727809,0.142129675990158,0.438073159295277,-5.02140990371945
"P49758",-0.628525509549609,-1.20489659753962,-1.55668777463364,0.142394640836991,0.438073159295277,-5.02291959364188
"P62979",0.344062045090814,0.143770470687886,1.55661318652802,0.142412293935648,0.438073159295277,-5.02302006408094
"P63027",-0.519557509434984,0.564503947921081,-1.55595102950817,0.142569091516594,0.438073159295277,-5.0239118476114
"Q8WVB6",1.11755170310423,-0.224260241374617,1.55525625685405,0.142733770832852,0.438073159295277,-5.02484727847036
"Q7Z4H3",0.542124723124191,0.727503550977913,1.55471138315957,0.142863033735814,0.438073159295277,-5.02558068781387
"Q9NQR4",-0.363094996997097,0.456685308111581,-1.55115842144332,0.143708370978518,0.440201431102619,-5.03035872064326
"Q14894",-0.498909551309387,-0.551615394642779,-1.54967011542726,0.144063741421944,0.440825959556107,-5.03235797232337
"O14810",-0.798515720826038,-1.51650680814791,-1.54768510259508,0.144538878817074,0.441384146998107,-5.03502240439464
"Q16864",-0.413902531780853,0.277002427631676,-1.54752311753842,0.14457771081651,0.441384146998107,-5.03523972934244
"P55884",-0.427133141837364,0.18745766571723,-1.54700825964405,0.144701194582885,0.441384146998107,-5.03593037738249
"O43157",0.409914604821477,-0.00739133904808011,1.54376945798834,0.145480052610788,0.442405980666829,-5.04027139475422
"P07686",0.507966323390065,-0.233449151806542,1.54315258432229,0.145628800702725,0.442405980666829,-5.04109749094983
"Q13618",-0.298538737880008,0.192218337846727,-1.54227966669395,0.145839510474263,0.442405980666829,-5.0422660841928
"P37108",0.417848444788444,-0.14206423751366,1.54215554306839,0.145869493198583,0.442405980666829,-5.04243221414249
"P62310",0.459033933755324,-0.0409287829391985,1.54200612461086,0.145905592984056,0.442405980666829,-5.0426321870722
"P04040",0.62425056867981,0.19159309146851,1.54182913125621,0.145948364756067,0.442405980666829,-5.04286904736914
"P51888",1.08947728591825,0.308529603805941,1.53965737789671,0.146474054611531,0.442888267744775,-5.04577385818411
"Q99726",-0.550206259329444,-0.0407259220082598,-1.53931777980747,0.146556402458355,0.442888267744775,-5.04622782965674
"P46108",-0.312842696251668,0.408361461895514,-1.53893506692286,0.146649252245311,0.442888267744775,-5.04673935381452
"P20336",-0.711511042560505,-0.139421972063044,-1.53865903654818,0.14671625089552,0.442888267744775,-5.04710823443446
"O15020",-0.630116301025159,-0.281892979478786,-1.53527285562738,0.147540272223392,0.444661705101032,-5.05162973144254
"Q9Y6K0",0.847267910970469,-0.0512587989274291,1.53413642525554,0.147817700858756,0.444661705101032,-5.05314564103418
"Q15424",0.51539871182944,-0.67404008872914,1.53391347095836,0.147872181085461,0.444661705101032,-5.05344295365175
"Q08623",0.669813565990649,0.362338705173216,1.53278284397766,0.148148719309429,0.444661705101032,-5.05495020025104
"P61011",-0.384246065367452,-0.0950737446123592,-1.53259635496279,0.14819437454024,0.444661705101032,-5.05519873618085
"Q8IYI6",-0.614966785836273,0.102450588766123,-1.53096496053738,0.148594273491955,0.444661705101032,-5.05737202083403
"Q96DZ9",0.783429625676163,0.33783845586089,1.53011171729699,0.148803791250271,0.444661705101032,-5.05850804232107
"O95373",-0.440454307774703,-0.0477175264884367,-1.5294381158673,0.148969374265287,0.444661705101032,-5.05940457598301
"Q969L2",-0.519509802245761,-0.530896086789828,-1.52916952401507,0.149035442447291,0.444661705101032,-5.0597619835573
"P28161",0.574414059305246,0.797398060350733,1.52886071585634,0.149111433766313,0.444661705101032,-5.06017285206924
"Q8N3V7",-0.650982657862676,-0.658064044829471,-1.52842764957194,0.149218057846989,0.444661705101032,-5.06074894882267
"P35080",-0.638225009082333,0.86153797806362,-1.52761498951708,0.149418315333425,0.444661705101032,-5.06182970381481
"Q9BRT2",-0.557744591193932,-0.325289657556518,-1.52725308864147,0.149507569116499,0.444661705101032,-5.06231086677667
"Q9Y4I1",-0.556548820677741,-0.881656068686956,-1.52718747104022,0.149523756897605,0.444661705101032,-5.06239809976366
"Q92947",0.379381991275835,0.2788935351563,1.52689547192262,0.149595810753921,0.444661705101032,-5.06278625607774
"P05091",0.389409934911376,0.227858412316436,1.52526844680316,0.149997835916315,0.445073152078215,-5.064948127864
"Q9HC38",0.306692512859734,0.457131764774324,1.5246127128081,0.150160121543939,0.445073152078215,-5.06581896669283
"Q12756",-0.430786441512852,-0.541967884959752,-1.52447965185703,0.150193070563851,0.445073152078215,-5.06599564477918
"Q99798",-0.404073239281226,0.0870077120996481,-1.52284899401508,0.150597357956454,0.44581720412338,-5.06815995894674
"O43776",-0.304812882425366,0.354974936935161,-1.51999407514441,0.151307396556173,0.447463947132584,-5.07194531184915
"Q16720",-0.529904565561433,0.220104649104685,-1.51876879063431,0.151613002271019,0.447766995180309,-5.07356840692487
"Q14696",0.40356569807814,0.319671263933066,1.5177069695908,0.151878260236185,0.447766995180309,-5.07497422965836
"Q9NQC7",-0.621666944651944,-0.512250847280116,-1.51734262344604,0.151969369586194,0.447766995180309,-5.07545645632905
"O75208",-0.399388276744056,-0.144139778595125,-1.51711881835282,0.152025357813796,0.447766995180309,-5.0757526312902
"Q8IWA5",0.507565184944826,0.888024757992151,1.51491675558346,0.152577168890671,0.448069808167369,-5.07866513056778
"P68036",0.518524068416421,0.454276982239553,1.51356191051102,0.152917518720487,0.448069808167369,-5.08045561284777
"Q15637",0.336342267890879,0.0184433932824042,1.51352177283973,0.152927611469848,0.448069808167369,-5.08050863933397
"Q9ULB1",-0.366729246261074,-0.572648267081215,-1.51301428358397,0.153055269925897,0.448069808167369,-5.08117900636326
"Q9Y496",-0.55687413161659,-0.2752767768513,-1.51258776652965,0.153162629605449,0.448069808167369,-5.08174229183693
"P63151",-0.453146398323235,0.0714563924856831,-1.51248424922481,0.153188695810147,0.448069808167369,-5.08187898662108
"Q96PV0",-1.03715423941902,0.766623833047691,-1.51241553812614,0.153205999699839,0.448069808167369,-5.08196971613866
"P21399",0.318409043893984,0.311301781269985,1.51068265338119,0.153642948360603,0.448318618783414,-5.08425694975245
"P11277",-0.527538569792247,-0.281356297986413,-1.5106781846806,0.153644076508741,0.448318618783414,-5.08426284561766
"Q8N2G8",0.475448808984228,-0.552710350571882,1.51024583671031,0.153753258263178,0.448318618783414,-5.08483321445916
"Q14974",-0.375965732551644,0.184157767913746,-1.50939749182961,0.153967683226165,0.44849445264078,-5.08595204928506
"P54687",-0.328168356475364,0.0715802762772003,-1.50804655238093,0.154309664100331,0.449041122531963,-5.08773281977111
"Q9NZN4",0.740148502077457,-0.52515668848184,1.50705125198425,0.154562027879672,0.449313358829637,-5.08904408238478
"P13521",-0.534112265669815,0.0146884935486793,-1.50646033671196,0.154712022524844,0.449313358829637,-5.08982229918523
"Q92499",-0.464480678368203,-0.431809336419618,-1.50547061467337,0.154963523484564,0.449595068135674,-5.09112525270901
"Q6ZVM7",-0.336528911903422,0.156252208869413,-1.50301904485093,0.155587985706402,0.450957209567361,-5.09435011909147
"O15145",-0.535128421285053,1.05206229100176,-1.50202369426268,0.155842126331066,0.45124436579443,-5.09565837921914
"Q99584",0.705467583190705,0.568187025289345,1.50057194230023,0.1562134268906,0.45186985313285,-5.09756542854596
"P21796",0.342244819702282,-0.898655061141005,1.49936141517828,0.15652360203048,0.452317459690861,-5.09915460918257
"P05556",0.578894226901208,0.483436562484377,1.49754755501481,0.156989342203322,0.453213279575068,-5.10153415697238
"Q9UMF0",-0.923092744584359,1.34537687567709,-1.4963341572899,0.15730155494961,0.45354178595357,-5.10312484452613
"Q9Y2G0",-0.527129530764282,-0.159420681669247,-1.49589435712521,0.15741484667117,0.45354178595357,-5.10370117046244
"Q9H3K6",-0.332218315463671,0.0960076787565838,-1.49410417920735,0.157876703033975,0.453712408544595,-5.10604583557959
"P36873",-0.514292211052758,0.52013897637317,-1.49379147488877,0.157957496089085,0.453712408544595,-5.10645519343057
"P62937",-0.41617821344791,0.213233182141686,-1.49377299935559,0.157962270680775,0.453712408544595,-5.10647937766139
"Q00765",-0.337969138910103,-0.54285067855427,-1.49292955244536,0.158180370308357,0.453712408544595,-5.10758321394766
"Q02750",-0.639537319460062,0.0764364513927128,-1.49264641661861,0.158253640781019,0.453712408544595,-5.10795366101523
"P15374",-0.833022410373205,0.627375614193906,-1.4918037906497,0.158471866378665,0.453800190580499,-5.10905583611684
"P02768",0.781913041345552,0.33784033690088,1.49132433926746,0.158596149079164,0.453800190580499,-5.10968277399442
"Q9ULC3",0.383929899318309,0.126485748401022,1.48976899060232,0.158999889302516,0.454508524430572,-5.11171559168938
"Q13424",0.464479436999962,0.224542214137809,1.48863014471548,0.159296061232261,0.454908280849735,-5.1132030958813
"Q01105",0.492889410216619,-0.154070628177785,1.48787802342539,0.15949191470926,0.455021050788182,-5.11418503857966
"P25789",0.388618293541385,0.219692593842475,1.48653657328919,0.15984173309084,0.455338394842136,-5.11593551662394
"Q96S97",-0.391779681250847,-0.111066576399137,-1.48624219038113,0.159918587450845,0.455338394842136,-5.11631951172569
"Q8N4C8",-0.426156207580414,0.515844841137544,-1.48512675223519,0.160210076163101,0.455338394842136,-5.11777400848146
"P25713",-0.394923875590985,-0.544672676031332,-1.48478337325948,0.160299898569308,0.455338394842136,-5.11822160835668
"Q13561",-0.319498868405103,0.00626089545361388,-1.48445621572976,0.16038551708357,0.455338394842136,-5.11864799512634
"Q93008",-0.617006345288181,-0.249307780766926,-1.4813542203742,0.161199233931932,0.456826942296137,-5.12268753841915
"Q15631",0.407288593930276,0.255462268984735,1.48126076071913,0.161223804033722,0.456826942296137,-5.12280915235228
"Q9Y371",-0.378329646568083,0.389664311617382,-1.48000309916445,0.161554743386251,0.457319361142015,-5.12444514883473
"Q14257",-0.427930930203168,-0.401345661496549,-1.47901127152099,0.161816133710176,0.457614139063764,-5.12573464635582
"O60825",0.371159158145871,0.318802679798484,1.47306907495109,0.163389609082598,0.461397915997815,-5.13344735685315
"Q96B23",0.65582130518257,-0.883646355871936,1.47276218282143,0.163471220410223,0.461397915997815,-5.13384508920905
"O00567",0.502374394070493,0.0325368398280825,1.47175403140099,0.163739557036227,0.461654277543181,-5.13515123839418
"P22307",0.471303984694883,0.33367698398457,1.47067404645897,0.164027422839295,0.461654277543181,-5.13654974697921
"O14924",2.01904179549454,-1.45885129580038,1.47063446788461,0.164037980405378,0.461654277543181,-5.13660098469401
"P52565",-0.374907188375215,0.580038529478555,-1.46948896480914,0.164343789607199,0.46206804614198,-5.13808350632939
"Q9NSB8",-1.14035500722123,1.54084464984787,-1.46840821931416,0.164632748500976,0.462433685461236,-5.1394814623453
"P63241",-0.486104099189385,-0.0286337390150871,-1.46619417452507,0.165226046361781,0.463548074997028,-5.14234305977744
"P63215",-0.487001184016588,-0.88276048866848,-1.46492933665251,0.16556578768895,0.463548074997028,-5.14397644619614
"O14618",-0.491776549884262,0.493574845900558,-1.46460611821935,0.165652699383284,0.463548074997028,-5.1443936823579
"Q01968",-0.96041397675036,-0.169760540407367,-1.46455419067628,0.165666665978319,0.463548074997028,-5.14446070843842
"Q96DG6",0.353150304540037,0.383656105662278,1.46014482925018,0.166856220124503,0.466428050492126,-5.15014593785038
"P48735",-0.646481432733838,-0.313456325881615,-1.45866881218356,0.167256010656527,0.467096920355559,-5.1520463030789
"P48426",0.494933358437103,0.02501216402803,1.45709801719665,0.167682351345476,0.467838583332057,-5.15406718027878
"Q96MW1",0.629938411684446,0.0821007638498644,1.45588765945764,0.168011482063049,0.468225803392506,-5.15562327761257
"Q8WXS5",-1.02958840381524,1.68959858966471,-1.45540477283762,0.16814294314267,0.468225803392506,-5.1562438420395
"Q9Y2T3",-0.394177421920627,0.298216484401359,-1.45374447180834,0.16859559901682,0.469037469540101,-5.15837638988067
"P43004",-0.474393391270434,-0.344473960168669,-1.45255944540333,0.168919300134015,0.469489172292248,-5.15989740849583
"Q9UK22",0.45526380006465,0.286559265629319,1.44766978308691,0.170260445743325,0.472765169001026,-5.16616400048587
"Q9H0E2",-0.323849106398274,0.107636421937435,-1.44378780581086,0.171331510987289,0.475285697781708,-5.17112829386156
"O15197",1.06392548561211,-1.99807365139169,1.44308411970768,0.171526262497094,0.475372784634803,-5.17202714115042
"Q9BSU1",-0.702545446152626,-0.239007442405432,-1.44186281186756,0.171864707995726,0.475451165917961,-5.17358641644829
"O15498",-0.440529880468911,0.665556809806445,-1.44180293582438,0.171881314964156,0.475451165917961,-5.17366283720616
"Q16543",-0.314822171225556,-0.0213089349853673,-1.43966314078762,0.172475676721165,0.476642183531425,-5.17639238555692
"Q9BQI0",0.772228608854469,0.20577759436295,1.43821813592967,0.172878015903091,0.477171111142473,-5.17823399189309
"P45954",-0.386437530218108,0.152139916660026,-1.43710935756268,0.173187266950166,0.477171111142473,-5.1796461818005
"P05026",-0.456143572983475,-0.193705218125577,-1.43673249155534,0.173292483883824,0.477171111142473,-5.1801259956233
"P55010",-0.446310014184766,-0.199833370257071,-1.43565603311838,0.173593312162643,0.477171111142473,-5.18149600605075
"Q15773",0.934609316218567,-1.01093750900825,1.43529254660484,0.173694990474114,0.477171111142473,-5.18195844783899
"O95294",-0.664534299078572,1.07917218133285,-1.43508464785942,0.173753168364983,0.477171111142473,-5.18222290660612
"Q9GZQ8",0.337648103550368,0.24264610762404,1.43486408995395,0.173814906464268,0.477171111142473,-5.18250343816305
"Q92888",0.759748970040713,-0.736544199534099,1.43385216607428,0.174098395722825,0.477498898730839,-5.18379012141409
"P20962",0.468331224127258,-0.697951465930348,1.43195216642442,0.174631715872184,0.478382722995576,-5.18620423274765
"Q12906",0.333775153058526,-0.305672682196439,1.43126555270177,0.174824778199916,0.478382722995576,-5.18707606223865
"Q96CN7",0.364525144183082,0.52748226682688,1.43072096958742,0.174978030270673,0.478382722995576,-5.18776733202821
"P16402",1.83068785514736,-1.60711207861003,1.43036518278926,0.175078213055082,0.478382722995576,-5.18821884887468
"Q9UMY4",-0.360663447077891,-0.259899201090739,-1.42870515567748,0.175546274461709,0.479211687320426,-5.19032445355589
"P15170",-0.652574303705881,-0.065613363662898,-1.4280106069818,0.175742417298219,0.479292427079636,-5.19120490254379
"P36543",-0.385884916495285,0.175712346865424,-1.42737217283368,0.175922873516607,0.479292427079636,-5.19201394285279
"Q9BZZ5",0.356507318532098,-0.270097927767501,1.42646072024699,0.176180765872425,0.479292427079636,-5.19316850296141
"Q8IXI2",0.492755258219444,-0.45383402059364,1.42550053974094,0.176452784598618,0.479292427079636,-5.19438420723072
"P13861",-0.260082737238695,0.0753398461484992,-1.42532984147816,0.176501179774984,0.479292427079636,-5.19460026940115
"O43143",0.3621255618562,-0.586596007452709,1.42510802840144,0.176564083102876,0.479292427079636,-5.19488100224487
"P30531",0.347048015450977,-0.0344933440671708,1.42405936076792,0.176861723352314,0.479401145029594,-5.19620779439442
"Q7Z392",-1.24602463116924,-0.754240845520669,-1.42334623511724,0.177064365126797,0.479401145029594,-5.19710964651668
"P10253",0.449484019725912,0.290635527602538,1.42310735182442,0.17713228919853,0.479401145029594,-5.19741167589497
"P49441",-0.360592238420511,0.745318785764288,-1.42264750153276,0.177263103797884,0.479401145029594,-5.19799297832711
"Q9Y3F4",-0.384667345917464,-0.161367163462708,-1.42107521731617,0.177710979568098,0.479567900018046,-5.19997948693769
"P31040",-0.522368823272487,-0.108327583273358,-1.42065406906163,0.177831105485564,0.479567900018046,-5.20051131616726
"P0C870",0.67094184885948,-0.19046256015132,1.42039558422699,0.177904867510629,0.479567900018046,-5.20083767580842
"Q8N350",-0.518729359001458,-0.114661595936998,-1.42011850823296,0.177983962893295,0.479567900018046,-5.20118746026843
"P50395",0.355953011136355,0.309963098560502,1.41912206241864,0.178268653516095,0.47987784263398,-5.20244497503896
"Q9NVP1",0.635466404528936,-0.0262214432577865,1.41802945818811,0.178581250281156,0.47987784263398,-5.20382310063527
"P15848",-0.521919107490913,0.462103220202727,-1.41798593218036,0.178593712567904,0.47987784263398,-5.2038779848764
"Q07157",0.260319264040271,0.152007991934514,1.41601235034498,0.179159541330315,0.480796952236776,-5.20636528437421
"Q9H845",-0.428394167291912,-0.0521658026674856,-1.41564084677651,0.179266217586564,0.480796952236776,-5.20683320591181
"P35527",-0.7863244009175,-0.453024122334492,-1.41442246298969,0.179616441891147,0.481245973893939,-5.20836717177311
"O14561",-0.462508151219152,-0.221794229332369,-1.41369222623961,0.179826619353194,0.481245973893939,-5.20928608886594
"Q9Y2H1",0.302598936846436,0.280415803957227,1.41333411279867,0.179929766184401,0.481245973893939,-5.20973660554565
"P30043",0.366447470053569,0.191363403735169,1.41015579901496,0.180847354906416,0.482906528220036,-5.21373134749718
"Q9UPU5",-0.628359085009673,0.69348517861209,-1.41003428128998,0.180882514006818,0.482906528220036,-5.21388394917916
"Q8IVF4",0.3583451040968,-0.146149333469524,1.40399481542952,0.182637054001435,0.487143746236642,-5.22145612909866
"Q01970",-1.25177237277729,0.96624865531711,-1.40265541202177,0.183028062959112,0.487739618325106,-5.22313221332619
"Q92542",0.262901633175236,0.177301358329559,1.40088673447618,0.183545445807114,0.487746061453598,-5.22534367272207
"P11182",-0.691793831000073,-0.0925299466289248,-1.40080640882978,0.183568971665529,0.487746061453598,-5.22544405882217
"P46063",0.947355275269923,-0.178967458156586,1.40062979394914,0.183620707550897,0.487746061453598,-5.22566476643345
"P16298",-0.598845071916459,0.984545393922559,-1.40018699492857,0.183750469702495,0.487746061453598,-5.22621802217784
"Q13620",0.520380339738628,-0.311936737318777,1.39966652210184,0.183903090712042,0.487746061453598,-5.22686816277227
"Q8TDQ7",0.429099032247377,0.222209962921825,1.39870371983646,0.184185693536135,0.487746061453598,-5.2280703628023
"P15289",0.423184140500428,-0.0969305314583029,1.39864223388101,0.184203753105672,0.487746061453598,-5.22814711633372
"Q9Y5S2",-0.49117727374884,-0.267018850160224,-1.398051702133,0.184377277531725,0.487761706924835,-5.22888415632116
"Q9UH03",-0.360786075977923,-0.0608643376164203,-1.39388697719623,0.185604882809749,0.4905633142383,-5.23407560796909
"Q9NZU7",-0.379429808630982,-0.62221893113621,-1.39305377591714,0.185851284715354,0.490768818985191,-5.23511284463691
"P17677",-0.495903961561874,-0.200984762061406,-1.39087948624119,0.186495552452788,0.491656561298899,-5.23781741762725
"P12814",-0.378916482648664,0.313935798226895,-1.39043237372083,0.18662826445585,0.491656561298899,-5.23837318821074
"O75410",2.02264745024057,-0.548079778460596,1.3899158437004,0.186781677568682,0.491656561298899,-5.23901508164887
"Q9UJW0",-0.296389462253131,0.246184657543474,-1.38938426313331,0.186939668968804,0.491656561298899,-5.23967549413684
"O60784",-0.405059602451928,-0.37911795047372,-1.38893297807347,0.187073881835007,0.491656561298899,-5.24023600421578
"P25786",0.295696864918466,0.325458242407307,1.38850514737396,0.18720119241209,0.491656561298899,-5.24076725875291
"Q9NQ48",-0.824074215149978,-0.302608088910364,-1.38731188086243,0.18755665153098,0.492145947660191,-5.24224834504986
"Q96PU8",0.549322198539745,-0.134439995788772,1.38410746945681,0.188513948154097,0.494078958591367,-5.24622099961327
"Q9BXF6",0.329422530168145,-0.668300715059764,1.38371024702148,0.188632894500003,0.494078958591367,-5.24671297960787
"O75390",-0.424686816252969,-0.4091562638213,-1.38156653583308,0.189275881465023,0.49531727973311,-5.24936626425505
"P50416",1.24435080567681,-1.03918299992869,1.37956423164332,0.189878076550064,0.496207746441948,-5.25184176795787
"O75223",-0.343555827225413,0.388268678681744,-1.37836523981591,0.190239425501995,0.496207746441948,-5.25332283667407
"P11021",0.31835929378624,-0.00464082063065875,1.37778132924615,0.19041560676636,0.496207746441948,-5.2540437721965
"P10636",0.310282542883699,0.149633131449032,1.37705799384475,0.190634041467827,0.496207746441948,-5.25493653584508
"Q9H7Z7",-0.317225639567692,-0.209790932486828,-1.37678521080597,0.190716470460636,0.496207746441948,-5.25527312277167
"P83731",-0.309474026911561,-0.145330225337534,-1.37649862435299,0.190803101972812,0.496207746441948,-5.25562668825681
"O94973",-0.326751274803016,-0.0575674741988451,-1.37550793075764,0.191102824512314,0.496207746441948,-5.2568484977949
"Q86UW7",-0.430803051686579,-0.77536580618617,-1.37480985508209,0.191314250348669,0.496207746441948,-5.25770903194475
"Q96F07",-0.488446346762824,0.669873821363409,-1.3735127731728,0.191707605166134,0.496207746441948,-5.2593071106687
"Q16774",0.508306832783251,-0.870798317802606,1.37340923976236,0.191739031343254,0.496207746441948,-5.25943462126658
"Q96PE5",0.733317114203961,-0.309847836560434,1.37286311079973,0.191904871212009,0.496207746441948,-5.26010710902375
"P46779",-0.319735835531055,-0.245150334316289,-1.37172230209908,0.192251672598911,0.496207746441948,-5.26151122502355
"P78330",0.439473110780111,0.630846790926604,1.37124610906208,0.192396584949642,0.496207746441948,-5.26209706941007
"P36969",0.308374357307954,-0.0756426158700949,1.37033354695687,0.192674540199273,0.496207746441948,-5.26321933986243
"Q96RQ3",-0.905444952386184,-0.911662132993887,-1.37018386308352,0.192720163396402,0.496207746441948,-5.26340336810753
"Q9NZN3",-0.441222922476554,-0.603383013957171,-1.37004616993097,0.192762139654712,0.496207746441948,-5.26357264115536
"Q13564",-0.370356162038464,0.130974900867213,-1.36989601518261,0.192807923393363,0.496207746441948,-5.26375721938583
"Q9Y2J4",0.617889992019078,0.729547280315014,1.3698316670599,0.192827546523051,0.496207746441948,-5.2638363149088
"Q9Y4L1",-0.384479330926249,-0.454889553052891,-1.36973837060689,0.192856000421252,0.496207746441948,-5.26395098825713
"Q9UHL4",0.579904219950774,0.550738666075597,1.36779263252665,0.193450201213606,0.49729689534593,-5.26634122109209
"P11279",0.425163006419825,0.198433180556021,1.36617993507276,0.193943828810304,0.498125809212695,-5.2683204069441
"P61586",0.290905288307683,0.20014574095799,1.36431854373207,0.194514856724319,0.499151881012141,-5.27060263143226
"P35611",0.278387443775182,0.253423598665658,1.362652917503,0.195026991369277,0.499487267799001,-5.27264285648384
"Q13884",0.420637038700452,0.489456211172699,1.36184488371337,0.195275835680961,0.499487267799001,-5.27363194434316
"Q13586",0.434017065850905,-1.47016946202036,1.36166935897885,0.195329924982921,0.499487267799001,-5.27384674034249
"A6NDG6",-0.326459101843581,-0.0551507881177706,-1.36166219044978,0.195332134280159,0.499487267799001,-5.2738555122912
"Q9UI15",-0.507028660383016,-0.840945380397096,-1.36076331551346,0.195609323609807,0.499756919845951,-5.27495516866886
"O00194",-0.512478213887286,-0.0668713282920314,-1.35810611777435,0.196430608948182,0.500854373781055,-5.27820271938067
"Q16891",0.317433164930941,-0.510622956749935,1.35789782668463,0.196495106034059,0.500854373781055,-5.27845708545776
"Q6PUV4",-0.76426472469728,0.599335703661655,-1.357703735705,0.196555221600675,0.500854373781055,-5.2786940839347
"Q96CX2",0.697425859117655,0.720442941176696,1.3568464144168,0.196820937968858,0.50108743766068,-5.27974062808352
"P50226",0.68187203059571,0.259083265580456,1.35607735533247,0.197059547402156,0.50108743766068,-5.28067900692353
"Q8IXS8",-0.68414089439418,-0.699870765891058,-1.35574328430072,0.197163270144838,0.50108743766068,-5.28108650414162
"Q86W34",0.675706252655854,-0.264724312644741,1.35517061437258,0.197341176744271,0.501101940947494,-5.28178486692865
"P32119",0.309769865875224,0.241098432469237,1.3530810334382,0.197991438088692,0.502314808054136,-5.2843311997805
"Q01650",0.278023135977265,0.250940791485061,1.35124801650998,0.198563293158774,0.503326814540099,-5.28656245375654
"Q6GMV2",-0.505453754714194,-0.351370151887728,-1.35002237862259,0.198946410089073,0.503859054272587,-5.28805310068969
"P13637",-0.40141644826399,-0.130130578659439,-1.34835568704402,0.199468358096997,0.504623933677245,-5.29007853154963
"Q9C0B1",0.559397928660065,-0.626125645865531,1.34795106239968,0.199595239746567,0.504623933677245,-5.29056996329841
"O60256",0.382322447364665,0.0340902558544839,1.347034410933,0.199882924630448,0.504912596071705,-5.29168285944864
"Q9BQG2",-0.550871234509417,0.148225303388356,-1.34474654059415,0.20060242683782,0.505582679111943,-5.29445804526384
"P42261",-0.819989869177765,1.93015414620557,-1.34456821874337,0.200658594705128,0.505582679111943,-5.29467420003742
"P20292",0.657927275211287,0.440469592900356,1.34410229713481,0.200805411080558,0.505582679111943,-5.29523886984667
"Q99729",0.808292513310102,-1.271588623795,1.34398256588353,0.2008431536266,0.505582679111943,-5.29538395327351
"P61006",0.923734965807556,0.687426851650713,1.3414911877196,0.201629810789618,0.506359006921917,-5.2984006462939
"Q9NRU3",0.758598781121298,-0.0109860405924657,1.34148583845476,0.201631502514702,0.506359006921917,-5.29840711891717
"Q9BPX5",-0.391866060634371,0.722898596632667,-1.34135283167207,0.201673570110825,0.506359006921917,-5.2985680511693
"Q8WWM7",-1.34125469674148,-1.30045599268358,-1.34015727689688,0.202052021693192,0.506871882006198,-5.3000140772714
"Q4G0F5",-0.303760786532198,-0.513911711654462,-1.33944743074958,0.202276995027149,0.506999186502155,-5.30087217631029
"Q9Y230",0.303037193696816,0.334343428111007,1.33880423095007,0.202481021276257,0.507073814039507,-5.3016494127184
"Q9UII2",-0.640987460021968,0.156155274239406,-1.33491217437932,0.203719161499701,0.50973582112135,-5.30634650483461
"Q9BUR5",0.312128035812071,-1.262267854934,1.33277689957699,0.204401034393971,0.510129414783599,-5.30891903777443
"P07954",-0.376305796554367,0.127513608654297,-1.33277335583142,0.204402167577278,0.510129414783599,-5.30892330460602
"Q16762",0.518614924641913,0.43394591530355,1.33277272179931,0.204402370322226,0.510129414783599,-5.30892406800875
"Q9UBB4",-0.418339672288189,0.548939484618615,-1.33100851518546,0.204967142426334,0.510883810328887,-5.31104718341147
"Q9Y262",-0.327938159111573,-0.238522017561506,-1.33073202210595,0.205055769918948,0.510883810328887,-5.311379732499
"Q04760",0.285763479183456,0.548187975662182,1.32996205608518,0.205302739254856,0.511061566494125,-5.31230552436659
"Q9P2U7",-0.529083949751912,0.14482207150307,-1.32863884201117,0.205727726554835,0.511681781431257,-5.31389557975868
"Q9ULC4",-0.355335041040828,0.377866319627106,-1.32703113673475,0.206245042566723,0.512299204318732,-5.31582587822752
"Q14847",-0.286343791382823,0.164952114190969,-1.32677342638819,0.206328064419778,0.512299204318732,-5.31613513401239
"P46020",0.439770149408576,0.185052095733114,1.3256591457228,0.206687342671559,0.512753765706937,-5.31747175944135
"Q9BZL4",-1.50901540997021,0.0876622252180371,-1.32361550469678,0.207347587918917,0.513953561195953,-5.31992096906821
"Q9P0L0",0.292765429504799,-0.309336114203237,1.32286405074525,0.207590790015366,0.514118467186991,-5.3208208283686
"Q9H492",-0.497235029903974,0.485622730398181,-1.32139175528316,0.208067953921114,0.514690102329092,-5.32258275988929
"P06396",0.468787075924832,0.555489922647306,1.32106077792052,0.208175343794275,0.514690102329092,-5.32297864257803
"Q9UKU7",-0.330753380994484,0.396118329720059,-1.3197505104566,0.208600915752938,0.515304469304796,-5.32454511374975
"Q86UE4",-0.48784380014741,-0.412882158788625,-1.31800898583175,0.209167644330908,0.515919762911626,-5.3266253321524
"P09493",0.354690863381204,0.57518457930732,1.31760570293178,0.209299057788649,0.515919762911626,-5.32710674698236
"Q9Y2I1",-0.440823515280304,0.0393631620873889,-1.31735167457437,0.209381869415337,0.515919762911626,-5.32740993298224
"Q6PJF5",-0.509840768438567,-0.353781067449512,-1.31664095689417,0.209613699087186,0.51605403074764,-5.32825794615824
"Q12846",0.38760866702199,-0.185176759278832,1.3147823114188,0.210220949735549,0.516388397616281,-5.33047398927746
"Q8NFU3",-0.39510631769162,0.54271474091774,-1.31469922542366,0.210248128359692,0.516388397616281,-5.33057299594779
"P62714",-0.416543529292505,0.442139909832106,-1.31441248400987,0.210341947326483,0.516388397616281,-5.33091464510059
"Q6ZW34",0.655338332663621,0.577787658793823,1.31372465039713,0.210567137078877,0.516388397616281,-5.33173395876417
"Q9ULA0",0.306793158481647,0.212956983802145,1.3135120504926,0.210636779371315,0.516388397616281,-5.33198713098623
"P18669",-0.425900275243439,-0.0194198776763535,-1.31105485046275,0.211443040946818,0.517928660905085,-5.33491098468027
"Q9NUB1",-0.424061383516466,-0.122967008038849,-1.31008091939768,0.211763295247062,0.518276862211061,-5.3360687177358
"P00390",0.322393903786206,0.70423473814116,1.30711341954393,0.212741492192313,0.520195598385215,-5.33959218429399
"Q08828",-0.290600138016625,-0.754347713170357,-1.30661908109528,0.212904796452505,0.520195598385215,-5.34017854267872
"Q9NQE9",-0.324168276075336,0.0374434260796105,-1.30598053400239,0.213115888900419,0.52027452743307,-5.34093570195726
"Q9UNM6",-0.381459572786505,-0.0734825473884311,-1.3038774559668,0.213812317915566,0.521150638041133,-5.34342742488759
"P11137",-0.623457951454374,-0.209952654933843,-1.30381525855459,0.213832942206568,0.521150638041133,-5.343501069323
"O94875",-0.598441821914883,0.563343679200208,-1.30252003416908,0.214262793747526,0.521714165364845,-5.34503405795832
"O43719",0.357141746325267,-0.463049995165228,1.30203865051549,0.214422729132768,0.521714165364845,-5.34560351076247
"Q7L576",-0.332564063581513,0.488343458539785,-1.30119632548159,0.214702814380382,0.521959222929751,-5.34659954992842
"O75150",1.90671044886581,-0.535838434569889,1.29883287272738,0.215490263032842,0.523258638020779,-5.34939165722124
"Q9C0C2",1.87862519291436,-0.59993368687898,1.29851321255476,0.215596943981757,0.523258638020779,-5.34976899364865
"Q16563",0.498086673565084,0.136507975581393,1.29685884046964,0.216149737831301,0.524163114240906,-5.35172072122822
"Q92777",-0.499823265484775,0.440947839164552,-1.29057795846452,0.218258778904868,0.528450160854075,-5.35911305631519
"Q96PE3",-0.301277588934681,-0.44539956956844,-1.29051266987675,0.218280788091614,0.528450160854075,-5.35918975281003
"P55209",-0.413885544109019,0.323550207072439,-1.28288665667589,0.220863788697484,0.53425903999142,-5.36812761808914
"P26440",0.376353144249317,0.15961375588642,1.27932456280739,0.222078627932343,0.53633806410735,-5.37228841694084
"P61769",0.332143374216045,0.200364526606586,1.27928579500753,0.222091878779848,0.53633806410735,-5.37233365135396
"P20472",1.03846104735813,-4.31509989742985,1.27874007075039,0.222278474365406,0.536343582423989,-5.37297029159406
"Q3YEC7",-0.285680159595841,0.0569695794924213,-1.27627143678183,0.223124117083145,0.537767298196426,-5.37584755804861
"Q9NYF8",0.599525566461277,-1.01562559872826,1.27566256135111,0.22333308357317,0.537767298196426,-5.37655655668382
"P80723",-0.442519860379508,0.303608897520758,-1.27540097379866,0.223422908425938,0.537767298196426,-5.37686107885846
"Q8IUR7",0.575544862922264,-0.173339584784316,1.27463791303231,0.223685095150073,0.537833149598399,-5.37774910428588
"Q9Y2J2",-0.50831532089456,-1.15942412235751,-1.27424582264445,0.223819912083732,0.537833149598399,-5.37820524573949
"O43427",-0.363469959790912,-1.00375375572543,-1.27321532907226,0.224174546664315,0.537849695374335,-5.37940355839044
"P63010",-0.368477057334608,0.165368430401687,-1.27315171413534,0.224196453776312,0.537849695374335,-5.37947750851225
"P27694",-0.325665314673924,-0.176392940151419,-1.26985559229529,0.225333871763925,0.540133086353396,-5.38330519987797
"Q9UL25",-0.386556257534945,0.475001080101629,-1.26895660256984,0.225644887418423,0.540433434063878,-5.38434782987597
"P43686",0.374143370166687,-0.0596001297142781,1.26841344898336,0.225832962688896,0.540439080118987,-5.38497748960564
"Q13614",0.51294371512421,-0.482322632459958,1.26736604389317,0.226195994205027,0.540841479564335,-5.38619111804305
"Q9Y3P9",-0.357350354331185,-0.0644759995142688,-1.26685634010651,0.226372825467134,0.540841479564335,-5.38678142921073
"P83916",0.580593650860298,-0.607124649434528,1.26526908928701,0.226924192368304,0.541295271199162,-5.38861851044683
"Q9BUJ2",-0.979590200172736,0.10093151374761,-1.2652386192172,0.226934787238137,0.541295271199162,-5.38865375887606
"O95670",-0.347927975729435,-0.0152409455732618,-1.26093191006082,0.228436240809413,0.544427293507579,-5.39362918488749
"P52907",0.272206038855688,0.418502204353217,1.26040051621729,0.228622045589781,0.544427293507579,-5.39424217145804
"Q9NX14",0.267405791911243,-0.524504355341843,1.25689092987471,0.229852198961542,0.546909156973089,-5.39828556126151
"P62316",0.335791014495647,-0.327409761790356,1.25587849707791,0.230208040890065,0.547308332508242,-5.39945034386663
"O43504",0.529707708168293,0.520758217318266,1.25168806873568,0.231685494991706,0.549644483072813,-5.404263521085
"P28907",0.360231533535158,1.02530356272244,1.25155235332718,0.231733470252776,0.549644483072813,-5.4044191945971
"P28482",0.355524920823201,0.77668055030895,1.25064688297919,0.232053753955367,0.549644483072813,-5.40545748312268
"Q14103",0.32214465992291,-0.980973984782462,1.25036798584499,0.232152476061307,0.549644483072813,-5.4057771712747
"O43920",0.327719591277482,-0.564850645757227,1.25015218276851,0.232228887317718,0.549644483072813,-5.40602449894026
"O94925",-0.87715530922514,-1.80606525036046,-1.24970055905217,0.232388861880559,0.549644483072813,-5.40654198756808
"Q9BU61",0.465390874233435,0.525509418144452,1.24822609575259,0.232911753281212,0.549644483072813,-5.40823046485244
"Q9BZG9",-0.481819216654019,0.368095563573728,-1.24788282595734,0.233033620757306,0.549644483072813,-5.40862333457815
"P12268",0.518263036302165,0.00454454917233991,1.24666177217666,0.23346752645577,0.549644483072813,-5.41002013339765
"Q5VWZ2",-0.40402488310426,0.107028665900174,-1.24628560265332,0.233601327914126,0.549644483072813,-5.41045022808685
"P62879",-0.355698638922836,0.0363217520478344,-1.24590851776412,0.233735515645511,0.549644483072813,-5.41088126695803
"P51648",0.522106009197298,-0.0414671630741178,1.24529717638205,0.233953193966128,0.549644483072813,-5.41157986225028
"Q7KZI7",-0.398887070838727,-0.135669994702409,-1.24524389956501,0.233972171635731,0.549644483072813,-5.41164073024782
"P26012",0.594103220669105,0.459242091599421,1.24501871934125,0.234052396210953,0.549644483072813,-5.41189797279596
"O00571",0.419258740177047,-0.628520182407973,1.24499894089316,0.234059443680763,0.549644483072813,-5.41192056565383
"P46781",-0.268611351670671,-0.034238611513986,-1.24456875436215,0.234212769419343,0.549644483072813,-5.41241189650649
"P60880",-0.404262946649348,0.0649615138141346,-1.24273323962729,0.234867867400945,0.550737706798347,-5.41450679990957
"P24588",-0.925533098219346,0.0651653447693,-1.24210034706161,0.235094082058611,0.550804527866067,-5.4152285664556
"Q5TH69",0.32415249045233,-0.0481531510120828,1.24159474164852,0.235274923758598,0.550804527866067,-5.41580496352513
"O43809",0.281066495981582,-0.38592944094199,1.24020488781175,0.235772602144923,0.551032511490408,-5.41738846340643
"P01303",0.450534633146344,-0.186823514315144,1.23981068268767,0.235913909713118,0.551032511490408,-5.41783733810276
"Q13887",-0.586881131418617,0.251107519480777,-1.23966403114753,0.235966495727437,0.551032511490408,-5.4180042990275
"Q8N163",0.384580621764759,-1.03978150876952,1.23920894184003,0.236129739459979,0.551032511490408,-5.41852231334733
"Q4KMP7",-0.373237925947644,-0.506157772900605,-1.23710427444468,0.236885854309371,0.552354035288677,-5.42091604154821
"P07339",0.353291227263449,0.394173669270686,1.23638292165517,0.237145442416721,0.552516603228709,-5.42173572833379
"Q9BTT0",0.494769899754813,-1.67364100146126,1.23505028450342,0.237625597154325,0.552535834187485,-5.42324903659322
"P54764",-0.443742092532935,1.28609331989389,-1.23487264833574,0.237689657868913,0.552535834187485,-5.42345065831274
"Q01518",0.282206524132885,0.432312921703263,1.23477931747462,0.237723321100595,0.552535834187485,-5.42355658211708
"Q96GG9",1.70117412688438,-0.958514311889585,1.2339693772176,0.23801561336842,0.552765654350564,-5.4244755404545
"Q6DN90",-0.41246553719828,-1.07040407797242,-1.23305130530459,0.238347269574569,0.552765654350564,-5.42551660903838
"Q92854",1.07334466615488,0.394677651847113,1.23267799614389,0.238482232355582,0.552765654350564,-5.42593975638877
"P17301",0.727154438046104,0.716450997996637,1.23221754780911,0.238648781273317,0.552765654350564,-5.42646153685017
"Q8TAE8",0.732338874322668,0.727889874604432,1.23138662070311,0.238949567233502,0.552765654350564,-5.42740275422263
"P30038",0.370977222698768,0.13477848316937,1.23054464384716,0.239254656477232,0.552765654350564,-5.42835597590176
"O75475",0.416816724364568,-0.511250356195178,1.23054004940941,0.239256322103972,0.552765654350564,-5.42836117595761
"Q9NZB2",-0.40817723482973,-0.293655143105822,-1.23007297620738,0.239425698161822,0.552765654350564,-5.42888973650726
"P40616",1.5117463142102,-1.67580610186747,1.22937557036869,0.239678775447102,0.552765654350564,-5.42967865610212
"Q5VT66",-0.405673858500103,-0.125086645135541,-1.22925723738042,0.239721737385021,0.552765654350564,-5.4298124816428
"Q12929",0.506387014685661,-0.0172935011335551,1.22582098016354,0.240971939445181,0.554241030153066,-5.43369417645876
"Q86YS7",-0.467982737401103,-0.0403535784436349,-1.22497121675779,0.241281892536636,0.554241030153066,-5.43465276599403
"P53004",0.324216123457805,-0.70314790837186,1.22468513165353,0.24138631294226,0.554241030153066,-5.43497537043418
"Q9Y5X3",0.503987171404939,0.0433316787056044,1.22465382627103,0.241397741482745,0.554241030153066,-5.43501066838568
"Q6NUK1",0.405112056122391,0.479555663952863,1.22453071879981,0.241442687982497,0.554241030153066,-5.43514946957674
"Q16401",-0.307958685665056,-0.278940578414711,-1.22431098092305,0.241522930500773,0.554241030153066,-5.43539719210662
"P14550",-0.426716355232432,0.307803184763174,-1.22306968080857,0.241976612994062,0.554241030153066,-5.4367959155543
"Q9BU02",0.448281529339716,0.696655768761418,1.22275017033499,0.242093498682813,0.554241030153066,-5.43715576465436
"Q96T76",-0.523056917904032,1.45880712449208,-1.22242858043569,0.242211189696852,0.554241030153066,-5.43751788039304
"Q16851",0.309052634785961,0.389021548283236,1.22227835556558,0.242266182252474,0.554241030153066,-5.43768701027499
"Q14982",-0.420912872707353,0.122776094210706,-1.21931736995318,0.243352100034433,0.555926809322012,-5.44101725239635
"O43598",0.390555369282793,0.183770974709912,1.2192274437361,0.243385139201458,0.555926809322012,-5.4411182927046
"Q15878",-0.813364632492174,0.226898834794605,-1.21726682349321,0.244106348940176,0.55713684346346,-5.44331975633505
"Q9GZN7",-0.438721428634072,-0.0848847924186328,-1.21605234688589,0.244553928142166,0.557720948976255,-5.44468200697139
"Q5JSH3",-0.254172332985841,0.571895797040918,-1.21341656566943,0.245527514536334,0.559502793500964,-5.44763478037292
"P37840",-0.431565258935439,-0.173245597419956,-1.21186475059703,0.246102125891648,0.559861764794937,-5.44937083870375
"Q96PU5",-0.48192514640069,0.800119231601044,-1.21150372331761,0.246235958552569,0.559861764794937,-5.44977447613254
"Q9Y5X1",0.545109418489727,-0.396534199232414,1.21143289950722,0.246262219566158,0.559861764794937,-5.44985364766218
"Q9Y3C8",0.267788338801177,0.0813721746959808,1.21028429123633,0.246688421057669,0.560054408557695,-5.45113712280754
"O43491",0.345968601386585,0.393847417593725,1.20983190378272,0.246856441237578,0.560054408557695,-5.45164236214935
"O95278",0.412390915292466,-0.302212693338424,1.2091589957219,0.247106529428,0.560054408557695,-5.4523936066442
"P38606",-0.28730385651003,0.170763347144148,-1.20854927855313,0.247333302961355,0.560054408557695,-5.45307401605664
"Q9C0H9",-0.280206165414361,-0.487581524764851,-1.20845350503832,0.247368938956126,0.560054408557695,-5.45318086893447
"Q96GK7",0.765864347159668,0.789233226225417,1.20809677698859,0.24750170769938,0.560054408557695,-5.45357880489959
"Q16531",0.247430793239024,-0.0910893340370562,1.20696645860422,0.247922761500595,0.560571278917429,-5.45483907441182
"O75521",0.273004826179736,0.212966113475243,1.20520714424247,0.248579231158573,0.56128908146379,-5.45679878106848
"P42262",-1.06321868519932,1.00254258582968,-1.20430227593767,0.248917399560381,0.56128908146379,-5.45780582806838
"Q8NBM8",0.347928055404873,-0.452825036168,1.20418206945601,0.248962350175817,0.56128908146379,-5.45793956292683
"P22061",-0.23785457409189,0.229195388972962,-1.20404997369164,0.249011754010225,0.56128908146379,-5.45808651282105
"O60262",-0.293379032330806,-0.119933687487929,-1.20188824587324,0.249821324216458,0.56194789224588,-5.46048949541309
"P25705",-0.459582159481655,0.30031033928427,-1.2017081197259,0.249888873947867,0.56194789224588,-5.46068956831109
"Q8IV08",-0.34905977957725,0.420813177212891,-1.20144025312592,0.249989353779112,0.56194789224588,-5.46098705348569
"P05023",-0.313320463123548,-0.541062391959378,-1.20120808656696,0.250076467511483,0.56194789224588,-5.46124484828098
"P52272",0.397436865167541,-1.36674990402366,1.19990798812146,0.250564727460238,0.562181779264559,-5.46268772450686
"P35813",-0.316860883282287,-0.374671653651551,-1.19990212655439,0.250566930483207,0.562181779264559,-5.46269422696445
"P13647",0.58101840945386,0.583413340565661,1.19919753044946,0.250831856880081,0.562342606718826,-5.46347567681188
"P06241",0.542901281869289,0.156556279246495,1.19825880210842,0.251185154267659,0.562701153902146,-5.46451622593003
"Q05586",-0.63818540174975,0.312680232695457,-1.19739333060485,0.251511223015318,0.562998199211211,-5.46547499413063
"P28676",-0.339117073288958,-0.452612448550392,-1.19645889457031,0.251863642999632,0.563084642481944,-5.46650953810308
"O15355",-0.937404867642935,-0.464828729442829,-1.19626494101304,0.251936840038313,0.563084642481944,-5.46672418917731
"Q9BX67",0.38148791274215,-0.0954108117296048,1.19355447684979,0.252961481956556,0.564867726484281,-5.46972097789726
"Q08752",0.481368343925936,-0.0789940482953466,1.19268848845349,0.253289533127299,0.564867726484281,-5.47067729715698
"Q9UIQ6",0.546710259775784,-0.289025655075813,1.19261609974809,0.253316970124394,0.564867726484281,-5.47075721147227
"P12694",-0.281151286950751,-0.0458689942353768,-1.1890815795201,0.254659437607435,0.567016776942517,-5.47465444653671
"Q9BPW8",-0.330967584568356,0.223045038638433,-1.18905271927969,0.25467042180889,0.567016776942517,-5.47468623019088
"Q9UHI5",-0.588918973000014,-0.0466156457385318,-1.18777133631141,0.255158485452199,0.567669107542735,-5.47609678665275
"Q15084",0.292482196679378,0.227974282782144,1.186757540114,0.255545140811255,0.567789198281598,-5.47721191508222
"P62266",-0.329446106075324,0.054417201261181,-1.18660673000138,0.255602697508211,0.567789198281598,-5.47737773373003
"P27544",0.461522615648836,0.114902355303545,1.18584022204184,0.255895390291469,0.568005786230492,-5.47822026209922
"Q8N0X7",0.465421201635999,0.262959813666943,1.18493479134329,0.256241464693084,0.56834044379335,-5.47921492692419
"Q99426",-0.407360889762694,0.0149416282869464,-1.18309113398341,0.25694726651541,0.569471854957991,-5.48123839420224
"P0CG39",-0.567378958805926,-0.129533768509062,-1.18152866173873,0.257546597515924,0.570365752489604,-5.48295126603498
"Q96CT7",0.372051191329969,0.420216310298594,1.1773613936858,0.259150347885026,0.573480997981313,-5.48751073938766
"Q9UDY2",0.455006249404008,0.673280831099423,1.17577159729868,0.259764196710857,0.574402593030847,-5.48924673488804
"P40123",-0.616737246912308,0.158119507548832,-1.17299012172013,0.26084086689859,0.576345423443354,-5.49227943977559
"P08621",0.41382661265113,0.178723474812418,1.17178583644381,0.261308092761004,0.576939719221943,-5.49359069780229
"P12109",1.02629822647208,0.0727954796822801,1.16891725293607,0.262423607711739,0.578963380167673,-5.49670969903523
"O00241",-0.68886922216824,-1.17530920079801,-1.16798356515003,0.262787482046428,0.579326949056897,-5.49772355973042
"Q9NQ88",-0.480122861245606,-0.0186357313375941,-1.16593971336507,0.263585358979858,0.580323443336436,-5.49994062014184
"P56385",0.265502586640356,-0.793500598701023,1.16580414480369,0.263638347797515,0.580323443336436,-5.50008756634678
"Q9P0V9",0.534117317057627,0.527390030879872,1.16447580066361,0.264157981749765,0.580830980413935,-5.50152665947548
"P54289",-0.387638454723135,0.684744867009943,-1.16419452073274,0.264268116174587,0.580830980413935,-5.50183122008925
"Q9Y2B0",0.256214032131352,0.288073838324221,1.16272088852123,0.264845688697834,0.581661097442036,-5.50342584496543
"O00584",-0.353644541550113,-0.219918515526958,-1.16189409822463,0.265170162803825,0.581934520180339,-5.50431980125017
"Q15477",0.402474908216059,-0.601515206063796,1.1587835861498,0.266393613541935,0.584178911384349,-5.50767837644626
"P11413",0.390186031440846,0.281576507124359,1.15714149963509,0.267041232331145,0.585158122050928,-5.5094484687594
"Q9Y2Q0",-0.665807295485676,0.667860848985136,-1.15584293636944,0.267554222165048,0.58532401389223,-5.51084681389003
"P09488",1.51050578481965,-0.419829332441134,1.15548013754755,0.267697678328314,0.58532401389223,-5.51123726199849
"Q9Y6K8",0.683771345223758,-0.76341927850304,1.15531473813648,0.267763099282601,0.58532401389223,-5.51141523358188
"O43678",-0.265882370755199,-0.412295194456533,-1.15491437348546,0.267921507389846,0.58532401389223,-5.51184594452679
"Q92552",-0.613512171398258,-0.118823299918599,-1.15422462607517,0.268194580569564,0.585481042353661,-5.51258768753726
"P08195",0.230917148691337,0.114510818968195,1.15361045063137,0.268437913559165,0.585572959862947,-5.5132478581311
"Q14839",0.406910487680109,0.0361973257321416,1.15210286019091,0.269035927951463,0.58643786542229,-5.51486713779292
"Q13325",0.714615829477949,-0.589276234472428,1.15117672808042,0.269403800023823,0.586800193165661,-5.51586102675969
"Q13428",0.519620687820186,-0.719688899239866,1.14940380049572,0.270109101598167,0.587896399140364,-5.51776184660764
"P31153",0.211817876099407,0.162312896369901,1.14703035120809,0.271055505326512,0.589245254529517,-5.52030276722196
"P31150",0.246288778221268,0.320773254581621,1.14683424963177,0.271133812994854,0.589245254529517,-5.52051251413096
"Q9HCJ6",0.365807690947093,-1.87291424080969,1.14549294463731,0.271669887920577,0.589398538691995,-5.52194636626264
"Q9BUL8",-0.455514421664291,0.225045079724154,-1.14549219295566,0.271670188568931,0.589398538691995,-5.52194716942464
"O14775",-0.473095070901043,-0.583847151902422,-1.14513777597179,0.271811972139057,0.589398538691995,-5.52232581139102
"Q02952",0.437215130874426,-0.524970693982589,1.14416554331576,0.272201200600074,0.589803048210138,-5.52336400644247
"P35749",0.744798758181392,0.675142894247356,1.1430946218421,0.272630429694683,0.589917286487617,-5.5245067521845
"Q5GLZ8",-0.328189407616056,0.489087137424387,-1.14259679305777,0.272830136553423,0.589917286487617,-5.52503767148032
"P49903",0.448123693637839,-0.125299160299338,1.14251717755545,0.272862085090149,0.589917286487617,-5.52512256146651
"O75352",0.413117670074033,-0.904612813483114,1.1371330251298,0.275029277736775,0.593922132049559,-5.53085218122578
"Q9UGI6",-0.683761684954445,0.772023830657345,-1.13678178440961,0.275171109838862,0.593922132049559,-5.53122518908104
"Q99622",-0.761339857742581,0.17293341760432,-1.13639641018652,0.275326789049779,0.593922132049559,-5.53163433717744
"P04433",0.888427670515294,0.406613342349144,1.13559941643404,0.275648961902,0.594176651210978,-5.53248013719758
"Q8IZP0",-0.598751066147263,1.07180322905898,-1.13463842511219,0.276037808757757,0.594574406724702,-5.53349933101769
"Q00059",-0.300497444198603,-0.24482444164073,-1.13398220020392,0.276303576735307,0.594706662943597,-5.53419489384782
"P18621",-0.234277936074208,-0.0935886922929083,-1.1331803593078,0.276628581932276,0.594966129654785,-5.5350443538564
"P36551",-0.397104770936458,-0.39453434393706,-1.1324174531739,0.276938075001127,0.595191874633146,-5.53585210939479
"Q13555",0.435062976492868,-1.71790825859662,1.1295237287916,0.278114377133221,0.59727884683223,-5.53891189068908
"P01034",-0.343225820240122,-0.566801595861956,-1.12878728988403,0.278414343578394,0.597364706288732,-5.53968956420839
"Q9H7C4",-0.962026210271264,0.0608709397928163,-1.12841784960475,0.278564916300278,0.597364706288732,-5.54007953323518
"Q9H479",0.296628519852461,-0.14483756132795,1.12774299988102,0.278840123837263,0.597477515497949,-5.54079161169008
"Q7L7X3",-0.381612810849394,0.783319558349536,-1.12728219883179,0.279028159299558,0.597477515497949,-5.54127763216975
"Q9BPY8",-0.663755861632597,0.369801566191853,-1.12552849902312,0.279744655191145,0.598397977057162,-5.54312581802691
"P21554",-0.349232442749081,0.518375464159243,-1.12522377821689,0.279869294424329,0.598397977057162,-5.54344671535369
"Q15185",0.481878190187683,-0.853526397547989,1.12264876042015,0.280924224672371,0.600212550511454,-5.54615557698207
"O60925",-0.227704094921485,0.317226012332361,-1.11931073557475,0.282296209301555,0.602694003562787,-5.54965949909095
"Q9UPQ0",-0.405055050372736,-0.337379615402405,-1.1188162759791,0.282499869711217,0.602694003562787,-5.55017780190974
"Q14244",0.513220928085726,-0.136059357101025,1.11784405889821,0.282900634296519,0.603106846742029,-5.55119634952003
"P07099",0.396800586773584,0.363415351802338,1.11685002962987,0.28331083325587,0.60353918358315,-5.55223699384884
"Q9UNZ2",-0.231157791643879,-0.0242905902906319,-1.11575346243222,0.283763865619657,0.603974670959647,-5.55338409871235
"Q9Y4E8",-1.06891214886951,0.277669708350715,-1.11535079145708,0.28393036078103,0.603974670959647,-5.55380509425356
"Q14232",-0.561291040367577,0.443628972690988,-1.11312160550607,0.284853409020851,0.605495558985155,-5.55613345536255
"P53992",-0.380237297427037,-0.414460113616657,-1.11189896575447,0.285360630583432,0.605508939412472,-5.55740885592799
"Q96KN2",0.62716219532268,-0.218341938951807,1.11142771032852,0.285556315839743,0.605508939412472,-5.55790013832096
"P33402",0.616436150015078,-0.131902497278926,1.11137154700398,0.285579643964917,0.605508939412472,-5.55795867694378
"Q86YV0",-0.413286290184851,0.174240886487563,-1.11088703005349,0.285780953534221,0.605508939412472,-5.55846358389843
"Q02818",0.427221636896923,-0.269358251838374,1.11039771309497,0.285984365705508,0.605508939412472,-5.55897330816176
"Q01995",0.874284177044109,0.531865980420001,1.10982466840305,0.286222722375478,0.605508939412472,-5.55957001605436
"Q9NSE4",-0.706870018705491,-0.746866044945052,-1.10876986839116,0.286661854402838,0.605508939412472,-5.56066770683478
"Q9P2J5",-0.397349560372605,-0.476061238889419,-1.10860161728473,0.286731947119324,0.605508939412472,-5.56084271961161
"P28066",0.335614631389848,0.434092666693959,1.10821572251172,0.286892757915723,0.605508939412472,-5.56124403972757
"P43243",0.316648603152345,-1.20819336095483,1.10783597611039,0.287051072673206,0.605508939412472,-5.56163885285612
"Q6L8Q7",-0.466266523657295,-0.111498286553945,-1.10760219140575,0.287148569205915,0.605508939412472,-5.56188185746688
"Q5VYK3",0.335614454549848,0.102950475810514,1.10708594906923,0.287363948689216,0.605524323450847,-5.56241830882456
"Q15404",0.258065168020228,0.35689267205002,1.10625263173977,0.287711869678197,0.605818770451197,-5.56328381075283
"Q86T65",0.647734542620474,0.731100837716452,1.10494317212312,0.288259224926643,0.606184270131047,-5.56464275446335
"O43617",-0.237094252505141,0.132587578087405,-1.10420172179052,0.28856949798737,0.606184270131047,-5.56541163286863
"P23141",0.759978652950607,-0.0817126164852501,1.10413782952992,0.288596246555368,0.606184270131047,-5.56547786865211
"Q9H2U2",0.242046561599308,-0.204135108760846,1.10384540628857,0.288718693608808,0.606184270131047,-5.56578097724572
"Q8NC51",0.291948962873013,0.0504491559670993,1.1028849110417,0.289121158084545,0.606430251896091,-5.56677610151177
"Q9Y566",-0.376664453112743,-0.770897596661603,-1.10257133622454,0.289252642485146,0.606430251896091,-5.56710082627348
"P59666",1.09828887642918,-0.597779097260498,1.10101721307662,0.289904960057458,0.606774716824559,-5.56870908018026
"P26640",-0.244930386469416,-0.413471898786294,-1.10094271398774,0.289936257476419,0.606774716824559,-5.56878612685333
"Q9UJC5",0.331181341747772,0.224085375541432,1.10049687825835,0.290123608058318,0.606774716824559,-5.56924711808782
"P00558",0.260992485418257,-0.000491650530571019,1.10019385186053,0.2902509985635,0.606774716824559,-5.56956035699082
"Q9UDY4",-0.336365778126138,-0.495543174182299,-1.09897660319055,0.290763144715609,0.607409010138134,-5.57081790776228
"Q9UK76",-0.252695986265437,0.0112258188577753,-1.0973413581769,0.291452223062169,0.608280844982824,-5.5725054754474
"Q01130",0.267133262936339,-0.504152147733459,1.09699448492742,0.291598549398982,0.608280844982824,-5.57286317929228
"Q13574",-0.568079694599716,0.00758969039969855,-1.09518344626837,0.292363417050167,0.609439501157582,-5.57472923917935
"Q14416",-0.443150546627395,-0.389776423226959,-1.09289934915989,0.293330210912334,0.610166152700755,-5.57707907509886
"Q5M775",-0.392543392773947,-0.290694988406943,-1.09262864877296,0.293444948778469,0.610166152700755,-5.57735729614604
"Q9Y266",-0.222319926847402,-0.064990856152866,-1.0925991318544,0.293457461714168,0.610166152700755,-5.5773876296443
"Q08722",-0.361476590885939,-0.563464315856282,-1.09215950943262,0.293643875435723,0.610166152700755,-5.57783933345239
"Q68D91",-0.37390664846314,0.424884952186051,-1.09188480059217,0.293760405475518,0.610166152700755,-5.5781215148691
"Q15811",-0.317548024359489,-0.164357837617829,-1.09063491297452,0.294291036907335,0.610308667744235,-5.57940465590972
"P06756",0.246650977692082,0.0856283468898992,1.09026972503394,0.294446209889349,0.610308667744235,-5.57977932882129
"P51665",-0.284089999795483,-0.424782368926891,-1.08987610151317,0.294613533830432,0.610308667744235,-5.58018305889543
"O95202",0.323625329361495,-0.794041764021669,1.08974817087757,0.294667930646271,0.610308667744235,-5.58031424810407
"Q6ZSJ9",0.606060585001671,0.368670894819496,1.08850799827297,0.295195647117146,0.610929874023606,-5.58158534490645
"P63098",-0.435672517917186,0.671664060942292,-1.08805696850781,0.295387743213475,0.610929874023606,-5.58204732233956
"O95870",0.457610447079231,-0.100650089879304,1.08573445836336,0.296378387953859,0.612349918082328,-5.5844236797007
"P26232",0.243768038694366,0.113195586324932,1.08546097826416,0.296495200885911,0.612349918082328,-5.58470322185725
"P45880",0.276515733892641,-1.06405230818437,1.08356834264068,0.297304551130117,0.613585988502581,-5.58663620058021
"Q13303",-0.392831945151255,0.104755774378546,-1.08232373007525,0.297837681308797,0.614250639694259,-5.58790580907208
"P07741",0.365514147984478,0.27972786276261,1.08132223668657,0.298267187059363,0.614700789194579,-5.588926531407
"O43583",-0.335861279588723,0.491129110568847,-1.07967956830127,0.298972666739702,0.615718655493654,-5.59059903080547
"Q5VIR6",-0.407091859490421,-0.515919115830549,-1.07905423360153,0.299241555730729,0.615836582161542,-5.59123516341918
"Q9UM22",-0.416196415063453,-0.180649395003863,-1.07656016789461,0.300315770130027,0.616698853897705,-5.59376923063276
"Q8WY54",-0.700174847906565,1.30856965538617,-1.07635747333038,0.30040319783807,0.616698853897705,-5.59397496071762
"Q9Y3C0",0.35542576409997,0.120592644302596,1.07576699950651,0.300657992914543,0.616698853897705,-5.59457409269947
"P13987",0.300740703238642,0.230436952339654,1.07561135045304,0.300725183638997,0.616698853897705,-5.594731978244
"Q96ID5",-0.423707834687636,-0.548803029013698,-1.07558309540272,0.300737381998394,0.616698853897705,-5.59476063723607
"Q96JE9",-0.310917545718874,-0.414620057738713,-1.07513221582238,0.300932086781698,0.616698853897705,-5.59521787749133
"P62258",-0.284121735245526,0.159092919391603,-1.07365584832257,0.301570285102087,0.617571801299841,-5.59671394971213
"Q12805",0.479776613528734,-0.208950629892564,1.07288084783245,0.301905700269868,0.617823901396143,-5.59749860513451
"Q9UPR5",-0.380487997281344,-0.209122665794561,-1.07012007506785,0.303102789274269,0.618203151030101,-5.60028991477739
"Q05519",-0.438081508093797,-0.829490566975707,-1.06963400503437,0.303313915415533,0.618203151030101,-5.6007807372776
"P02746",0.679615427298762,0.219054251558504,1.06956730160036,0.303342896758549,0.618203151030101,-5.60084807830768
"P06865",0.294732855119342,0.193349934367058,1.06955115786194,0.303349911206244,0.618203151030101,-5.60086437582966
"Q8WVM8",-0.424207835730463,-0.399234395200163,-1.06912945061463,0.303533185320445,0.618203151030101,-5.60129002716334
"P48047",0.266380725564663,-0.294855295228369,1.06891028512376,0.303628467040626,0.618203151030101,-5.6015111868595
"O43414",0.267739120904056,0.638287097327927,1.06805685493451,0.303999704639407,0.618203151030101,-5.60237202019538
"O95573",0.376995630478962,-0.680513795211155,1.06798506318924,0.304030948956497,0.618203151030101,-5.6024444084102
"Q9BVC6",0.585075970349271,-1.08480551103314,1.06785351816047,0.304088204517365,0.618203151030101,-5.60257703576861
"P11233",-0.259150890732932,-0.0460939984077239,-1.06756127361557,0.304215433771514,0.618203151030101,-5.60287163581268
"P62995",0.56437259269146,-0.861100432533619,1.06695932464045,0.304477617400556,0.618304163737346,-5.60347822335582
"P61086",-0.226764374769805,0.506412138557678,-1.06495844954924,0.305350313680633,0.618999593171275,-5.6054924536516
"P49789",0.354501085421927,0.122248704684352,1.06475833587092,0.305437696178323,0.618999593171275,-5.60569372844154
"O95372",-0.267492267043735,0.375428456161516,-1.06471134409109,0.305458218485894,0.618999593171275,-5.60574098827554
"Q07021",-0.349235121045712,0.51198996671215,-1.0637011376171,0.30589964317558,0.619310090028615,-5.60675653368247
"Q09470",-0.270776189346416,-1.14535499254973,-1.06338682586772,0.306037082289054,0.619310090028615,-5.60707234142081
"P39656",0.333711089028409,-0.401607019063587,1.05977195111057,0.307621033244855,0.621192491410571,-5.61069878258018
"O60220",-0.302623737963857,-0.22532902223512,-1.05973557544245,0.307637002815567,0.621192491410571,-5.61073522187609
"Q9BXK5",0.434648779761168,-0.87942500678346,1.0595618389855,0.307713284657447,0.621192491410571,-5.61090924771992
"Q16881",0.262417527853873,0.143308170907077,1.05914600035197,0.307895921993621,0.621192491410571,-5.61132568153747
"Q8IYJ0",0.449186778452779,-0.0317541940429428,1.05829756204995,0.308268805651216,0.621192491410571,-5.61217490767315
"P23258",0.220008023408903,-0.0210900177234991,1.05767427826259,0.308542946904585,0.621192491410571,-5.61279840536444
"Q13613",-0.32895110781678,-0.220693154094936,-1.05740085077319,0.308663266135387,0.621192491410571,-5.61307182914077
"Q14008",-0.327633748680237,-0.133458828986361,-1.05737411727768,0.308675031814325,0.621192491410571,-5.61309855908018
"P49720",0.2182182139114,0.537985915759263,1.05587953432271,0.309333337630993,0.622084561205692,-5.6145920381969
"Q15785",-0.618796922213973,0.994438185617292,-1.05531861115106,0.309580668744855,0.622084561205692,-5.6151520880126
"Q9HCC0",0.265797102781324,0.392093587565966,1.05491294502124,0.30975963202304,0.622084561205692,-5.61555696633299
"O95219",-0.295802038187898,-0.369485546322439,-1.0543487517779,0.310008657352208,0.622113197635351,-5.61611984589293
"Q9UNA1",-0.431878369894995,-0.489612512221724,-1.05391216472242,0.310201460401682,0.622113197635351,-5.61655524226596
"Q9Y5K5",-0.5594433854403,-0.404852724483119,-1.05223226108498,0.31094415120021,0.622853658799139,-5.61822914686987
"Q96BY7",-0.500534956216552,-1.07340818457172,-1.05204228537895,0.311028222159407,0.622853658799139,-5.61841830248503
"Q9BXS5",-0.247754889809415,0.00986345343806102,-1.05162534758965,0.311212790341563,0.622853658799139,-5.61883333947064
"Q9Y277",0.390752405866948,-0.719005230019666,1.05011302762124,0.311882931938283,0.623765863876567,-5.62033760036852
"P61088",-0.233085566492694,0.106361063368835,-1.04956006654405,0.312128224965074,0.623827702368382,-5.62088715877664
"P10644",0.295558685826722,0.744027395691894,1.04846541397545,0.312614228945622,0.624370139306808,-5.62197435489167
"O00231",-0.275317375704558,-0.167762248171057,-1.04783469253358,0.312894508443918,0.624370139306808,-5.62260034517471
"Q99653",-0.266505878970899,-0.644452796125019,-1.0475000072078,0.313043310394719,0.624370139306808,-5.62293239080422
"O43396",-0.244129811220024,0.487886481965717,-1.04701091143089,0.313260856847138,0.624376091387103,-5.6234174679383
"P08238",-0.369983380541163,-0.51695990696714,-1.04548116756255,0.313941991112054,0.625305403241668,-5.62493340743656
"Q9Y608",-0.304320129788669,0.35278294595031,-1.04434431596284,0.314448887727566,0.62588663699536,-5.62605878695412
"P62942",-0.359308143973738,1.47863973472605,-1.04197015954922,0.315509400937342,0.627354039429955,-5.62840564706936
"Q6ZV89",-0.499169529742314,-0.810052141371249,-1.04172895701061,0.315617289940019,0.627354039429955,-5.62864382364086
"Q92747",-0.374715032771792,0.843361251716579,-1.03973103695126,0.31651198868749,0.628223868561298,-5.63061488507744
"P26373",-0.390272745568428,0.152191822013794,-1.03941270483542,0.316654713479494,0.628223868561298,-5.63092864194825
"Q9BQ52",0.79874384325998,-0.626722127073241,1.0393060381955,0.316702548171624,0.628223868561298,-5.63103375732207
"O15144",-0.335568621572925,0.989685672936811,-1.03762089577337,0.317458950823258,0.628707865986905,-5.63269318026767
"Q13496",0.55707644934593,0.556608834913122,1.03746467224457,0.317529140901396,0.628707865986905,-5.63284690390952
"Q16478",0.351284155935085,-0.192505983228586,1.03731878943647,0.317594695189261,0.628707865986905,-5.63299043459786
"Q96BY6",-0.671629860908938,2.4486256269614,-1.0359928667883,0.318190967882,0.629255116941437,-5.63429419476145
"A1L0T0",0.35511495404727,0.487752242362711,1.03574256900825,0.318303619291338,0.629255116941437,-5.6345401502992
"Q9Y6V0",-0.453283353769649,0.443881544778749,-1.03193829674234,0.320019385133362,0.631896406662706,-5.63827221991221
"Q9NTI2",-0.406348039236883,0.0724028480776822,-1.03155925874729,0.320190703157874,0.631896406662706,-5.63864342570457
"Q9NYI0",-0.434871326569196,-1.99418101435245,-1.03092692539835,0.320476654374733,0.631896406662706,-5.639262435278
"O14979",-0.398501024192018,-0.791523787267372,-1.03085701472687,0.320508280492836,0.631896406662706,-5.63933085309368
"P62910",0.257078395290194,0.0475731267035135,1.03012396742573,0.32084003235322,0.632122203214537,-5.64004800986011
"Q8N414",0.575174477338853,-0.348066185749349,1.0281235003115,0.32174664454089,0.633267518508899,-5.6420029073407
"Q9NVH6",0.412130620248669,0.189165837990405,1.0273523543485,0.322096624558374,0.633267518508899,-5.64275562476759
"P62753",-0.245668689929807,0.197673772725307,-1.02701478799715,0.322249913998007,0.633267518508899,-5.64308497303852
"Q96M27",-0.390041826751648,0.159690038814154,-1.02692252595807,0.322291819557278,0.633267518508899,-5.64317497294195
"P19086",-0.262506733865897,-0.743441003076927,-1.0258747383871,0.322768003853849,0.633775230239339,-5.64419658791179
"P40926",-0.351106785470774,0.253665098069555,-1.02444657418893,0.323417878391223,0.634623078974012,-5.64558764976798
"P18077",-0.289244098936068,0.232141702348465,-1.02322585476639,0.323974108553223,0.635286156260026,-5.64677534917241
"P16930",0.668932744537226,0.481921848581572,1.02218994886079,0.324446670565342,0.635565861225463,-5.64778228885641
"Q9H444",0.216090991893786,0.246434641338573,1.02170383344682,0.324668599910801,0.635565861225463,-5.64825451207524
"P13645",-0.788613639369619,-0.598596245593815,-1.02102734954297,0.324977622312281,0.635565861225463,-5.6489113451434
"P52888",-0.200454070256472,0.367790492326447,-1.02099943481087,0.324990378523536,0.635565861225463,-5.64893844103543
"P14735",-0.305177826297324,0.097566060232749,-1.02020145529474,0.325355184994151,0.635812024612443,-5.64971274609359
"P18507",-0.548591128310256,-0.550197212175878,-1.01976850878548,0.325553235969945,0.635812024612443,-5.65013263213445
"Q96J02",-0.495810219244942,-0.654758958504767,-1.01752921607507,0.326578990716184,0.636464325068918,-5.65230194877046
"Q12840",-0.442759435032601,-0.356856528521698,-1.01718536255656,0.326736706709755,0.636464325068918,-5.65263469709621
"Q15942",0.462920926828732,-1.12708982061761,1.01707922876153,0.32678539843023,0.636464325068918,-5.65273738379594
"Q9NQC3",-0.226982094032401,-0.251396417413885,-1.01694932595148,0.326845001960038,0.636464325068918,-5.65286305508695
"Q86UP2",-0.227811845779514,0.173021127279201,-1.01665339663609,0.32698081305087,0.636464325068918,-5.65314929354117
"P78344",-0.412668491195027,0.349718072992931,-1.01603726114699,0.327263707450907,0.636589163557579,-5.65374502434442
"Q96RP9",0.95751484174598,-0.0951068059014603,1.0151085800978,0.327690439018295,0.636993438572637,-5.6546423679277
"O43813",0.207882442877773,0.312354033129407,1.01316757175281,0.328583634902012,0.637763984261276,-5.65651561735293
"Q08499",-0.446810649241483,-0.296207863953485,-1.01307731016453,0.328625213374674,0.637763984261276,-5.65660265351629
"Q9UBV8",0.266983875722468,0.162802151985123,1.01234005129158,0.328964969474674,0.637763984261276,-5.65731331912569
"Q96MY7",1.85254461152498,-0.544922665201602,1.01222568436483,0.329017696664152,0.637763984261276,-5.65742352120186
"Q15008",0.320174332422996,-0.323014190850285,1.01186798605401,0.329182647546542,0.637763984261276,-5.65776812473121
"O75569",-0.58488173237034,-1.74714990222046,-1.01071331166775,0.329715527028174,0.638332224133049,-5.65887981825493
"P68133",0.660120695431307,0.00073170986153484,1.0101285287911,0.329985639950656,0.638332224133049,-5.65944241983282
"A6NL28",0.425650361724461,0.399966462421925,1.00963715842459,0.330212728587715,0.638332224133049,-5.65991493697347
"Q13885",-0.415328731079502,-0.671331258845401,-1.00913415551612,0.33044530981439,0.638332224133049,-5.66039843678393
"Q9NXR7",-0.460875758614048,0.148159620603166,-1.00885867927442,0.330572736002923,0.638332224133049,-5.66066314460513
"P06753",0.248594443577941,0.565111205556995,1.00816082948888,0.330895696529137,0.638532146485272,-5.66133343877209
"Q7L266",0.326041007841011,0.0947908654139613,1.00766080220417,0.331127245659201,0.638555523438221,-5.66181347783824
"Q14353",0.425834160841899,0.585439825587449,1.0058985393333,0.331944231464806,0.639323367300624,-5.66350367136241
"P21964",0.30299941509791,-0.0183528103297659,1.00559172336504,0.332086619498254,0.639323367300624,-5.66379768108272
"Q92581",0.363827867142502,-0.462819643715162,1.00538083961007,0.332184512494345,0.639323367300624,-5.6639997182115
"P15056",-0.368786002334143,-1.04617295745667,-1.00406863482004,0.332794108775615,0.640073269356934,-5.66525606062428
"P21397",0.242370270622311,-0.0928352904686363,1.00186997292908,0.333817317072096,0.641617168216512,-5.66735797264866
"O95671",-0.373904895845794,-0.171767432620576,-0.999542045864874,0.334903141155402,0.643279300833148,-5.66957915805599
"P23528",-0.249051616670052,0.513437511701988,-0.997364471199272,0.335921125632542,0.64480902083819,-5.67165287415305
"Q8TAF3",-0.226135334169906,0.00261535600114609,-0.996387537784185,0.336378547229961,0.645261418878831,-5.67258195218669
"P62314",0.313418890117154,-0.502556602025993,0.99488414443483,0.337083339581678,0.645863512835215,-5.674010174563
"Q9UFN0",0.362396110207899,0.566970068151943,0.994771233897931,0.337136314775495,0.645863512835215,-5.67411736472258
"Q9H4A6",0.422558473270635,0.0932073250288456,0.992283692663001,0.338304926453788,0.646889196114272,-5.67647622858204
"Q8N568",-0.506912107706461,0.346718074230787,-0.991802795683965,0.338531178509934,0.646889196114272,-5.67693166401384
"Q969P0",-0.285230907050239,-0.757967337312673,-0.991782630140179,0.338540668340678,0.646889196114272,-5.67695075772867
"P23470",0.978120373980998,0.111097431068233,0.99173962046789,0.338560909169085,0.646889196114272,-5.67699148025749
"P62263",-0.228810860744465,0.0305162874204865,-0.990540491781128,0.339125580420115,0.647542938991164,-5.67812623116962
"P62191",-0.283622850604613,-0.143174017060287,-0.989867197086305,0.339442930333654,0.647629664960898,-5.67876286113806
"Q9UNS2",-0.253767026683258,0.0314566532930619,-0.989499974038979,0.339616106092897,0.647629664960898,-5.67910992990982
"Q02543",-0.20452292496655,-0.247727578089323,-0.988389971299503,0.340139946543703,0.648203827401557,-5.68015833896057
"P15954",-0.216978408758156,-1.23962927682332,-0.986816846621507,0.340883333344885,0.649195353425142,-5.6816424370114
"Q12904",-0.304411269600067,-0.21090012708252,-0.985262144656472,0.341619151155807,0.649850792792682,-5.68310715542393
"Q96RU3",0.27487598028775,-0.734328525478995,0.985146080072988,0.341674128169348,0.649850792792682,-5.68321642260965
"Q14683",-0.373212188514639,-0.0126704813901969,-0.984554616575895,0.341954388105887,0.64995902638023,-5.68377307445134
"Q9UNW9",0.484479817391656,-1.06376462559704,0.983772491869138,0.342325242428029,0.650149043354329,-5.68450872359167
"Q8WXF7",-0.392737705522022,-0.877128366833452,-0.982477734171635,0.342939796980104,0.650149043354329,-5.68572543666065
"Q9H2H8",-0.572483729185039,-0.740537364548155,-0.982070666260821,0.343133173085189,0.650149043354329,-5.68610768221048
"P35520",0.326099588602914,-0.512287167355046,0.981700319642499,0.343309172212519,0.650149043354329,-5.6864553270391
"P49915",-0.347617463857156,-0.635840705232889,-0.981259656453544,0.343518671338661,0.650149043354329,-5.68686883083243
"O75170",-0.438634011892155,-0.215424084339237,-0.980514987495586,0.343872906678454,0.650149043354329,-5.68756723974537
"A4D126",0.412053631500242,0.318736411070965,0.979824115067669,0.344201783264839,0.650149043354329,-5.68821478510945
"O00273",-0.308068402148598,0.223822769845243,-0.979509882106085,0.344351441730184,0.650149043354329,-5.68850918114048
"Q00688",-0.208032501056322,0.40231631305276,-0.979394639553961,0.344406339414074,0.650149043354329,-5.68861712823212
"P55795",0.605003416978246,-1.96167417439544,0.978156324435793,0.344996623300733,0.650149043354329,-5.68977635988439
"P62318",0.27019498518179,0.327640382594473,0.977891162990028,0.345123114551275,0.650149043354329,-5.69002442258758
"P61019",-0.263087847384164,0.248020070667315,-0.977826596920641,0.345153919797558,0.650149043354329,-5.69008481637264
"Q02153",-0.264146386033026,-0.607058001374273,-0.977727494714626,0.345201206443973,0.650149043354329,-5.69017750785969
"Q9BZ71",-0.37822229425251,-0.195263143092899,-0.977560397448855,0.345280947360457,0.650149043354329,-5.69033377758084
"O15240",-0.436496687883348,-0.2667885383684,-0.976666591009246,0.345707704906977,0.650149043354329,-5.69116927572404
"Q9NWV4",-0.316140032182339,0.216901330995743,-0.976515459545488,0.34577990121091,0.650149043354329,-5.69131048276347
"O75044",-0.436519397008765,0.293159628780497,-0.975560977124087,0.346236109484184,0.650149043354329,-5.69220185075277
"Q9H0A8",-0.754937378815779,0.491241208454907,-0.975456086639191,0.346286269367318,0.650149043354329,-5.69229975951956
"O00244",0.207587409794549,0.506039659299088,0.975428800801026,0.346299318625158,0.650149043354329,-5.69232522766793
"P48739",-0.310175476190831,-0.219616238051259,-0.972376013822326,0.34776149293138,0.652415316793716,-5.69517076069203
"Q15813",-0.280634578583948,0.208240743801843,-0.971818764362537,0.34802886609497,0.652415316793716,-5.69568934624614
"Q9NPJ3",-0.289873195177203,0.0981988778242243,-0.971505924061639,0.348179033326681,0.652415316793716,-5.6959803679307
"Q5TAX3",-0.27693838344315,0.32162485688375,-0.970997794534098,0.348423039471114,0.652452409820427,-5.69645288595878
"Q9HCB6",0.398858584090085,0.817543029933378,0.968966400534591,0.3493997320083,0.653370518896572,-5.69833977610407
"O43169",0.270734687086085,-0.153562644445563,0.968569898572359,0.349590595214595,0.653370518896572,-5.69870767388942
"P43307",0.423145503414235,-0.935667917776318,0.967666860119158,0.350025563475323,0.653370518896572,-5.6995450794555
"P23368",-0.245476881776712,0.566181027537312,-0.967155885245164,0.350271854911283,0.653370518896572,-5.70001861703895
"Q12959",-0.215787357130576,-0.416007765245187,-0.966927883454358,0.350381791920112,0.653370518896572,-5.70022984407574
"P31937",0.290470398472161,-0.194008497776799,0.966764332617232,0.350460667217524,0.653370518896572,-5.7003813354381
"Q969H8",0.244655371717086,0.194488093491478,0.966713861565986,0.350485010308436,0.653370518896572,-5.70042808050863
"Q9UKM9",0.277165976731698,-0.709850166990927,0.964113202377786,0.351740969468608,0.655175379164552,-5.70283388690912
"P07093",-0.550681916335576,-0.300107623465105,-0.963347569010372,0.352111327158526,0.655175379164552,-5.70354108548742
"P50993",0.193692107170128,-0.509290528582955,0.963311827458189,0.352128623028646,0.655175379164552,-5.70357408726832
"P29144",-0.246172215615722,0.00384504627576872,-0.95893521328279,0.354251055641212,0.658703240840847,-5.70760718323042
"Q13098",-0.212410515223262,0.344311002276296,-0.957546984441701,0.354926150109286,0.659236208563349,-5.70888312071194
"Q9P1U1",-0.429399379793506,0.760284995763891,-0.957414202127236,0.354990769353529,0.659236208563349,-5.70900507839317
"Q5JRX3",-0.477062388266267,0.529557218309837,-0.955039218153908,0.356147963968811,0.660963377008444,-5.71118396800375
"O15067",0.22035802761547,0.248404621134984,0.954107805663172,0.356602509959379,0.660990363529851,-5.71203719304915
"Q2M1P5",-0.38485482986031,-1.65649565171406,-0.953717034389348,0.356793334425344,0.660990363529851,-5.71239494550542
"P29972",0.603715225642744,1.1430895045508,0.953613431648479,0.356843938524191,0.660990363529851,-5.71248977280538
"Q9GZP4",0.22025603489406,0.178481066533857,0.951508475565895,0.357873180431759,0.662306694081069,-5.71441449296608
"Q9NV96",-0.466124851970507,0.471673110692022,-0.951229448624301,0.358009769687121,0.662306694081069,-5.7146693506249
"P62328",0.312621190666137,0.625697598990237,0.950132756712773,0.358546975874297,0.662414481924477,-5.71567041697454
"O95352",0.281122400140952,-0.047997258540279,0.949826658025056,0.358697016628858,0.662414481924477,-5.71594964611479
"O75494",0.258266853866819,-0.522426714888997,0.949716678974604,0.358750935915112,0.662414481924477,-5.7160499520071
"Q53R41",-0.485577043628518,-0.367379780810415,-0.948599858903963,0.359298798981736,0.662992126203809,-5.71706796995598
"P00505",-0.283300363057578,-0.0972563820076986,-0.947491479646723,0.359843099459842,0.662992126203809,-5.71807726253282
"P56556",-0.237221342836771,-0.914965473847747,-0.947283375797114,0.35994535886413,0.662992126203809,-5.71826664775675
"Q9H425",0.429795854944536,0.124503081239818,0.947222845739193,0.359975106323717,0.662992126203809,-5.71832172642485
"Q01484",-0.219341439901099,-0.403255918984265,-0.946351746276484,0.36040339784797,0.663361092813151,-5.71911403432764
"P30046",0.336638391541716,0.620149034915862,0.945033733352572,0.361052098657306,0.66365070222344,-5.7203116243469
"P12111",0.830211056511841,0.0810383478153767,0.944546538281624,0.361292092941134,0.66365070222344,-5.72075393758566
"P49721",0.223987802263362,0.485994263161723,0.944428306786436,0.361350351038993,0.66365070222344,-5.72086124726878
"Q14558",0.326384465516193,0.481986530200455,0.944179487856469,0.361472976984245,0.66365070222344,-5.72108704291814
"P50990",-0.190757427837571,0.177592258584773,-0.940197451534467,0.363439401661798,0.666128024684169,-5.72469355856889
"Q9UHQ9",0.372997947511326,-0.0626205145049694,0.940148063194232,0.363463837481473,0.666128024684169,-5.72473820589848
"Q86TP1",0.400678033503095,-1.56506400467521,0.940056710655567,0.363509038899814,0.666128024684169,-5.72482078369723
"Q9BSH5",0.558613670511702,0.84159330160598,0.939333314731099,0.363867114822105,0.666364571511847,-5.72547444746628
"P09455",-0.323895322317724,0.254281404337858,-0.93817880396221,0.364439097862841,0.66658051247804,-5.72651675829565
"O95831",-0.247722265981884,0.440120969519356,-0.93804953866279,0.364503179097765,0.66658051247804,-5.72663339138974
"Q15382",-0.360347303687879,-0.0325140440834477,-0.937708612637938,0.364672225383175,0.66658051247804,-5.72694093373343
"Q13425",0.357902954411998,-0.268708468549222,0.936172327709718,0.365434659902639,0.66699338085593,-5.72832557297593
"Q9H832",-0.204346598074776,0.165330488656412,-0.935384598811978,0.36582602680925,0.66699338085593,-5.72903477617284
"Q9NR45",-0.398845828479921,0.203240134836458,-0.93532304157048,0.365856622515939,0.66699338085593,-5.7290901750247
"P30566",1.45656188099529,-0.309289327737753,0.935161211372623,0.365937065220589,0.66699338085593,-5.72923579999279
"Q9UPT6",-0.428012438245616,-0.579268493861723,-0.934857731827113,0.366087952221191,0.66699338085593,-5.72950883054492
"Q9Y3L5",0.640667447017235,0.0717654624609388,0.934484977392943,0.366273341102328,0.66699338085593,-5.72984407940929
"P22392",0.244843052100411,0.474465134037101,0.933126370110348,0.366949593959373,0.667426457015478,-5.73106499753647
"P61225",-0.442515646635755,1.94932773857014,-0.932525956345345,0.367248728363407,0.667426457015478,-5.73160406684202
"P38405",0.62684110609311,0.656713815542257,0.932269317064689,0.367376641154206,0.667426457015478,-5.73183439260689
"P09471",-0.264605643764964,-0.291868369832429,-0.931995608966571,0.367513095327233,0.667426457015478,-5.73207997598115
"P05141",0.249728134313713,-0.818805317640969,0.931705144175527,0.367657941785502,0.667426457015478,-5.73234052521366
"Q08174",-0.240720877037048,0.58292168483265,-0.929868040864663,0.36857496885469,0.668447674405429,-5.73398677499233
"Q96T17",-0.351165514540402,0.128948917766851,-0.929658025798275,0.368679902893716,0.668447674405429,-5.73417479077994
"P24539",0.213229523680299,-0.856409328724324,0.927054882176517,0.369982280578222,0.670391305406368,-5.73650216465278
"Q9P253",0.450832779658511,0.457996076302083,0.925289721971388,0.370867214827648,0.670654280685148,-5.73807707518177
"Q15287",0.422075283891814,-0.378260975591979,0.925246778311175,0.370888762133455,0.670654280685148,-5.73811535757386
"Q9UHD8",0.313076973063173,-0.279855394230427,0.92508412339088,0.370970383307738,0.670654280685148,-5.73826034318749
"Q13596",0.233107397146966,-0.0913803522735724,0.924926930146892,0.371049275568071,0.670654280685148,-5.73840043919535
"Q96C86",0.389733319026482,-0.431604882068099,0.92309760369631,0.371968231167713,0.671553426228677,-5.74002926236819
"A6NGN9",-0.286531090464703,0.2625144458703,-0.922994279586674,0.372020182476286,0.671553426228677,-5.740121177253
"P59998",-0.332338514157608,0.893844774646332,-0.922559063002557,0.372239064091703,0.671553426228677,-5.74050823739563
"Q96MR6",0.246911033156625,-0.153458766753068,0.921970134224063,0.372535392911306,0.671671619189529,-5.74103174656054
"P22059",-0.184076206366778,0.169421374163856,-0.921079417979883,0.37298387980422,0.672063832959925,-5.74182296253702
"Q7L311",0.264124856851789,-0.196917234199952,0.919701257660595,0.373678533911223,0.672628394415777,-5.7430458481706
"O75363",0.433079501749981,0.156100559952936,0.919540760969377,0.373759489268148,0.672628394415777,-5.74318815749036
"P22695",0.196946056383968,-0.657567871386074,0.918151340178346,0.374460825027593,0.673349732767455,-5.74441921830826
"P13726",0.512401632947042,0.503189540306247,0.917830113831367,0.37462309874588,0.673349732767455,-5.74470359998917
"Q9Y2A7",-0.312009118930954,0.64550194450005,-0.916865077875624,0.375110896307375,0.673810313737322,-5.74555742041095
"O00170",0.395568371137787,-0.57920560707363,0.915158598952514,0.375974540165506,0.674945041259483,-5.74706530396498
"Q63HM9",-0.354418301585934,-0.177018674007852,-0.911841892530611,0.377657019755742,0.677547427551917,-5.74998895379822
"Q5TC12",0.332388036593732,0.0901341656003787,0.907710196985824,0.379760133404348,0.680448150118383,-5.75361793890115
"Q9UPV7",-0.348466424037937,-0.989783563686115,-0.907481199526816,0.37987693153798,0.680448150118383,-5.75381864926407
"P01111",-0.214059709724564,-0.0116159603910483,-0.906973451177459,0.380135991739465,0.680448150118383,-5.75426351842796
"P26639",0.20428220133623,0.388235934697431,0.906830062401267,0.380209172540375,0.680448150118383,-5.75438911031349
"O95182",0.29542592866414,-0.614028801851602,0.905384885885788,0.380947279740882,0.680982710038078,-5.75565393962813
"Q9NZZ3",-0.417719001133724,0.805128517024946,-0.904998183561682,0.381144949420428,0.680982710038078,-5.75599208279518
"B1ANS9",-0.456765125307484,-0.270668718135202,-0.9047098090437,0.381292402715893,0.680982710038078,-5.75624416251053
"O14939",-0.348021966894727,-0.351129210755115,-0.904413559088422,0.381443923492119,0.680982710038078,-5.75650305269039
"P36507",-0.277646691522368,-0.551844832975378,-0.902262197660525,0.382545497739743,0.682530593760056,-5.75838086444366
"A0MZ66",-0.331626941192347,0.0463934529631856,-0.900555325616585,0.383421019759343,0.683673509497359,-5.75986789680207
"Q9NZQ3",-0.203246122071302,-0.681024402200074,-0.899491189691777,0.383967547556465,0.684226289990954,-5.76079371739656
"Q99447",-0.247148750305737,0.156315856299389,-0.899036385659683,0.384201291355746,0.684226289990954,-5.76118911159951
"Q9Y376",0.228640758469909,0.185043854407293,0.896287908633331,0.385615915850926,0.68632557500073,-5.76357480252295
"Q9UQB3",0.197865032342818,0.199968196101849,0.895284869000036,0.386133055163809,0.686509329443211,-5.76444383769377
"P05386",0.37797033688203,0.336868601565721,0.89457496339628,0.386499347362942,0.686509329443211,-5.7650583811305
"P07814",0.172607848928193,-0.110697482691634,0.894293188107976,0.386644801235303,0.686509329443211,-5.76530218581932
"Q9NVJ2",0.268631724633238,-0.400473339752048,0.893994101806226,0.386799231803021,0.686509329443211,-5.76556089446448
"Q9UHY7",-0.311510779701103,0.329011829231537,-0.89380144885875,0.386898728620916,0.686509329443211,-5.76572749808831
"O60506",-0.182041870717169,0.256871267569868,-0.892467889273347,0.387587930109881,0.687313148458108,-5.76687987118933
"Q6P2I3",0.389792526222033,0.748588215570191,0.889595279479809,0.389075360683173,0.689530633123041,-5.76935701531131
"Q96AX1",0.349278691155307,-0.526188998215015,0.888334361981161,0.389729480166224,0.690269499259715,-5.77044211191546
"O00291",0.540115804637432,0.675023494816781,0.887323141184001,0.390254603265305,0.690416126194443,-5.77131134407262
"Q96RF0",0.476454890354064,-0.109528653933742,0.886830524657684,0.390510590417573,0.690416126194443,-5.77173447302752
"Q9BQG1",-0.501967287707867,0.190153304508015,-0.886349184451337,0.390760827495884,0.690416126194443,-5.77214771513906
"P29992",-0.201211230039869,-0.443811163580034,-0.886325415428263,0.390773187241281,0.690416126194443,-5.77216811626361
"P55196",-0.233133886783946,-0.0139430019989005,-0.88589211243248,0.390998548442763,0.690416126194443,-5.7725399383657
"Q5TFE4",0.248858802088027,-0.0196246168619173,0.8852165434749,0.39135008752841,0.690617801520724,-5.77311933003277
"P62333",0.227113153686852,-0.178683741272871,0.88362396299574,0.392179647396393,0.691644147879422,-5.7744836319749
"Q8TC12",-0.327472150153642,-0.0750285231998064,-0.882678496681934,0.392672692749921,0.691644147879422,-5.77529254550125
"Q8IXS6",-0.546260532738947,0.874876755661341,-0.882353947277667,0.39284203636033,0.691644147879422,-5.7755700434206
"P31948",0.199037608052993,0.465334661820736,0.882276608696877,0.392882397403672,0.691644147879422,-5.77563615649707
"Q96EY1",0.309501647615854,-0.396054090544298,0.88020822127613,0.393962873712781,0.692788755784686,-5.77740241438285
"Q969T9",-0.238354776065085,0.349277660797048,-0.880120530700977,0.394008725368954,0.692788755784686,-5.77747721467399
"P36955",0.483187262265313,-0.266435535466074,0.878681506862816,0.394761675693054,0.692890690342562,-5.77870376046588
"P42025",-0.222498906684103,-0.19154722253198,-0.8783160781854,0.394953035529967,0.692890690342562,-5.7790149482302
"P62745",-0.193973399034414,0.0505765137117594,-0.878262385404529,0.394981157469651,0.692890690342562,-5.7790606616546
"Q9NPA8",0.646394837054231,1.2996969292812,0.878189897668444,0.395019125525193,0.692890690342562,-5.77912237295276
"Q96BM9",-0.361080863089424,-0.548867235734203,-0.877167194218246,0.395555064876791,0.693062630825923,-5.77999255322005
"Q9H4M9",-0.26842476213594,-0.598241183579032,-0.877085442400829,0.395597927340042,0.693062630825923,-5.78006207391115
"Q13636",0.382614915844258,-0.0180772059727176,0.876319656308288,0.395999580468461,0.693062630825923,-5.780713008945
"Q9UK99",-0.299120489698884,0.265471269108115,-0.876185806103123,0.396069812736601,0.693062630825923,-5.7808267326872
"P34949",0.243599033285929,0.571196046865826,0.875458289566695,0.396451692828445,0.693311500809428,-5.78144458574425
"O00192",0.334820082895986,-0.346470969467908,0.875007312178468,0.39668853912292,0.693311500809428,-5.78182735520505
"Q92599",0.258350427120332,0.082595973753582,0.87390356723747,0.397268609522143,0.693526403069079,-5.78276342479106
"Q15233",-0.40495325472033,-0.469983458185876,-0.873098084493135,0.397692288082395,0.693526403069079,-5.7834458794581
"Q15365",0.238071556045283,-0.165946212201777,0.872978490436892,0.397755219592152,0.693526403069079,-5.78354715919533
"O94979",-0.236408134833006,-0.197036409207504,-0.87252409654658,0.397994386798332,0.693526403069079,-5.78393185587155
"Q9UHG2",0.283837971332138,-0.21738857982361,0.872507498708486,0.398003124785348,0.693526403069079,-5.78394590447687
"P07910",0.342249664431499,-1.15226824173855,0.86991772404061,0.399368095975032,0.695488425665675,-5.78613500654084
"Q9Y3I0",-0.202163699483046,-0.37771634750538,-0.869259231141225,0.399715661645492,0.69567737762463,-5.78669069812525
"Q86Y39",0.283751638114244,-1.2403291809536,0.867776801697804,0.400498858043587,0.696532050744396,-5.78794032509812
"P13284",0.761563939724517,1.51769782647585,0.867423911856046,0.400685447747807,0.696532050744396,-5.78823751674471
"Q6UUV9",0.205227136423501,-0.308968084645984,0.866617386204957,0.40111211451022,0.696857464611785,-5.78891634047234
"O75340",0.172988030823773,0.237463662508111,0.865556820020536,0.401673635251821,0.697416633999283,-5.78980812451962
"P47897",0.1790376743463,-0.404228434435788,0.864428075741288,0.402271829495296,0.69794267853824,-5.79075616728337
"Q8N608",-0.448923216675357,-0.988146325039743,-0.864080232728713,0.402456293672566,0.69794267853824,-5.79104810152909
"Q15843",-0.312957166886722,0.660731347068467,-0.862531296029122,0.403278393318339,0.698951831183065,-5.79234680561006
"Q96FC7",-0.2998532859062,-0.38122004330955,-0.860515050434385,0.404350193302119,0.700017422681352,-5.7940342100135
"Q9GZM8",-0.210474483273373,0.0229432088101448,-0.86046969428496,0.404374325610774,0.700017422681352,-5.79407212823564
"P56377",-0.247301717229237,-0.501475179691786,-0.859607773174626,0.404833103787601,0.700394965530272,-5.79479236434577
"Q15459",0.297137686937522,-0.259742687335423,0.859057784417884,0.405126029431877,0.700485291531053,-5.79525160763768
"Q9UL51",0.395682425872799,0.164857953478111,0.857701204993787,0.405849150229516,0.700998256188513,-5.79638323595857
"P62241",-0.20403188305944,0.00766483048305123,-0.857597456149163,0.405904488549019,0.700998256188513,-5.79646971518413
"P53667",-0.180901311505141,-0.246424680405824,-0.856759276176311,0.406351747018869,0.701354438804809,-5.79716803234305
"O75083",-0.366500918008481,0.685226709221089,-0.856124282556374,0.406690801748584,0.701523552512376,-5.79769666166275
"Q92598",-0.217115030392274,0.59192672530745,-0.855590846640573,0.406975774903318,0.701599232801337,-5.7981404739656
"Q6BCY4",0.289397511135346,0.389471852228066,0.853946228898644,0.407855199749165,0.702639901637255,-5.79950722002714
"Q9HAR2",-0.403950261018443,-0.573679720726905,-0.853559181336336,0.408062348373526,0.702639901637255,-5.799828530979
"P04156",-0.230553286710654,0.0394953541878765,-0.851611726507296,0.409105688170275,0.703232161394058,-5.80144325096827
"O75884",0.243907711340448,0.293275715746822,0.85147720759928,0.409177821216353,0.703232161394058,-5.80155466466297
"Q96N66",0.422600076832494,0.632539968286202,0.851008797106368,0.409429062586424,0.703232161394058,-5.80194249723355
"O60347",0.449854791730826,0.0023136518162965,0.850324461890151,0.409796303042116,0.703232161394058,-5.80250876696519
"P49773",-0.204834267927319,0.00588191110297204,-0.850248625887892,0.40983701295258,0.703232161394058,-5.80257149420906
"Q14152",-0.204453094605395,0.187817085493105,-0.850152107489578,0.409888829355008,0.703232161394058,-5.80265132151777
"P33121",0.43893669429084,0.194641417447783,0.8497626967488,0.41009793054492,0.703232161394058,-5.8029733084274
"Q05086",-0.161792704965681,0.373128113197928,-0.848879391549487,0.410572498832843,0.703631314254166,-5.80370318584314
"Q16629",0.225039351401841,-0.21892076637618,0.847690736360954,0.41121169348097,0.704119645147942,-5.80468430210102
"O00303",-0.260018708491017,-0.00702864898999671,-0.846785382233723,0.411698984884567,0.704119645147942,-5.8054307555851
"Q9BZE9",0.27160776238791,0.271827316527212,0.846759210301505,0.411713077147919,0.704119645147942,-5.80545232340014
"Q6P1N9",0.187945090030844,0.0852121134310069,0.846550804548601,0.411825304481717,0.704119645147942,-5.80562404549502
"Q9P2K5",0.234420949035438,-1.12008237854828,0.846025238434913,0.412108413606575,0.704189949263144,-5.80605693310665
"Q9UBC2",-0.421225749793381,-0.21074231255125,-0.845172582010687,0.412567991104476,0.704561534104476,-5.80675871943037
"P08571",0.266389268312287,1.30004835522855,0.84358459557447,0.413424808358686,0.705211760396009,-5.80806403503345
"Q92973",0.198430189316341,-0.0137113377790365,0.84356863913883,0.413433423792299,0.705211760396009,-5.80807713996381
"P59768",-0.305992035696175,0.357503635675126,-0.842970500807375,0.413756464770564,0.7053493336159,-5.80856822728185
"P17174",-0.189464482189666,-0.0504288026575153,-0.841955777875052,0.414304873800176,0.705870715900767,-5.80940062709188
"Q8TF61",-0.278108742581286,-0.84561498948732,-0.841354521117024,0.414630049855333,0.705976043343776,-5.80989342713139
"O95970",-0.224516864960736,-0.0846193676185446,-0.840944490726814,0.414851901758714,0.705976043343776,-5.81022931374909
"Q9P016",0.230104731646049,-0.270331622888093,0.840211163691219,0.415248871889148,0.706170325250273,-5.810829670582
"Q9NQX3",-0.260736618904077,0.241044834671993,-0.839837194504701,0.415451407844834,0.706170325250273,-5.81113564903097
"O00408",-0.270011461082515,-0.0104782756387054,-0.838174587276779,0.416352636227784,0.706883854941984,-5.81249450025848
"P78559",-0.252685822796852,0.293288917280363,-0.837757472445405,0.416578937673471,0.706883854941984,-5.81283502949791
"P12532",-0.314332771422075,-0.300012523524705,-0.837098130530858,0.416936821651705,0.706883854941984,-5.81337300056518
"Q9UNH7",-0.331234612785453,0.0165905338374549,-0.836303902275085,0.417368188354861,0.706883854941984,-5.81402052318626
"P28289",0.263523491305041,0.399213204561321,0.836284113782739,0.417378939753039,0.706883854941984,-5.81403664940457
"Q7LG56",0.300954236151841,-0.0746833057897947,0.835783329155328,0.417651084356782,0.706883854941984,-5.81444463927786
"P41091",-0.171230438464938,0.356130452010911,-0.835670025173691,0.417712674003319,0.706883854941984,-5.81453691772222
"Q9NVA2",0.227230096641941,-0.235158709922906,0.835482701588814,0.417814512199386,0.706883854941984,-5.81468945548596
"P02730",0.584503780208769,-0.0249537887704839,0.834451372195646,0.418375484370367,0.707421649923166,-5.81552871769097
"Q9Y281",-0.339406136107101,0.0207137373940717,-0.833599732661406,0.418839089422389,0.707771008499009,-5.81622105189942
"P23193",0.244864383519907,-0.315032315273273,0.832819153044374,0.419264307079873,0.707771008499009,-5.81685506032982
"P05090",0.228840278479575,0.252173980473701,0.832732076878759,0.419311758987042,0.707771008499009,-5.81692575290427
"Q14689",0.23968434792701,-0.448417851355521,0.831333235130977,0.420074535450938,0.708647477195495,-5.81806048818461
"P49674",0.469455483901439,0.409947549668548,0.829955944257123,0.420826446222433,0.709504610954392,-5.81917606505847
"Q8WVV9",-0.663808575613737,-1.38260661395133,-0.829111611869414,0.421287830950596,0.709871214861746,-5.81985913387059
"P09874",0.235057283206566,-0.2515034832042,0.827400694969289,0.422223772284321,0.711036560964915,-5.8212413549381
"Q69YW2",0.555585947225999,0.642268070999901,0.826326803134285,0.422811927137125,0.711413503710034,-5.8221076210863
"Q9H2G2",0.418781358779933,0.293870893037963,0.826099382975908,0.422936550315587,0.711413503710034,-5.82229094196267
"Q96GY0",-0.218123737964675,0.00240633777807036,-0.825061603483514,0.423505543253415,0.711959058848895,-5.82312690766744
"P19404",-0.201418383159919,-0.800874483724572,-0.82349320769863,0.424366407550385,0.712671259354286,-5.82438850583021
"Q5TF21",-0.292285212554574,-0.909644957645387,-0.823397455895469,0.424419000845697,0.712671259354286,-5.824465457338
"Q08495",-0.214182564278505,-0.293446127602033,-0.821619805685329,0.425396175155964,0.713900155538555,-5.8258926117208
"Q9UMS4",-0.193411195697881,-0.27183910350545,-0.819870882815297,0.42635898347866,0.7151035400132,-5.82729398878674
"O75382",-0.772344776620526,-1.43340505636298,-0.817341750186728,0.42775380824101,0.717029713122891,-5.82931576758148
"P13591",0.222876515678797,-0.00799290773574509,0.816706350180633,0.428104697637831,0.717064857757039,-5.82982281784505
"O15400",-0.241118353579489,0.345786149285343,-0.816411472614186,0.428267602330492,0.717064857757039,-5.83005800970467
"Q8TCZ2",0.280095848217938,-0.466410304995647,0.815544942606108,0.428746547854182,0.717335642864161,-5.8307487029743
"O14786",-0.831789185900376,1.21231769789171,-0.815227042948141,0.42892234315589,0.717335642864161,-5.83100192820571
"Q9H1Z4",-0.22887005425844,-0.174991494703013,-0.813887932349216,0.42966336968286,0.718042462274645,-5.83206762738293
"P02689",0.496769523537496,-0.511694525876998,0.813571712969638,0.429838477416643,0.718042462274645,-5.83231905204412
"Q9Y276",0.353190373886869,-0.251656930693758,0.812936724421184,0.43019024412297,0.71821779139291,-5.83282366209299
"Q86VP6",-0.228487463669673,0.185568343031501,-0.811682925724491,0.430885361113313,0.718965826169576,-5.83381898005048
"Q96HN2",0.172556775386239,0.00132877756337471,0.81117613123313,0.43116653808625,0.7190227082126,-5.83422090070566
"Q5H9L2",0.277687326972484,-0.821488809454334,0.81009212667735,0.431768356987835,0.719289612853233,-5.83507982425925
"Q02338",-0.247656967582054,-0.121726317649901,-0.809564529300116,0.432061465002292,0.719289612853233,-5.83549749640391
"O00401",-0.402527494878252,1.18341039478148,-0.809552544217085,0.432068124834175,0.719289612853233,-5.8355069815293
"Q3KQU3",-0.507944225718679,-0.0664104937836839,-0.807562622890445,0.433174795239382,0.720719642165009,-5.83708006567379
"P69892",0.438912657271675,-0.428524181823764,0.805973375652818,0.434059945139581,0.721779680203531,-5.83833389058444
"O60613",0.492377305546681,0.548068704820802,0.805217869421467,0.434481140840299,0.72206620760316,-5.83892915767993
"P12429",-0.337253453747492,-0.239430036109008,-0.804173174874159,0.435063992016139,0.72206620760316,-5.83975144502946
"Q9Y2D4",-0.456773102315772,0.42014176238991,-0.804018485445438,0.4351503383007,0.72206620760316,-5.83987312014086
"P08865",0.18463781636474,0.322651347534675,0.803885127626256,0.435224786301011,0.72206620760316,-5.83997799928962
"Q6P4Q7",-0.379766977147978,0.149920528007513,-0.802696254247268,0.435888845188617,0.722257136846249,-5.84091229141246
"O60271",0.321836653971586,-0.281683177211211,0.80267769617812,0.435899216162677,0.722257136846249,-5.84092686559231
"Q96PZ7",-0.247692820368252,-0.562994482535737,-0.802346257470269,0.436084463724694,0.722257136846249,-5.84118710243483
"Q9Y305",-0.186341101800202,-0.193193551265349,-0.801743975822019,0.436421219939837,0.722316270151174,-5.84165974869447
"Q9NZD2",0.355070083069369,0.608740178789977,0.801394671055374,0.436616604534679,0.722316270151174,-5.84193372159456
"Q9UQ13",-0.198682737154886,0.404830922389731,-0.79837219111453,0.438309578060106,0.724705040997106,-5.84429984690444
"P04216",-0.247671671139777,-0.00635078970819315,-0.796498977215397,0.439360921666262,0.725409850764322,-5.84576220838448
"Q9H1V8",-0.230826441580364,-0.118583159408818,-0.795321776877456,0.440022450658929,0.725409850764322,-5.84667961837627
"Q9UNL2",0.348772016524354,-0.22159956007417,0.795310786399537,0.440028629764798,0.725409850764322,-5.84668817762007
"Q6VY07",-0.328366311262768,0.128635101765859,-0.794478742943735,0.440496585056043,0.725409850764322,-5.84733585073393
"Q8TAM6",0.473007234599265,-0.158695246708515,0.794394615520794,0.440543917410787,0.725409850764322,-5.8474013023266
"Q5JTJ3",-0.283744239493232,0.285068230064898,-0.794158800942074,0.440676610342025,0.725409850764322,-5.84758473381673
"P10809",-0.205435656932319,0.361477818758583,-0.793813552799891,0.440870927556481,0.725409850764322,-5.84785320047702
"P55265",-0.384955407648419,-1.23182105632992,-0.793809043274342,0.440873466029978,0.725409850764322,-5.84785670640519
"Q9H7P6",-0.436444491837618,0.701168554621821,-0.793620886459335,0.440979390378724,0.725409850764322,-5.84800297270161
"Q4V328",0.364266809040831,-0.806622908547455,0.791299535995639,0.442287547566567,0.727150713795882,-5.84980491586706
"Q16630",0.265191232444929,-0.378181370356657,0.788652454631088,0.443782276594805,0.728788833752357,-5.85185385451305
"P55290",-0.389468023036397,-0.54474863642758,-0.788647963014391,0.443784815604528,0.728788833752357,-5.85185732588721
"P04264",-0.516421279925769,-0.562847197127432,-0.786968946766747,0.444734572271289,0.729705093918444,-5.85315370491033
"Q05397",-0.258794563704152,0.238352290761875,-0.786775159024253,0.444844273749594,0.729705093918444,-5.8533031679331
"P16083",0.637455306714154,-0.334994762624728,0.78476224364878,0.445984782259704,0.731163783873655,-5.85485369265764
"P08133",-0.215253043118514,0.198242698118683,-0.783303335591632,0.446812550171929,0.731827724745987,-5.85597521320166
"Q9BRA2",-0.204342090931113,0.567854093489083,-0.782259464627258,0.447405427392704,0.731827724745987,-5.85677651245846
"P48163",0.269100559698314,0.44649301939884,0.78141356295382,0.447886230852517,0.731827724745987,-5.85742513235297
"Q07812",0.53134512636461,-0.657714469034947,0.781034262627264,0.448101928055632,0.731827724745987,-5.85771576448501
"Q9BVA0",0.560829251430869,0.268151963020577,0.780905472374517,0.448175182305547,0.731827724745987,-5.85781441850275
"P46783",0.213217552788347,0.255569325397777,0.780803650913315,0.448233102409119,0.731827724745987,-5.85789240379559
"Q96A26",0.314189051644221,0.11698559999443,0.780382522885063,0.448472707053752,0.731827724745987,-5.85821484835984
"Q08462",0.309645493143776,-0.900138753584635,0.780292052536904,0.448524191545022,0.731827724745987,-5.85828409800183
"Q86Y82",-0.177910329484657,0.225627791783245,-0.780065474379427,0.448653148091698,0.731827724745987,-5.85845749794198
"Q96PE7",0.322725624236644,-0.224788819694767,0.778644210019622,0.449462592245136,0.732737335256776,-5.85954414305566
"Q9HB71",-0.200288439751969,0.168488572318595,-0.7781330411234,0.449753940414927,0.732801773016483,-5.85993452202542
"Q96GD0",-0.199814187832768,0.385553101535272,-0.776689926840727,0.450577107201371,0.733181156527492,-5.86103536540083
"Q96JB5",-0.476174042585191,0.141849791349875,-0.776668302574539,0.45058944911539,0.733181156527492,-5.86105184676233
"P05198",-0.153517297931199,0.123026979009194,-0.776399923916099,0.450742642277554,0.733181156527492,-5.86125636204219
"O00534",0.312520914796399,0.511195429017833,0.774470761568302,0.451844792461655,0.734563321823137,-5.86272456413516
"P60953",0.176143656361988,0.426576351501445,0.772953283079057,0.452712933969059,0.73538383121944,-5.86387711027252
"Q9Y2W1",0.286503020559537,-0.604925191583549,0.772705265996948,0.452854922867779,0.73538383121944,-5.86406528662806
"P35613",-0.142097270651934,0.110407276166229,-0.771614629243672,0.453479640582377,0.735680919412126,-5.86489212419133
"P54750",-0.173568114398411,0.0101975133671339,-0.771396608098777,0.453604588166949,0.735680919412126,-5.86505728335165
"P30048",-0.210363166025426,0.496182750774741,-0.770840813743215,0.453923210832126,0.735680919412126,-5.86547812559475
"O43670",0.306751119422086,-0.319958576995873,0.769356441088993,0.454774851878467,0.735680919412126,-5.8666007210536
"Q8N6N7",-0.315874923864994,0.0763722523445597,-0.769016572042384,0.454969988535038,0.735680919412126,-5.86685747786384
"O60477",-0.349266629638377,0.410556847365235,-0.768713606071404,0.455143981433433,0.735680919412126,-5.86708626859937
"P23526",0.186142435079204,0.634732665163988,0.768384795099655,0.455332864252421,0.735680919412126,-5.86733448351752
"Q13151",0.328858616483425,-2.18310570784387,0.767625528517853,0.455769206413675,0.735680919412126,-5.86790727287771
"P30520",-0.181367486934684,-0.346414804828342,-0.767264017720137,0.455977054674554,0.735680919412126,-5.86817981417974
"P62877",-0.191929809779402,0.0725383749777933,-0.76721769992338,0.456003689075318,0.735680919412126,-5.86821472447342
"P18206",0.200391767017479,0.718179737187366,0.766588462540288,0.456365619694951,0.735680919412126,-5.86868879765155
"Q14832",0.810330851100857,1.14132758344418,0.76655157527414,0.456386842432069,0.735680919412126,-5.86871657782499
"Q01813",-0.31153679810639,-0.308101599754608,-0.766395306740566,0.456476756892546,0.735680919412126,-5.86883425168955
"P09972",0.191344937466123,-0.118871393222571,0.765426329353753,0.457034538617857,0.735680919412126,-5.8695634248347
"O14980",0.280295284252304,-0.817096102884763,0.765349693342808,0.457078671513688,0.735680919412126,-5.86962105884915
"Q9Y6R1",0.187023773112183,-0.740110419683067,0.76534243246393,0.457082853023067,0.735680919412126,-5.8696265191103
"P25788",0.207430066176761,0.476285679579493,0.763851778689302,0.4579418204946,0.736655996483851,-5.87074650431368
"Q00169",-0.201504522235343,0.013189794866832,-0.763220899218995,0.458305658962929,0.736833959990123,-5.87121990687991
"Q08209",-0.274518041365845,0.561688024366897,-0.76209767016488,0.458953889860895,0.73730647891167,-5.87206187573922
"O00487",0.452446793357678,0.432024618422791,0.761404741692889,0.459354073422979,0.73730647891167,-5.87258072691623
"P47224",-0.258758520190172,0.0588538038767124,-0.761395049833536,0.459359672256652,0.73730647891167,-5.87258798092738
"O95741",-0.396926459138043,1.28510945036398,-0.760743110191631,0.459736385116648,0.73750434437125,-5.87307574051618
"P62280",-0.183297210087501,0.189553956641393,-0.759706216292825,0.460335933964915,0.737601754806348,-5.87385072240354
"P13798",0.163185623918677,0.544173684280834,0.759376248304026,0.460526828854528,0.737601754806348,-5.87409713990555
"Q9NX46",0.211347508915813,0.2759154149568,0.758773386454816,0.460875727008703,0.737601754806348,-5.87454709932042
"Q16143",-0.364974430736995,-1.15446700605142,-0.758611712074361,0.460969321829527,0.737601754806348,-5.8746677129751
"P63244",-0.183164253525152,0.0620593788548479,-0.758447384710209,0.461064464602318,0.737601754806348,-5.87479028171673
"Q15181",0.231967549046404,-0.050854542236217,0.757467089290116,0.461632292820606,0.737763758283759,-5.87552096078942
"P05388",0.206790173834748,0.0308219542709705,0.757397212765654,0.46167278482293,0.737763758283759,-5.87557301134793
"O00533",0.227099175377681,0.180288499435763,0.756417775071766,0.462240580995739,0.737889883820035,-5.87630212511892
"P62269",-0.225798479657294,0.0304747489906484,-0.75638627100934,0.462258851616469,0.737889883820035,-5.87632556305231
"Q8NFW8",-0.247378814528672,-0.405889999428328,-0.755594461993382,0.462718204492997,0.738156867877415,-5.87691434789614
"Q8TE82",0.364109324737193,-0.358852039665182,0.755223633590536,0.462933430885321,0.738156867877415,-5.87718989960363
"A2RRH5",-0.282993230459229,-0.475932813041855,-0.754441384927046,0.463387646587142,0.738476479500867,-5.87777075913197
"P50991",-0.152046332801235,0.130254577721684,-0.753131995091504,0.464148567023484,0.738919665867293,-5.8787418132233
"O75608",0.271202168903183,0.129573577013392,0.752992111490167,0.464229902760763,0.738919665867293,-5.87884546061915
"Q9Y4D1",-0.196668330141347,0.13769049521293,-0.752652315233352,0.464427515076041,0.738919665867293,-5.87909716070232
"P21281",-0.174266929428142,0.175680563463343,-0.75021309396748,0.465847599957754,0.739930904094885,-5.88090092693886
"Q13907",-0.238400140537434,0.410851547145358,-0.749827233869172,0.46607248868049,0.739930904094885,-5.88118577250804
"Q8N4T8",0.152865427654319,-0.0541602515118825,0.749157630303971,0.466462909248047,0.739930904094885,-5.88167976108939
"P06576",-0.321430271549049,0.332201104677172,-0.749091096341182,0.466501713721438,0.739930904094885,-5.88172882326632
"Q99435",0.304477687906614,0.809723530784335,0.749089520566609,0.466502632781539,0.739930904094885,-5.88172998519479
"Q92859",0.181419206051074,0.418946098517525,0.748941908298403,0.46658873161997,0.739930904094885,-5.88183882006847
"Q9Y295",-0.230462210485034,0.0923278760795137,-0.748452954248309,0.466873997345328,0.73998002847217,-5.88219918646948
"P19174",-0.352638195828798,-0.270796414233038,-0.746907214942257,0.467776520980097,0.741006900409407,-5.88333699849873
"Q15907",0.218085491444175,-0.0107669632605933,0.745786560137435,0.468431519258613,0.741017429665328,-5.8841605572935
"P15104",-0.339885387866333,-1.09190775455699,-0.745524781364291,0.46858460461981,0.741017429665328,-5.88435277248121
"O43399",0.163210237120519,0.0229439502734916,0.744856751498995,0.468975400807993,0.741017429665328,-5.88484300307232
"Q66K74",-0.212715534903504,-0.189489718123725,-0.744575759230417,0.469139840682209,0.741017429665328,-5.88504908733845
"Q9UEW8",-0.224670461292957,-0.393667572046857,-0.74430654019763,0.469297424011849,0.741017429665328,-5.88524646992639
"P10645",0.321342219300863,-1.12597254466985,0.744283283007919,0.469311038788041,0.741017429665328,-5.8852635182603
"P55268",0.269661941894445,0.525614132694606,0.742562973712184,0.470318782896559,0.741944388311473,-5.88652320813628
"P19021",-0.219109985707314,0.891528291428153,-0.742258776723582,0.470497117471999,0.741944388311473,-5.88674567652323
"P53041",-0.171995991225467,0.118832405589689,-0.741975877260567,0.470663003719237,0.741944388311473,-5.88695249421069
"Q9BR76",-0.215733479360233,0.325642760760012,-0.740919744050147,0.471282615207904,0.742518901058474,-5.8877239552069
"P30405",-0.242560172019822,0.0803162829160052,-0.738215934422308,0.472871164289829,0.74330771437628,-5.88969437005821
"P15882",-0.382768775389792,-0.541433074831596,-0.738193465916228,0.472884378772715,0.74330771437628,-5.8897107163383
"Q92841",-0.189002714327365,-0.833455714691065,-0.738012038706454,0.472991090494063,0.74330771437628,-5.88984269143402
"Q07960",-0.278742672628032,-0.0149426055382632,-0.737211564016334,0.473462089154832,0.74330771437628,-5.89042462222396
"Q8NDA8",0.249483258175462,-0.925725191746216,0.73688724690298,0.473652998773614,0.74330771437628,-5.89066022957437
"O75964",-0.161180389628268,-0.618806183321012,-0.736807003580791,0.473700241360252,0.74330771437628,-5.89071850939247
"P10721",-0.330778480144579,1.30617562029322,-0.736431210823121,0.47392152457734,0.74330771437628,-5.89099136570795
"P35573",-0.178791191617115,0.131717759512602,-0.736161962541165,0.474080108621648,0.74330771437628,-5.89118678324158
"P31939",-0.289951703040414,0.155780392737198,-0.736158461183373,0.4740821710936,0.74330771437628,-5.8911893240566
"P11142",-0.164750901050677,0.21435677739123,-0.735428952984033,0.474512006967173,0.743540725496398,-5.89171846052148
"Q9NWU1",-0.259075898447353,0.353482265724144,-0.735039101416876,0.474741810299762,0.743540725496398,-5.89200103480325
"P13942",-0.371345504147671,-0.214204188168695,-0.734353082969986,0.475146358330956,0.743774019764972,-5.89249794342683
"O14737",-0.143426070622114,0.352546879296995,-0.733545538096174,0.475622840710008,0.744119605626948,-5.8930823307443
"Q16775",-0.197980342207428,0.389077520251849,-0.732787394961966,0.476070439491419,0.744419655518555,-5.89363042916353
"P14866",-0.176659195623619,-0.390122975301319,-0.732282687838423,0.476368555049655,0.744485765410578,-5.89399501699162
"Q6NV74",-0.273615316587947,0.24151791756331,-0.729286632732006,0.478140577977348,0.746467189178396,-5.89615452758649
"Q9H9S3",-0.266750023066143,-0.583004800189025,-0.728672316191316,0.478504411620411,0.746467189178396,-5.89659630949353
"Q15691",0.162060315354271,0.29453656340562,0.728536559903457,0.478584837019714,0.746467189178396,-5.89669389148132
"Q14240",-0.196670884217943,-0.306470634016179,-0.728405537673799,0.478662465638106,0.746467189178396,-5.89678805472058
"Q13972",-0.283048260999419,0.294681336423021,-0.727925443816057,0.478946979129757,0.746510824460415,-5.89713295581948
"P11217",0.209759957767227,0.323678763472307,0.727154968321292,0.479403793487153,0.746601135986937,-5.89768602984504
"Q8TB36",-0.24342554662714,-0.170135884714847,-0.726759352785152,0.479638456432354,0.746601135986937,-5.89796980652829
"Q15262",0.195625181512424,0.210045865004893,0.726529861609652,0.47977461315999,0.746601135986937,-5.89813435623945
"P13667",-0.183812642820019,0.407136912686163,-0.726087035766427,0.480037407289996,0.746610825875942,-5.8984517356504
"O00139",-0.246952170832048,-0.211211702301644,-0.724392904998823,0.481043591799664,0.747776096227041,-5.89966429479742
"Q8IYB5",-0.391460694759841,-0.841092691400615,-0.723916741801728,0.481326626379936,0.747816595176515,-5.90000463389578
"P02538",0.419740733046855,0.0413212683718278,0.721568029006416,0.482724192068457,0.748032851851317,-5.90168036123451
"P17568",0.179680002523279,-0.993643275279577,0.721502842319924,0.482763015377927,0.748032851851317,-5.90172679803525
"P50238",0.534406380998864,0.67850589956497,0.721434727319784,0.482803584723319,0.748032851851317,-5.90177531672955
"Q9Y4D8",0.255993902221898,-0.23173985444637,0.721429556660094,0.482806664456291,0.748032851851317,-5.90177899964656
"O60645",-0.327821371561276,0.141900488708232,-0.721116648694727,0.482993059874938,0.748032851851317,-5.90200182991541
"P09669",-0.16681241842109,-1.25765711733129,-0.721091312616163,0.483008154167912,0.748032851851317,-5.90201986851936
"Q9Y2R0",0.247076224613193,-0.80769029342204,0.71971474264708,0.483828691791876,0.748905049528914,-5.90299906933406
"Q9H977",-0.337150556830674,0.426600520261463,-0.718066741692272,0.484812128409274,0.749558709437856,-5.90416907491778
"Q14919",0.388149649040607,-0.718014800377105,0.717740102235498,0.485007191962258,0.749558709437856,-5.9044006797775
"Q96RL7",-0.22063251463105,-0.208278898243654,-0.716950801831775,0.485478744028018,0.749558709437856,-5.90495993403487
"P30085",0.340305536173735,-0.375674375198478,0.716944808141776,0.485482325897022,0.749558709437856,-5.90496417865373
"Q01064",-0.275055322938269,-1.14666839080036,-0.716718087861318,0.485617827134093,0.749558709437856,-5.90512471362037
"O95487",0.187465154215673,0.179146001229518,0.716419242328564,0.485796469415737,0.749558709437856,-5.90533624697595
"P58401",-0.230481954865813,-0.660659709020997,-0.715627093906413,0.486270187068676,0.749683669717801,-5.90589656284503
"Q15121",0.231864181611899,0.407972462160035,0.714972670912298,0.486661752277636,0.749683669717801,-5.9063590281211
"P05166",-0.217426042437682,0.219761847118735,-0.714670765709924,0.486842457106076,0.749683669717801,-5.90657224552642
"Q9P1W3",-0.237046078103432,0.193108156500572,-0.714561362045463,0.486907950435273,0.749683669717801,-5.90664949016984
"Q96MZ0",-0.249122611617667,-0.611604723935316,-0.712781284125715,0.487974318980832,0.750928222228568,-5.90790478044089
"O75822",0.144745050568278,0.301415715432967,0.712210280458387,0.488316679682114,0.751057895282745,-5.90830683204373
"P08574",0.163823779659969,-0.958993558767813,0.71130402114091,0.488860347809808,0.751496889660085,-5.90894432972207
"Q9H6R3",0.29053866492173,-0.31281067215347,0.710683937321528,0.489232547312105,0.751671970791038,-5.90938008773219
"Q96AB3",0.211316668746652,0.0230033558770787,0.709827364155956,0.489746976586001,0.752065278029162,-5.90998145781932
"Q9UM19",-0.274806622504673,0.560820670937315,-0.707640626823225,0.491061726341374,0.753686510365716,-5.91151364445017
"Q5VUB5",0.50351155864237,0.30943519687615,0.706566874437902,0.491708078954131,0.754073567308471,-5.91226439045863
"P21926",0.317550749132479,0.409362251519028,0.705753987710812,0.492197739517098,0.754073567308471,-5.91283204206951
"Q9P1Z2",-0.286986285444215,0.184624402723631,-0.705203924067436,0.492529247762735,0.754073567308471,-5.91321581672693
"Q9H3H3",0.167508379663506,0.094332300431516,0.705133481587059,0.492571711131393,0.754073567308471,-5.91326494381039
"Q99832",-0.141435155688548,0.170042776944853,-0.704860273180744,0.492736424308916,0.754073567308471,-5.91345543826076
"Q9UJ70",0.184951885560677,0.347272142545574,0.704640903437089,0.492868702756258,0.754073567308471,-5.9136083442078
"Q13449",-0.22047087997871,0.695828253183744,-0.703917582160432,0.493305010521422,0.754344498485202,-5.91411220389025
"Q5EBL4",-0.366638961628141,0.162959810932644,-0.701915972651677,0.494513581615607,0.754559973504799,-5.91550400814206
"P23229",0.234673254746421,0.20185862366552,0.701903951016863,0.494520845593815,0.754559973504799,-5.91551235619497
"Q9P260",-0.228739926777792,-0.362310603113766,-0.701689383121255,0.494650507234933,0.754559973504799,-5.91566133393993
"P50148",-0.183345903880562,0.132069085137012,-0.701067201393247,0.495026600945992,0.754559973504799,-5.9160930853254
"P61221",0.249671539421693,-0.221337826724807,0.70095881162105,0.495092137312279,0.754559973504799,-5.9161682640527
"P61158",-0.245757529437393,0.992599610229939,-0.700896973516235,0.495129529172151,0.754559973504799,-5.91621114989344
"P27701",0.315368585821003,0.243206251952819,0.700450832750047,0.495399348393778,0.754559973504799,-5.91652045256821
"Q9NTJ5",0.244047381634489,-1.03853218072161,0.70025086787478,0.495520312497481,0.754559973504799,-5.91665902591663
"Q9NUV9",0.25535252214046,-0.175336136553246,0.69937009735734,0.496053323004404,0.754758370130625,-5.91726895282748
"Q15056",-0.304794554338239,-0.804586174583183,-0.699178469994429,0.496169334041198,0.754758370130625,-5.91740155899354
"Q9Y241",0.413983351975435,0.750362467598178,0.698602680493764,0.496518013392234,0.754894158292268,-5.91779980255355
"P16615",-0.203149785263642,-0.942608889695256,-0.697941543961598,0.496918555395117,0.755108614203545,-5.91825670069608
"O43181",0.135850540516612,-0.80687638929879,0.696260101742936,0.497938100892531,0.75616106834073,-5.91941690232202
"Q9BSJ8",0.202036620148827,-1.06997950212854,0.695942450874829,0.49813084811312,0.75616106834073,-5.91963579089019
"O75396",0.290424562899981,-1.21040508098088,0.694221082163423,0.49917612459579,0.75708511455684,-5.92082034763326
"P46060",-0.400946355825545,-0.830013971490116,-0.694083197946375,0.499259908877861,0.75708511455684,-5.92091511454699
"O43633",-0.223381290109166,-0.0546202097736109,-0.689765223159413,0.501887895491758,0.760295912071816,-5.92387397892669
"Q9UQ16",-0.298574847585268,-1.27966029874925,-0.689719561302487,0.501915729487958,0.760295912071816,-5.92390517671327
"P78362",-0.155299415322241,0.398625252025161,-0.689317126522871,0.502161080069426,0.760295912071816,-5.92418005126932
"P46777",0.148447959450731,0.206504666495338,0.687622927024925,0.503194748965207,0.760769672868915,-5.92533560230733
"P52943",0.295698793482508,-0.0612867141758138,0.687227986337954,0.503435890773775,0.760769672868915,-5.925604596671
"Q6IAA8",0.248789490167987,0.0275939221302662,0.687145640981402,0.503486177532513,0.760769672868915,-5.92566066403697
"P82909",-0.234131273564175,-0.20343854804774,-0.687090714681413,0.503519721630767,0.760769672868915,-5.92569805882123
"Q96RU7",-0.266913181243883,0.538015660633146,-0.68541006333989,0.504546748601438,0.761887077155134,-5.92684093113331
"O95208",-0.348963030649016,1.19755929164424,-0.685023877899995,0.504782915723402,0.761887077155134,-5.92710317600473
"Q9Y5P6",0.167009537584388,0.236873248403349,0.681893261406628,0.506699798661706,0.764383833128857,-5.92922398838816
"Q96FN4",0.251022012570029,0.277772623156862,0.681048646709171,0.507217686623768,0.764768636308375,-5.92979461675223
"Q9NVG8",0.297283170704035,0.454481937905307,0.67993623300315,0.507900251418126,0.765093351615313,-5.93054516704975
"P14314",-0.122335879932842,0.195308588669064,-0.679548849273713,0.508138071685319,0.765093351615313,-5.93080626818563
"P42766",0.248436530413548,-0.28361160753247,0.679412484044268,0.508221803667491,0.765093351615313,-5.93089814694444
"O95197",-0.142122151813795,-0.457957005565246,-0.676097216360871,0.510259944959861,0.767461440587624,-5.93312658597912
"Q8N9N7",-0.207060411225416,0.290347431553349,-0.675995913607566,0.510322298122699,0.767461440587624,-5.93319451913101
"O75643",0.184407350768979,-0.716407385888692,0.674762188671521,0.511082027628211,0.767834902917759,-5.9340210875468
"Q5VTU8",-0.236594473764151,0.00383744671639518,-0.674539835997492,0.511219022615323,0.767834902917759,-5.93416990915868
"O94811",-0.26920104070431,-0.601105786389085,-0.674083483405331,0.511500255486741,0.767834902917759,-5.93447520463601
"Q13009",1.10643619337171,1.48608656341026,0.673879365901515,0.511626074487125,0.767834902917759,-5.93461169489722
"P20700",0.252519836008631,-0.739062716811043,0.673009984155915,0.512162166842657,0.768243250263986,-5.93519260531566
"Q01844",0.292923305890215,-0.481288452463765,0.671059166982355,0.51336629746118,0.769652717986622,-5.93649357107089
"O00213",-0.283450123212468,-0.814436628309217,-0.670414279278097,0.513764711200214,0.769853403497746,-5.93692286020912
"P51148",0.192759285219931,0.174203687324298,0.66995128217006,0.5140508627324,0.769885749125726,-5.93723083072551
"Q9UIA9",-0.215819921171932,0.00281151053037393,-0.669316261260663,0.514443482160859,0.770077434716101,-5.9376529027978
"Q9UKA9",-0.423655122466476,-0.844581991937096,-0.66814253578208,0.515169627239663,0.770355230160699,-5.93843204565915
"P12036",0.500582220338638,-2.03216181554924,0.667778948385336,0.515394686845929,0.770355230160699,-5.93867314329449
"Q96S52",-0.3794178080869,-1.21450847991315,-0.667732824244662,0.515423241622983,0.770355230160699,-5.93870371981084
"Q9BV86",-0.490893586075498,0.242598210441021,-0.666754833850101,0.51602891619342,0.770864551397768,-5.93935158272334
"P46776",-0.221744468329438,0.0990517401512394,-0.666060342427281,0.516459267719082,0.771111579816588,-5.9398111050843
"Q9Y3D6",0.17902634310605,0.0189768241439085,0.664006109639628,0.517733413496683,0.772262441072247,-5.94116770457255
"O00442",0.291455736278561,-0.873195120983306,0.663842885415654,0.517834731526339,0.772262441072247,-5.941275328634
"Q07092",-0.278317287242927,1.11711473100642,-0.663102013427381,0.518294755812183,0.772262441072247,-5.94176352150816
"Q8WXR4",0.349887972483311,1.2447216033022,0.662265270982058,0.518814590864959,0.772262441072247,-5.94231427475504
"Q9UMX5",-0.166846067296035,-0.0174373186448399,-0.662196328783849,0.518857435294106,0.772262441072247,-5.94235962428853
"P18124",-0.169323909172673,0.0523892750697274,-0.661909038543388,0.519035994960322,0.772262441072247,-5.94254855359579
"P49458",0.174310818652764,-0.234887106470928,0.661054587959154,0.51956727077461,0.772262441072247,-5.94311000874655
"P49821",-0.132368411554702,-0.50457313406023,-0.661001999665542,0.519599979047962,0.772262441072247,-5.94314454209104
"P15880",0.145590220681908,-0.0406074595584005,0.660889305254048,0.519670075427926,0.772262441072247,-5.94321853688379
"Q9NSY0",0.437020789901366,-1.00055562152742,0.659973258662657,0.52024006151233,0.772262441072247,-5.94381957233394
"O60299",-0.235658998764885,-0.0964417746335667,-0.659895396352378,0.520288525837205,0.772262441072247,-5.94387062330567
"O60869",0.248435660614224,0.151211878609944,0.659692777482169,0.520414655306761,0.772262441072247,-5.94400344538392
"Q96CS3",0.436235686332286,-1.9175407829592,0.658942561609179,0.520881814454422,0.772561712570015,-5.94449489968922
"P51970",0.137008308773875,-0.974887138705904,0.657984655516066,0.52147865145769,0.772783252083169,-5.94512164790682
"P50579",0.199402856543401,0.482614305054063,0.657817837373967,0.521582629899345,0.772783252083169,-5.94523070808752
"P62993",0.152639510626545,0.824680275108184,0.657424467298326,0.521827866097398,0.772783252083169,-5.94548777795522
"P25686",0.205749220751683,-0.620621839521408,0.65624784249279,0.522561795581105,0.773476513296549,-5.94625585065724
"O94910",0.249787164834296,-0.203595631365982,0.655710221543007,0.522897337464095,0.773579690910277,-5.94660636811028
"Q15124",-0.256531475522695,0.867156516788687,-0.652697590318991,0.5247798675562,0.775189426256811,-5.94856556196202
"Q15370",-0.227146688324184,-0.648514744552567,-0.652572571061959,0.524858072867777,0.775189426256811,-5.94864668266532
"Q9NVD7",0.225864337288834,0.577613384898004,0.652462334279669,0.524927036568799,0.775189426256811,-5.94871819945026
"Q9NZW5",-0.297160805712058,-0.590094616785586,-0.65226423045023,0.52505098252652,0.775189426256811,-5.94884669206868
"Q8TBX8",0.173250000283685,-0.703698533200842,0.651368510928025,0.525611607877433,0.775505894744722,-5.94942721056711
"P22626",0.262077150844388,-1.33597594260535,0.650983499006905,0.525852689142817,0.775505894744722,-5.94967650822482
"Q9NY59",-0.292997195062079,1.21339135530386,-0.650598716370159,0.526093689685138,0.775505894744722,-5.94992551940459
"Q7RTP6",0.227569958318605,-0.672440604986435,0.650219412300553,0.526331320316435,0.775505894744722,-5.95017085008615
"P54920",-0.183063912396186,0.206145423347867,-0.649238435075177,0.526946176754342,0.775592545502131,-5.95080471596526
"P46109",-0.273450615471955,-0.535954751414517,-0.649182055650626,0.526981526618667,0.775592545502131,-5.95084111869559
"Q04637",-0.143037046377024,0.0104582701152483,-0.648850068579969,0.527189709623098,0.775592545502131,-5.95105541401651
"P02649",0.240372510800399,-0.39632031981382,0.647464383665115,0.528059151266706,0.776169376746482,-5.95194875405214
"P60866",0.166316897732338,0.0765183764028876,0.647070669744287,0.528306333539234,0.776169376746482,-5.95220225154547
"Q02156",-0.351241428451901,-0.0480422972153182,-0.646928966814426,0.528395313810317,0.776169376746482,-5.95229345330775
"Q9NQW6",0.228224223023224,-0.0825173057331415,0.646525524845959,0.528648695777157,0.776169376746482,-5.95255301095685
"P25787",0.156246612529236,0.501667019203123,0.645521120699281,0.529279811340295,0.776583151376179,-5.95319854270039
"Q9UIC8",-0.159925932915755,0.141309901407998,-0.645227716745198,0.52946425165991,0.776583151376179,-5.95338693607382
"Q00535",-0.292541821653471,-1.04274629061201,-0.644635455909473,0.529836670922349,0.776655577756619,-5.9537669792888
"Q9UNE7",-0.222725871549923,-0.0540281871510472,-0.644300412645123,0.530047414922558,0.776655577756619,-5.95398182554465
"Q8NCA5",-0.23157053205401,-0.102513824755438,-0.643332030623116,0.530656798756289,0.777157163754806,-5.95460221050913
"Q9BWS9",-0.184584791028043,0.0840433938584939,-0.642091521913711,0.531438004474456,0.777909755040577,-5.95539565123399
"P30419",0.172543410351928,0.528318643960611,0.641153877092515,0.532028913157323,0.778383176112524,-5.95599442335845
"A1Z1Q3",-0.191661640029772,0.784282115336321,-0.639192811152683,0.533265983738045,0.779446566355215,-5.95724408699246
"O43541",0.63068293110943,-0.180328453383649,0.639090644393358,0.533330476436741,0.779446566355215,-5.95730909288253
"O75110",-0.169892711213944,-0.00595249666319152,-0.638728208839705,0.533559299030787,0.779446566355215,-5.95753962188872
"Q4G0N4",0.150606076642204,0.232359528508934,0.637598743717931,0.534272737447622,0.780097173092113,-5.95825723598078
"Q8N465",-0.261329281432196,0.408149548698703,-0.636398636619506,0.535031384542804,0.780813103821244,-5.95901842517982
"Q9NRW1",-0.157469384691493,-0.209009661514321,-0.635067405755521,0.53587362821188,0.781254985897746,-5.9598612050574
"P55072",0.139058975460563,0.477505085189413,0.634889512847619,0.535986233830508,0.781254985897746,-5.95997370040669
"Q16849",-0.156471125184905,-0.261593019355112,-0.634625325060623,0.536153488285407,0.781254985897746,-5.96014071195961
"P13489",-0.173828642363397,0.212784100608987,-0.634223299446102,0.53640806248237,0.781254985897746,-5.96039473503323
"Q96JJ7",-0.191382539151823,-0.782986022983299,-0.632819118988852,0.537297760838433,0.78154379133816,-5.96128078991469
"P12955",0.147354989788078,0.551475087648263,0.632804385698632,0.537307100325451,0.78154379133816,-5.96129007700802
"Q9Y646",-0.143845372370908,-0.0142420558712651,-0.632567317483899,0.537457391223654,0.78154379133816,-5.96143948441214
"O60291",0.203513908842368,-0.344865553449367,0.632215229975988,0.537680642700686,0.78154379133816,-5.96166128320216
"Q92616",-0.169537699099044,-0.404236755852025,-0.630568078754494,0.538725755604861,0.78228674069332,-5.96269736901201
"P63167",-0.222505128102015,-0.0767129088330235,-0.630418959910814,0.538820427032621,0.78228674069332,-5.9627910417362
"Q13185",0.400084108581832,-0.973261373737543,0.630138902829446,0.538998252608284,0.78228674069332,-5.9629669102413
"P51674",-0.153086482745159,-0.466410058971871,-0.629488262797287,0.539411510574193,0.782496259108126,-5.96337521123913
"P61328",-0.246133018848707,-0.318243479102249,-0.628965276120258,0.53974381674092,0.78258819467667,-5.96370311718459
"P24043",0.599084014489362,2.01738075635676,0.624053486516694,0.542870329404612,0.78627355397791,-5.96677022277775
"Q63ZY3",0.339338785770843,0.168031492197096,0.623096738749876,0.543480497042856,0.78627355397791,-5.96736501624589
"P36915",-0.230037742692667,-0.738516558684267,-0.622969448047403,0.543561705547279,0.78627355397791,-5.9674440858521
"A0AVT1",-0.190528083866941,-0.041566058682072,-0.622546700749397,0.543831456698017,0.78627355397791,-5.96770657602155
"A6NGB9",-0.463647724786855,1.39544733386108,-0.622244901007135,0.544024077661832,0.78627355397791,-5.96789386529996
"Q13630",-0.146070878339495,0.327069235215942,-0.622141945208154,0.544089796909091,0.78627355397791,-5.96795773748288
"P62917",-0.154461210368236,0.265657297502224,-0.622005414643774,0.544176954540038,0.78627355397791,-5.968042423567
"Q9BRG1",-0.224799310905782,0.171953123779547,-0.620867969625383,0.544903370608826,0.786299781806223,-5.96874726789045
"Q15042",0.443154884620145,-0.484559018249654,0.620802152107236,0.544945420602231,0.786299781806223,-5.96878801602936
"Q8NF37",-0.235837108494153,-0.103118029362579,-0.620707767234825,0.545005725052629,0.786299781806223,-5.9688464433328
"P21589",0.224039106028912,0.27585788412368,0.618553967223953,0.546382834090525,0.787319054008771,-5.9701774390374
"Q9Y4P1",-0.253385139777827,-0.466643372607217,-0.61842688994374,0.546464145405657,0.787319054008771,-5.97025583338673
"P61313",-0.148290607089001,0.231813315684253,-0.617481195713986,0.547069464191525,0.787319054008771,-5.97083875773104
"Q9Y2Z0",-0.173705093108207,-0.130218463600253,-0.617480398491925,0.547069974632204,0.787319054008771,-5.97083924878241
"P14649",-0.283958640043652,0.0562138834815579,-0.617373974535638,0.547138117495591,0.787319054008771,-5.97090479557579
"P00966",0.168602283228319,0.699791918828342,0.61706567247507,0.547335548542867,0.787319054008771,-5.9710946194633
"Q9NRG7",-0.213576610728005,-0.326950578397129,-0.616182301155772,0.547901460655193,0.787664051073478,-5.97163802244582
"Q96SZ5",0.168356449555397,0.0113360204165901,0.615831172443623,0.54812649279734,0.787664051073478,-5.97185381412399
"Q5T4S7",-0.181965785712488,-0.242944835021292,-0.61432824938017,0.549090263491286,0.787664051073478,-5.97277614741383
"O14994",-0.218798299807192,-0.548184283453686,-0.614277160936638,0.549123041025463,0.787664051073478,-5.97280746265113
"Q93034",0.138658107198148,0.473663307025772,0.614070905133628,0.549255382396586,0.787664051073478,-5.97293386447504
"P35222",0.18247655847566,-0.151175031299873,0.613757025222454,0.549456812977158,0.787664051073478,-5.97312614578162
"Q99471",-0.133396778025433,0.209551916593372,-0.613736305395628,0.549470111229952,0.787664051073478,-5.97313883538165
"Q13368",-0.341565026703841,-1.15203864476925,-0.612634952304416,0.550177228002072,0.788289381332363,-5.97381276328461
"O00743",0.233942529765399,-0.115926662452106,0.611089804107457,0.551170120799303,0.789323352128924,-5.97475632682134
"Q9BV79",-0.15432118842937,-0.13703704320718,-0.609922514944071,0.551920855922732,0.78967583290249,-5.97546765389498
"O60547",-0.220111088042715,0.869145005047317,-0.609797869385979,0.552001053996385,0.78967583290249,-5.97554353495908
"O43390",-0.191633961437121,-0.99504671083453,-0.609215492276431,0.55237584505076,0.78967583290249,-5.97589787727098
"P36404",-0.271274874611531,-0.725847884796074,-0.609019952240389,0.552501716766141,0.78967583290249,-5.97601678018394
"Q9Y2K9",-0.26819214639407,0.284418804638143,-0.60691417369939,0.553858226315567,0.790687212101607,-5.97729496467218
"Q96DB5",-0.167747880187624,0.567185850305741,-0.606719891564128,0.553983471223658,0.790687212101607,-5.97741268097558
"P51572",0.2019966514912,-0.409664097865405,0.606656289256001,0.554024476108308,0.790687212101607,-5.97745121012216
"Q14515",-0.211805730793506,-0.757655675513647,-0.605215266040589,0.554953957496361,0.791437673828971,-5.97832313303519
"Q96FJ2",0.183072388643348,-0.479639635946786,0.604878693283504,0.555171174076009,0.791437673828971,-5.97852650139426
"Q8N1T3",-0.235415054781943,0.0670628969818011,-0.604162667027562,0.555633435270539,0.791437673828971,-5.97895879221557
"P02533",0.385892928560703,-0.169305021978405,0.604155285318692,0.555638201935597,0.791437673828971,-5.97896324629737
"A2RU67",-0.174314567553772,-0.212901535725737,-0.602934753233473,0.556426653844873,0.792069237627559,-5.97969900071002
"Q13049",0.301981052313229,0.220627755170581,0.602626348661705,0.556625976270913,0.792069237627559,-5.97988468872433
"Q5T1M5",-0.263425121857519,-0.622485753182222,-0.601354038718701,0.557448681807726,0.792570566347936,-5.9806497865182
"P20339",-0.128679778688599,0.203835916833771,-0.600652543539535,0.557902566709595,0.792570566347936,-5.98107097312693
"O76054",0.176527493076678,0.347240990053537,0.600174587800563,0.558211930578189,0.792570566347936,-5.9813576773604
"Q9HDC9",-0.141804502982696,-0.336188884153345,-0.600154079536924,0.558225206929686,0.792570566347936,-5.98136997451641
"Q08380",0.240824173093538,0.206099021448645,0.599976628697376,0.558340089695282,0.792570566347936,-5.98147636090366
"P28331",-0.137574323699577,-0.738219041149468,-0.599518804741184,0.55863654680378,0.792604754363237,-5.98175070075036
"P05165",-0.139914133976665,0.17475412356838,-0.599007348890803,0.558967833083416,0.792688301302505,-5.9820569437986
"P16112",0.343202119813429,-0.219181809914295,0.595621846412623,0.561163405533232,0.795297050053149,-5.98407783141214
"P07919",0.154042963600534,-0.882532410266498,0.595328292543468,0.561354000278065,0.795297050053149,-5.98425254969958
"P52594",-0.134337439796819,-0.180863543991404,-0.594756212800435,0.561725532704573,0.795436155800637,-5.98459280744207
"P98160",0.191372897949194,-0.170134067340243,0.594250907422394,0.562053809085895,0.795513902937721,-5.98489309183154
"O14523",0.28012288314777,-0.914917785266446,0.593548957047544,0.562510008879385,0.795772545376281,-5.98530983383125
"Q1KMD3",0.283227312635918,-1.55588330194833,0.592400626967458,0.563256741044126,0.796441747540529,-5.98599058137498
"Q12912",0.699824897085347,0.065702380536361,0.591768875756188,0.563667780820275,0.796635863131132,-5.98636456037062
"P32969",-0.151981391469869,0.0583738966577825,-0.588718171055704,0.56565493926533,0.798894981970956,-5.98816516781239
"Q13332",0.219479085934169,0.132376550949687,0.588472215610194,0.565815311973244,0.798894981970956,-5.98830995287681
"P63173",-0.132074785032125,0.170413227735675,-0.587441843142068,0.566487419726147,0.79896817068781,-5.98891587211494
"Q8TEA8",0.146086591107198,0.7561224203891,0.587043541322957,0.566747344557341,0.79896817068781,-5.98914982693937
"Q9ULP9",-0.182380412745471,-0.162784143230083,-0.586791841282864,0.566911632430205,0.79896817068781,-5.98929759308158
"P56211",0.245663246735637,-0.324146917804479,0.586709496073696,0.566965385728635,0.79896817068781,-5.98934592262891
"Q8WUW1",-0.192318085472772,0.726963289649094,-0.586093924546218,0.567367304564205,0.799147558703696,-5.98970700626
"P08708",-0.133497857440683,0.0807802757289431,-0.584125547705574,0.568653515271345,0.800264617601014,-5.99085920819817
"Q5VW32",-0.267778046705039,0.289731487770687,-0.584038566127075,0.568710388040858,0.800264617601014,-5.99091003855042
"P36578",-0.143112870167236,0.00342296796666243,-0.582632918269435,0.569629887975732,0.801171084586458,-5.99173047565338
"Q9UMX0",0.191835292880627,0.0872784991246717,0.581984334008187,0.570054423296226,0.801380855938172,-5.99210840323394
"O75746",-0.118653781263982,-1.15574257964222,-0.57965526880045,0.5715803118554,0.802557231277431,-5.99346224550721
"P32004",-0.170616562855843,-0.841327441931889,-0.579084296670771,0.571954714366458,0.802557231277431,-5.9937933539815
"O75323",-0.1346159544185,0.276133924154,-0.579046145697478,0.571979735657665,0.802557231277431,-5.99381546679901
"Q9Y547",0.331034127203877,0.406713640484724,0.579023790109687,0.571994397824533,0.802557231277431,-5.99382842375542
"Q9HAB8",-0.283479328893237,-0.715546628673307,-0.578022943914555,0.572651017814673,0.80308090994391,-5.9944080119607
"Q14160",0.193874135853005,0.039854195885723,0.577613770144644,0.572919576990913,0.80308090994391,-5.99464468938332
"O95456",0.22109167118623,-0.227349170153771,0.5770756363373,0.573272879688349,0.803182046232283,-5.99495571839488
"Q16698",-0.226099629665441,0.559556327534992,-0.576625816351451,0.573568289645303,0.803182046232283,-5.99521549264721
"Q9NX47",-0.19678031723367,0.309926554287542,-0.575899371978371,0.57404553645187,0.803182046232283,-5.99563461293058
"Q16181",0.134922709463885,-0.0287306568965449,0.575822945238112,0.574095758131666,0.803182046232283,-5.99567867795342
"P30049",-0.241014621716239,-0.0669570803640213,-0.574936589139828,0.574678371194528,0.803501278290106,-5.99618931421574
"P62854",0.133957153116828,-0.330364480167853,0.574635772822248,0.574876172302405,0.803501278290106,-5.99636244674302
"P35268",0.155642742809103,0.11548821092493,0.574062307709398,0.57525335227978,0.803642465258839,-5.99669226154282
"P02794",0.347333924242979,-0.924401156834998,0.573535430612656,0.575600005059184,0.803740889981874,-5.99699500636131
"P30519",-0.155081130168748,-0.479087372549272,-0.571503402830455,0.576937982300445,0.804952724418635,-5.99816013822457
"Q9GZV7",0.205477409103026,-0.0366981609247006,0.571203160202667,0.577135813629201,0.804952724418635,-5.99833195895728
"Q9H936",-0.212183941428701,0.251472310493675,-0.570794250136043,0.577405303662436,0.804952724418635,-5.99856582897242
"P11166",-0.139386350268451,-0.880326629644184,-0.570537835572711,0.577574325974608,0.804952724418635,-5.99871240017444
"Q9NUQ9",-0.1157724504208,0.0040172387637443,-0.565451630024475,0.580932377583431,0.808812625171271,-6.00160681358256
"Q8NF91",0.205520518227291,0.11115182006753,0.56541571057894,0.58095612871518,0.808812625171271,-6.00162716656095
"P61160",-0.215505573383348,0.92127475833965,-0.565080611564813,0.581177731695233,0.808812625171271,-6.00181698386075
"Q3LXA3",0.110388702003697,0.396769710540926,0.561812192946451,0.583341461945454,0.811435781195636,-6.00366276262521
"Q8WUD1",0.223586186189759,0.321625541421804,0.56107545101916,0.583829770157836,0.811727009631773,-6.00407741504768
"Q9UBI1",-0.157536449399384,-0.0454353740621638,-0.559965419669376,0.584565892284784,0.812362343146476,-6.00470118264992
"P04114",0.350481769836177,0.158636447053772,0.558833470870995,0.585317043557382,0.813017945943667,-6.00533605390685
"Q8NFZ8",0.164184218564443,0.0416388541586191,0.557736776309437,0.586045276077965,0.813641103715114,-6.00594998412448
"Q8NHG7",0.264981228052536,-0.218213755160833,0.555771319965656,0.587351557483746,0.81460749909441,-6.00704737016152
"Q96FZ7",-0.313921193702716,-0.27153367375039,-0.555672927695477,0.58741699035413,0.81460749909441,-6.00710220904455
"Q86UY8",-0.291752870441637,1.18007000316318,-0.555074138380944,0.587815278420981,0.81460749909441,-6.00743574428067
"P05387",0.154726528537758,0.299116886854778,0.55483515301654,0.587974279677929,0.81460749909441,-6.00756876717579
"P07858",0.159904900472389,0.0695366261964229,0.554229588171992,0.588377271913505,0.81460749909441,-6.0079055891066
"O75347",0.12601761825396,0.384907961016128,0.554163967907261,0.58842094951768,0.81460749909441,-6.00794206675714
"Q17R89",-0.319169372708738,0.0147934296988138,-0.553653216747935,0.588760968349783,0.814690640940499,-6.00822584736234
"P60520",0.164135439000029,-0.19381695956283,0.552971835132194,0.589214736955034,0.81493102877336,-6.00860404392995
"P40222",0.125106647749469,0.230682811828895,0.550947567775767,0.590563863510094,0.816408951455759,-6.00972497891508
"Q96SU4",-0.137237617809722,0.0728081022025918,-0.550192200872624,0.59106770291693,0.816585909706497,-6.01014225679438
"P08237",-0.132682884967458,-0.016437818450073,-0.549376981668512,0.591611711290604,0.816585909706497,-6.01059198484873
"Q9NY33",0.152957725940891,0.353511173746398,0.548540430452307,0.592170220854516,0.816585909706497,-6.01105281903797
"P56192",0.190603345430312,-0.461502096406996,0.548387800459155,0.592272150786053,0.816585909706497,-6.01113682656757
"P35998",-0.13039029849282,0.0868738219311044,-0.547505087079625,0.592861823414691,0.816585909706497,-6.0116222339293
"P80404",0.159394057110126,-0.426694751070122,0.547047252534085,0.593167785227058,0.816585909706497,-6.01187370468004
"Q8N0X4",-0.334562516699203,0.341863463975324,-0.546839490992353,0.593306654726429,0.816585909706497,-6.01198775374588
"Q9NUJ1",-0.164593595042462,0.26855872085015,-0.546592238152016,0.59347194212377,0.816585909706497,-6.01212342731684
"Q96DD7",-0.184532400551832,-0.530425659614623,-0.546583976167431,0.593477465627945,0.816585909706497,-6.01212795985413
"P61353",-0.132685633419646,0.118224500430826,-0.546553251687407,0.593498006539258,0.816585909706497,-6.01214481477625
"P18085",0.178770323511264,-0.444187798429908,0.545469683944664,0.594222659454407,0.817196568531344,-6.0127386625228
"P20936",-0.218154653205833,0.168174560539324,-0.544783289007262,0.594681929677396,0.817429567274773,-6.01311425769942
"Q9H3S7",0.243708668419516,-1.44917076037217,0.544376960304695,0.594953891232979,0.817429567274773,-6.01333638773232
"P43304",0.229876858477823,-0.165153430775009,0.543643747952606,0.595444800529904,0.817656630853658,-6.01373681632048
"P78527",0.168888868347153,-0.648002576991685,0.543290896278907,0.595681119384796,0.817656630853658,-6.01392933503
"Q9ULH1",-0.202022085645598,0.215959039660462,-0.542405161176819,0.596274541192609,0.818085296968643,-6.01441207281774
"P62826",-0.105382172206249,-0.0104644312584111,-0.54141723979724,0.596936778826486,0.818607929493437,-6.01494961518576
"O75489",0.110884473210508,-0.825817568771862,0.540140022401867,0.597793493185667,0.819075946938189,-6.01564317891271
"O75122",-0.0990309588587734,-0.209311965093286,-0.539775841151987,0.598037887553052,0.819075946938189,-6.01584065220373
"P17812",-0.308068027557742,0.118184028487696,-0.539613067526677,0.598147137831993,0.819075946938189,-6.01592887322742
"Q8N183",-0.227715271221374,-0.302169136648877,-0.539230514407391,0.598403939240753,0.819075946938189,-6.01613611146754
"Q9UI08",-0.138623139783788,-0.0767326481384548,-0.538036272507198,0.599205971591176,0.81939053896355,-6.01678215658776
"Q9Y3C6",0.259772762036058,-0.67724346700807,0.537949865388044,0.599264022155091,0.81939053896355,-6.01682884680483
"Q9UI09",0.159489999947343,-0.749463582030194,0.53751817842089,0.599554083225285,0.81939053896355,-6.0170620020519
"P78371",-0.124080750160386,0.0151900923553557,-0.537211657332754,0.599760085220743,0.81939053896355,-6.01722744616083
"Q9UF11",0.141268080882847,0.0535944929144897,0.535793018720162,0.600713966274322,0.820082858770677,-6.01799197720565
"Q8TBG9",-0.441455577927271,0.960006239736918,-0.535561142692576,0.600869950353082,0.820082858770677,-6.01811675560844
"Q9BY67",-0.157911740251261,0.0629279876096821,-0.534888322301804,0.601322674989845,0.820082858770677,-6.01847852478978
"O43175",0.159667171107426,0.522253939287779,0.534782201994855,0.60139409643183,0.820082858770677,-6.01853554493637
"Q9NRF2",-0.282966042290213,0.612540067814226,-0.534069376820755,0.601873954808492,0.820352790863097,-6.01891827666248
"Q14CS0",-0.243083355867477,-0.338120100422391,-0.532437988657296,0.602972892337551,0.821465878605934,-6.01979236608345
"Q8NCB2",0.251163938204475,-0.23332669255968,0.531392340586971,0.60367779111008,0.821893206016915,-6.02035127234129
"Q86UR5",-0.242410272930997,-0.130880454677585,-0.531134851441496,0.603851434523768,0.821893206016915,-6.02048874064552
"Q8WZA2",0.309794973843494,-1.37572031431473,0.529263302512982,0.605114304194099,0.823227033756348,-6.02148600537447
"O60493",0.193184609938091,-0.727419995778297,0.528743356697395,0.605465383063184,0.823319749866292,-6.02176246264229
"P05771",-0.198983202168468,-1.22222839519771,-0.528288027491963,0.605772914754137,0.823353191001653,-6.0220043491719
"Q6ZMI0",-0.209900925566658,0.14937973585803,-0.527308074939014,0.606435043631082,0.823868336585644,-6.02252425629623
"O15173",0.160661444457594,-0.206305617533029,0.526651388571302,0.606878951271887,0.824086676715442,-6.02287213907295
"Q05193",-0.22369321474578,-1.22948979373787,-0.524209773693599,0.608530852579597,0.825520233470525,-6.02416195136095
"Q9Y4C0",-0.136072544783236,0.515469215701641,-0.524108280630203,0.608599567055927,0.825520233470525,-6.02421544189019
"Q9UBS5",-0.15731916534748,-0.541788582896364,-0.522168344017473,0.609913712961282,0.825520233470525,-6.02523594957281
"Q14168",0.213746522622126,-1.35680759905253,0.522087467598723,0.609968530471322,0.825520233470525,-6.02527841597038
"Q9BRX8",0.168984515539978,-0.278705225683873,0.521607126242588,0.61029415289387,0.825520233470525,-6.02553050244908
"O94985",-0.155314481839513,-0.273929494223157,-0.521417600194023,0.610422655838608,0.825520233470525,-6.02562990579942
"Q9BTV5",-0.2251795136287,-0.61594133172319,-0.520844273207559,0.610811465835192,0.825520233470525,-6.02593039556427
"P12956",0.250426463072602,-1.33018050434912,0.519503374880961,0.611721292385104,0.825520233470525,-6.02663194326549
"Q9UKE5",0.437212613368968,-1.05491944389994,0.519314912311208,0.61184922154548,0.825520233470525,-6.02673040635203
"Q8WUY1",0.248032649563481,-0.252040800936536,0.519074621164182,0.612012351266496,0.825520233470525,-6.02685589778221
"P17987",-0.104072802056015,0.125568799477153,-0.518712605550501,0.612258158165821,0.825520233470525,-6.0270448542634
"O00399",-0.132189879340071,-0.197229127558541,-0.518618151669121,0.612322299899786,0.825520233470525,-6.02709413429091
"P62888",-0.106535027529793,0.373090845345829,-0.518464287017158,0.612426793375905,0.825520233470525,-6.02717439263731
"P62072",-0.125730465636666,0.170301190749708,-0.518228832842177,0.612586713398374,0.825520233470525,-6.0272971651796
"P05937",-0.379304400855391,-1.57828996930482,-0.51753435806701,0.613058518935322,0.825520233470525,-6.02765897242824
"Q9Y6M9",-0.116266531765902,-0.868316412074088,-0.517478518330898,0.613096462549817,0.825520233470525,-6.0276880435688
"O95429",-0.141675844405289,-0.170532816082417,-0.517477822206603,0.613096935579964,0.825520233470525,-6.02768840596425
"Q99523",-0.111293606806661,0.470957119990584,-0.517151252541038,0.613318865864647,0.825520233470525,-6.02785836331138
"Q8N8Z8",0.327965976165902,-1.80059660520207,0.517142735275502,0.613324654557826,0.825520233470525,-6.02786279459199
"Q9Y2K2",0.289803427773397,-1.13440025694766,0.514515663894816,0.615111402439722,0.827542386083953,-6.02922623798153
"P56537",0.37894677523235,-0.275383702045101,0.514083289760542,0.615405716781108,0.827555746688089,-6.02945000004252
"Q16204",-0.131366493118278,0.44525469154059,-0.513183953229362,0.616018110073216,0.827793329108194,-6.02991484553324
"Q7Z6Z7",0.133940026129377,-0.354999646154237,0.512983883385406,0.616154385913637,0.827793329108194,-6.03001815053763
"P02686",0.256952156918853,-0.172582494853708,0.512503552197808,0.616481619453276,0.827793329108194,-6.03026600903886
"P48637",-0.127737881601889,0.676036337745086,-0.512153350746921,0.616720253438682,0.827793329108194,-6.03044657794252
"P49368",-0.106710712211061,0.185691966283864,-0.511339594670362,0.61727493644959,0.827812592651885,-6.03086570437362
"Q9Y224",-0.146745096093631,-0.231895381444738,-0.510472609211493,0.617866169830496,0.827812592651885,-6.03131154211823
"Q13347",-0.180162136462394,-0.467438010133013,-0.510379987976333,0.617929348397278,0.827812592651885,-6.03135912858975
"Q9UBT2",0.238713091894685,-1.45757545880358,0.510216551712894,0.61804083880662,0.827812592651885,-6.03144307781045
"Q9UHV9",-0.0939853670482909,0.130388221090822,-0.50970535095877,0.618389624987575,0.827812592651885,-6.03170548985323
"Q8IWT6",0.130098042978356,-0.234984463724678,0.509629426952872,0.618441435197662,0.827812592651885,-6.03174444197001
"Q03001",-0.121792018791746,0.0636142125858291,-0.508802176934844,0.619006083778443,0.828052778964555,-6.03216849360242
"Q86SX6",-0.281999767420958,-0.142028317434812,-0.508363247612678,0.619305781487439,0.828052778964555,-6.03239322163964
"Q14061",0.175847802677716,-1.04060523266584,0.507863231887613,0.61964727437083,0.828052778964555,-6.03264899822764
"O95848",-0.222640442313771,-0.624285940426191,-0.507471512238141,0.619914868722027,0.828052778964555,-6.03284920832485
"Q9H019",-0.206306617826445,-0.377396408610591,-0.506992459880068,0.620242198588926,0.828052778964555,-6.03309385277794
"P62140",-0.234878507842363,0.468114520282386,-0.506851740739605,0.620338365953075,0.828052778964555,-6.033165673604
"Q02790",-0.168675735518997,-0.463582692713419,-0.506450295740298,0.620612752894053,0.828052778964555,-6.03337045944087
"Q96B45",0.21892458968332,0.363095375431706,0.505006435271478,0.621600114542608,0.82870336422886,-6.03410571428598
"O00186",0.200836175526114,-0.152998188875573,0.504904409415531,0.621669912065843,0.82870336422886,-6.03415759239138
"Q8WXD2",0.234451993295395,-0.262642087981248,0.50341545138187,0.622688962881486,0.829546169975073,-6.03491355051232
"Q9H4Z3",-0.318720486535102,0.295887720527939,-0.503147704088276,0.622872296012211,0.829546169975073,-6.03504926053491
"P48444",-0.245708848071117,0.37869680190515,-0.502460145785689,0.623343203225392,0.829793559645879,-6.0353974371855
"Q6ZSZ5",-0.120964062480759,0.0485622661285732,-0.499530627730154,0.625351543436534,0.832086415820902,-6.03687579801266
"P24311",0.12164133920592,-1.38136638747529,0.498544795738874,0.626028081355428,0.832302641840152,-6.03737142012223
"P48553",0.186810820768068,-0.357288933474662,0.498460310435903,0.62608607662821,0.832302641840152,-6.03741385083789
"P23786",0.46712899181116,-0.111654333375589,0.496591292733069,0.627369729131234,0.833628270215475,-6.03835074925925
"O15212",-0.111546657670509,0.193272602362363,-0.495568892306536,0.628072451734855,0.834120356643924,-6.0388618225042
"P55084",0.122534792870942,0.232259399923819,0.495002854623631,0.628461665776047,0.834120356643924,-6.03914433475275
"O15511",-0.22761152799534,1.48282293739094,-0.494628803201322,0.628718930956574,0.834120356643924,-6.0393308550346
"P23634",0.147951849666601,-0.0279729963150978,0.494385031389181,0.628886619407824,0.834120356643924,-6.03945233844875
"Q9BSA4",0.146371825498196,-0.0589400840434419,0.492940117452258,0.62988100000998,0.834444046499268,-6.04017122523348
"O76094",0.271085229423191,-1.18799893328226,0.49279254125324,0.629982603088017,0.834444046499268,-6.04024453459092
"Q2TAA2",0.125833701948416,0.124613397684273,0.492499848693712,0.630184138747055,0.834444046499268,-6.04038986879297
"Q9UBF2",0.194494903203309,-0.661461910066732,0.492364030034205,0.630277668111819,0.834444046499268,-6.04045728022463
"Q16620",0.111950374152306,0.16492523275989,0.491570809578461,0.63082403849209,0.834787608918591,-6.0408506246955
"P60900",0.108129031331869,0.345282044539276,0.490825155619683,0.631337849964235,0.835087792452693,-6.04121982442194
"O43752",-0.217062823228042,-0.031203595870126,-0.490384362209131,0.63164168296503,0.835110085155946,-6.04143782282534
"O95989",0.11172390895132,0.291893579580987,0.488186823612741,0.633157449556345,0.836466129845279,-6.04252181842201
"Q92974",-0.165975745868169,-0.88128329019087,-0.488063986150302,0.633242228195584,0.836466129845279,-6.04258227281244
"P14854",-0.113132395982861,-0.449038502029819,-0.48756206964418,0.63358869123219,0.836544052398219,-6.04282913831925
"O94776",-0.17817043610883,0.0858346175757489,-0.486156878051994,0.63455914272868,0.837445399247373,-6.04351897297225
"P61758",0.121079413096619,0.485783921616811,0.48561406308632,0.634934208267733,0.837560537651452,-6.04378493674291
"Q8IZ07",0.270945512086536,0.780473450972206,0.484628478349707,0.635615478325237,0.838025221820234,-6.04426711235678
"Q96EY8",-0.193879853718935,0.119166557312788,-0.483856611772159,0.636149258846425,0.838025221820234,-6.04464407119062
"Q9BTW9",0.177000339917402,-0.0644154965149444,0.483854936609043,0.636150417526081,0.838025221820234,-6.04464488866471
"P41217",-0.195276447791116,-0.908810132136484,-0.482613474086479,0.637009386736752,0.838569156167418,-6.04524996733697
"Q92804",-0.20049205727535,0.356375078835593,-0.482425262708329,0.637139657830296,0.838569156167418,-6.04534156907719
"P36405",0.138410954024919,-0.103342658582193,0.478949734596271,0.639547495187447,0.84101767394931,-6.04702689618826
"O75306",-0.0863755898365343,-0.760503825718197,-0.478573726808148,0.6398082466747,0.84101767394931,-6.04720852185912
"Q92686",0.294447205435675,-0.850270632614086,0.478089683362101,0.640143990959088,0.84101767394931,-6.04744212996373
"Q16363",0.183795055162782,-0.0276515416665872,0.478072279057356,0.6401560645353,0.84101767394931,-6.04745052534391
"O60331",-0.163486199083616,-0.674394118877406,-0.476539581985338,0.641219730511913,0.842034934923135,-6.04818870067455
"P84098",0.134974272441352,-0.103692841539641,0.475900965459113,0.641663161882211,0.842237167829154,-6.04849559453858
"Q9BYV8",0.168794468568943,0.514323278953454,0.475375265673549,0.64202829488636,0.842336491487515,-6.0487479267592
"Q6PIU2",0.167373779558469,-1.06974987604687,0.473798247764263,0.643124215037442,0.843335030072493,-6.04950326781876
"P46939",-0.293948351362764,0.622474655029644,-0.473221202629663,0.643525438399049,0.843335030072493,-6.04977904789714
"Q9NV70",0.162628149279665,-0.494911203227261,0.472465483117069,0.644051070225216,0.843335030072493,-6.05013972843161
"P50151",0.180179495674566,0.129238880038582,0.472402320955732,0.644095010902931,0.843335030072493,-6.0501698484663
"Q9Y678",0.182431627022847,-0.281377360824631,0.472086464964931,0.64431476649477,0.843335030072493,-6.05032041179326
"P17980",-0.126399424325576,-0.0851341538930059,-0.471559762042752,0.644681294984572,0.843335030072493,-6.05057126588969
"P55145",-0.171566271818465,0.923201836833028,-0.470998748662905,0.6450718055986,0.843335030072493,-6.05083816341448
"Q96FE5",0.404632272165464,-0.31859675678408,0.470821193788133,0.645195420837905,0.843335030072493,-6.05092256971251
"P62424",-0.11742071315032,0.181311390727125,-0.470530779958229,0.645397632979877,0.843335030072493,-6.05106056075493
"O43237",0.15252699881767,-0.32347549982213,0.467741218302427,0.647341460396861,0.845317813500587,-6.0523818365566
"Q03013",0.65025458258399,-1.20851882386671,0.46751958288221,0.647496015908181,0.845317813500587,-6.05248648837553
"P35052",0.121214098202203,0.468367902491851,0.466540809620491,0.648178757070576,0.845640150225589,-6.05294807184634
"Q9NY35",0.325593378796878,-0.241224443890022,0.46633248617438,0.648324115172952,0.845640150225589,-6.0530461951383
"Q92900",0.158487818952079,-0.18666810350027,0.464886805009167,0.649333252809394,0.846576955947731,-6.05372596349456
"Q9Y342",0.233254782484138,0.816032735796669,0.463909962424215,0.650015530081989,0.84708696486278,-6.05418412493988
"P62851",-0.113609350243,0.101589540621651,-0.463011509192521,0.65064334466263,0.847525574291966,-6.05460469669115
"Q13530",-0.183459443675475,0.574746617701279,-0.459921795168696,0.652804456633973,0.849960165013361,-6.05604498842137
"Q6UXD5",-0.160395763822493,0.106018567830931,-0.459099288508313,0.653380310045562,0.850329473270387,-6.05642683217939
"Q08211",0.122426369315524,-0.547570094269643,0.456828558650108,0.654971285898475,0.851654376442055,-6.05747756878561
"O14828",-0.140219630811717,-0.11564944143012,-0.456810885900783,0.654983675078117,0.851654376442055,-6.05748572672236
"Q9P121",0.121174198655801,-0.0216819365719108,0.456272879956581,0.655360885558935,0.851764259480348,-6.05773392991411
"Q4LDG9",0.295543713630391,1.9650880441333,0.455046790464268,0.656220895599729,0.85230220436322,-6.05829851430621
"Q15149",0.163178358648617,0.688206939792917,0.454727662101617,0.656444823530471,0.85230220436322,-6.05844522375937
"Q5TDH0",0.120391196594161,0.601626344192325,0.454051709664834,0.656919243380084,0.85230220436322,-6.05875564279083
"Q9NY65",-0.302340979532609,-1.32168777172915,-0.453675342168861,0.657183465113498,0.85230220436322,-6.05892828888268
"P20618",0.103216119210517,0.445566454326751,0.453595923445934,0.657239225632668,0.85230220436322,-6.05896470185916
"P14415",0.110345913602925,-0.969087282049532,0.452350288748313,0.65811407339483,0.852802088221839,-6.05953500906275
"Q969V3",0.20004775783425,0.130098933143482,0.452212581673351,0.6582108213561,0.852802088221839,-6.05959796420905
"Q9H1E5",0.23491054664475,-1.57394362362175,0.450782054606412,0.659216233979005,0.85343664034479,-6.06025085512709
"Q92614",0.130694656273819,-0.128381913667022,0.450681209377141,0.65928713659625,0.85343664034479,-6.06029680511157
"P80303",-0.149189456346758,0.204108351181663,-0.449137745928138,0.660372745151153,0.854461844548624,-6.06099883831794
"P02652",-0.285927016563982,-0.0831239479881482,-0.447826870581556,0.661295386164495,0.854737039148619,-6.06159324653158
"Q99250",-0.13126942868626,-0.616202850388905,-0.447416589914266,0.661584274192851,0.854737039148619,-6.06177893953204
"P23284",0.0905188781836106,0.401537784636932,0.447230058472104,0.661715633810945,0.854737039148619,-6.06186330906484
"Q13263",0.248344152614712,-0.961035133766978,0.447166598784956,0.661760326186199,0.854737039148619,-6.06189200456558
"P15531",-0.156081347406592,0.735293190585746,-0.4463889029138,0.662308138324095,0.855065076540868,-6.0622433459676
"P78357",-0.0899067949575845,0.0425723844213795,-0.444413764199803,0.663700337831765,0.856126457551067,-6.06313299200013
"Q86VP3",-0.102967360068824,0.325445271188681,-0.444387788473682,0.66371865575093,0.856126457551067,-6.06314466654035
"Q9UBM7",-0.319838859093585,0.00652485539241484,-0.442557811094369,0.665009706725432,0.856933243700589,-6.0639654657135
"Q5T0N5",0.244214608196794,0.155065442793469,0.442494386650892,0.665054472600804,0.856933243700589,-6.06399385452542
"P68366",-0.188722837733824,-1.09501789558785,-0.442249174565946,0.665227559285097,0.856933243700589,-6.06410357442831
"O14579",-0.321559947290759,0.0069413565274017,-0.441139101750738,0.666011369427207,0.85756331196158,-6.06459953690413
"Q16186",0.118396148829693,0.501674137464636,0.440564064866738,0.666417556387504,0.857706806319167,-6.06485597831354
"Q9HCH3",-0.204046295709338,-0.791682841440772,-0.439851767342756,0.666920850690371,0.857975099694509,-6.06517318174853
"Q02878",0.108389255581097,0.0222562036654397,0.439312938741757,0.667301686420684,0.857999389544652,-6.0654128041935
"Q92506",0.087352455298827,0.342739908295487,0.438682463249521,0.667747417884106,0.857999389544652,-6.06569282084969
"P51659",0.0851356625157479,0.0548305033635669,0.438455224667783,0.667908102257034,0.857999389544652,-6.06579364987567
"Q9UPY6",-0.139550512732302,-0.237658801150528,-0.437460841761483,0.668611446999559,0.857999389544652,-6.06623427512705
"Q9H269",-0.270704067451567,-0.15553778987005,-0.437344466309844,0.668693782611146,0.857999389544652,-6.06628577924372
"Q6UYE1",-0.112971537351402,0.784428665812787,-0.437116466976217,0.668855104955537,0.857999389544652,-6.06638664600382
"Q53H96",-0.161477550377256,-0.0991878619608266,-0.436906550477842,0.669003647723991,0.857999389544652,-6.06647946776154
"P23677",0.349281083773866,0.138376429653771,0.43502416022976,0.670336323342041,0.859329824196185,-6.06730989548441
"P11498",-0.232791442582142,-0.61895103466635,-0.433632789600567,0.671322114874067,0.859977339305158,-6.06792146800237
"Q13404",-0.11431907689947,0.448314906185299,-0.433220793685279,0.671614136522592,0.859977339305158,-6.06810219419994
"O75190",0.18641043822448,-0.818172429419482,0.432794581879338,0.671916292429479,0.859977339305158,-6.06828898066995
"P46778",0.121389523138074,-0.0393354083824116,0.432643337200828,0.672023529065268,0.859977339305158,-6.06835522039813
"P25685",-0.120967512381719,-0.147099101451083,-0.431975696369505,0.67249699352356,0.860204945562005,-6.06864735418502
"P62861",0.113543834411948,0.238536248527229,0.429861556916768,0.673997210582606,0.861745115463702,-6.06956952689845
"P05129",-0.314186448960678,0.375401645704294,-0.427529579598258,0.675653682830519,0.862468962923652,-6.07058161712963
"Q9H9B4",-0.130390277827931,-0.312854005268659,-0.426512147262548,0.67637694373272,0.862468962923652,-6.07102151058393
"Q9UPW8",-0.188136833646083,0.0228012000232111,-0.42628392057512,0.676539228640405,0.862468962923652,-6.07112004589687
"P60174",-0.0910781432596405,0.0379439208064821,-0.426154205978919,0.676631472113809,0.862468962923652,-6.07117602642543
"Q15102",0.152884641893192,-0.497321134549408,0.425714849644362,0.676943950118508,0.862468962923652,-6.071365514967
"P30837",0.149528633715107,-0.259112475347031,0.425017651884829,0.677439936556259,0.862468962923652,-6.07166581685577
"P46782",-0.107127674396416,-0.156700021170858,-0.424968916847491,0.677474612482699,0.862468962923652,-6.07168679044756
"P13010",0.218502957540093,-1.1194299638667,0.424833797117926,0.677570756774859,0.862468962923652,-6.07174492828643
"P35637",-0.112749806746548,-0.383921798762604,-0.424649778474195,0.677701704436327,0.862468962923652,-6.07182407688945
"P60660",0.10844713777437,0.334232085945354,0.424387947432998,0.677888042079461,0.862468962923652,-6.07193663602831
"Q9BZF1",-0.22562032358234,-1.41586304179388,-0.423591515462873,0.678454974651233,0.862468962923652,-6.07227860079147
"O75064",-0.212952811125657,1.09307992282696,-0.42351973312375,0.678506082190153,0.862468962923652,-6.07230939134147
"Q01082",-0.0811864010622318,0.190356541284443,-0.422987323424748,0.67888519823001,0.862468962923652,-6.07253760640552
"P48556",-0.0863906737250375,0.360422372994537,-0.422440609837441,0.679274593851185,0.862468962923652,-6.0727716620801
"P46459",-0.166249176844935,-0.456009565456941,-0.422363973314495,0.679329185672477,0.862468962923652,-6.07280444769977
"P09651",0.138969670033753,-1.26330022743406,0.422098297090814,0.679518453908578,0.862468962923652,-6.07291806095854
"O00519",0.127483960105106,-0.729564461588747,0.421465934503704,0.67996904062852,0.862468962923652,-6.07318820339335
"O75695",0.156737491106665,0.728284900174693,0.421228838553266,0.68013801493825,0.862468962923652,-6.07328938811215
"P35232",-0.0995183335687288,-0.578925714920368,-0.421149454706849,0.680194594470715,0.862468962923652,-6.07332325413249
"P10606",-0.0845044139153193,-0.907302865760717,-0.42040154783885,0.680727751146198,0.862769057419615,-6.07364201443087
"O43707",0.119186675737276,-0.0651268641393526,0.419693055760382,0.681232974239266,0.863033502410215,-6.07394346736135
"Q16653",-0.135451522067851,0.274893123335936,-0.418315463771493,0.682215785525341,0.863902496030784,-6.07452819552611
"Q9NQP4",-0.0910974747431484,0.283329416848275,-0.417192075061881,0.683017685772664,0.864541742322076,-6.07500363986298
"Q96AG4",0.135476778393328,0.0289783764249228,0.415934438013781,0.683915888082661,0.865029742593327,-6.07553442415878
"Q96JJ3",-0.173533069605829,0.48856179660434,-0.415474879479644,0.68424422834603,0.865029742593327,-6.07572799098587
"P61106",0.0909516347207282,-0.245932925055161,0.415158411950174,0.684470373179274,0.865029742593327,-6.07586116646367
"Q9UHC6",0.130148459036093,0.00226951829006013,0.414573180479418,0.684888657242886,0.865029742593327,-6.07610718245227
"Q15388",-0.166170444379194,-0.973026659625291,-0.414571962120102,0.684889528156367,0.865029742593327,-6.07610769426603
"Q52LJ0",0.117736040697701,-0.62275823052357,0.413955656663057,0.685330138338419,0.865210716947853,-6.07636640675286
"Q9BXP5",0.116891808512594,-0.135219792331918,0.412080731833096,0.686671294960349,0.866527956779972,-6.07715115646679
"O43505",-0.153926425015101,0.369928926434228,-0.409438833060333,0.688562941502824,0.86853843076429,-6.07825103100081
"Q49A26",0.144911656941117,-0.813531966123385,0.408737188736373,0.689065696567118,0.868796003903949,-6.07854198062261
"Q7L099",-0.144768906214691,-0.500397732153016,-0.408154671092498,0.68948320896217,0.868945923811137,-6.07878316262212
"P02749",0.32040639891835,-0.451634016517288,0.407657684031533,0.689839501575352,0.869018592893625,-6.07898866698276
"Q07866",-0.110403608597072,-0.129367017562441,-0.407038683973706,0.69028337297295,0.86920147786728,-6.0792442824095
"Q14576",0.146133582086357,-1.35990724084188,0.406596983879115,0.690600178963009,0.86922427369479,-6.07942645046248
"P10109",-0.195313978491034,-0.809738971516743,-0.404611952735556,0.692024671370729,0.87009872355783,-6.0802427453558
"Q15119",-0.124268877747667,-0.195901244521045,-0.40452020677869,0.692090539227207,0.87009872355783,-6.08028037941256
"Q9Y2Z9",0.127832341802512,-0.102801169383324,0.403664267783054,0.692705174721512,0.87009872355783,-6.08063108324373
"P45984",-0.158185274762007,-0.496677273744365,-0.403571310444592,0.692771939400612,0.87009872355783,-6.08066912703048
"Q06203",0.129956474203262,0.633453210312648,0.403546240433474,0.692789945870616,0.87009872355783,-6.08067938573788
"Q66K14",0.195579847320438,-0.438549830983436,0.402536092063199,0.693515642918872,0.870634392102639,-6.08109222365158
"P07197",0.250698905026146,-1.02222962599577,0.40170825084267,0.694110602762553,0.871005542923255,-6.08142980180196
"O95881",0.107869074881438,0.15851122748019,0.400060812050392,0.695295221952885,0.871431343706179,-6.08209957909441
"Q9BPU6",0.132494995354321,-0.0810600229331864,0.399553949297833,0.695659857117021,0.871431343706179,-6.08230510724665
"P23471",0.112470972937723,0.43267058369893,0.399331946802727,0.695819589555845,0.871431343706179,-6.08239504712582
"Q15223",-0.149102337532066,0.179277951259961,-0.399296151921238,0.695845345644604,0.871431343706179,-6.08240954414061
"Q53T59",0.157145786618867,0.469064391941736,0.39915456038586,0.695947231193526,0.871431343706179,-6.08246687662916
"O15530",0.117244793658735,-0.706598546301841,0.397765136666498,0.696947347804481,0.872308293381092,-6.083028421763
"P13797",0.133251975200188,0.308742644323212,0.396881411582917,0.697583764394896,0.872729473082178,-6.08338459087445
"P12236",-0.138466535371177,-0.334993812769416,-0.395266604921734,0.698747282546036,0.873040107529262,-6.08403341118003
"O60883",0.157683425327512,0.354935651416663,0.395107159472627,0.698862210725316,0.873040107529262,-6.0840973353724
"P17844",0.140694163476927,-1.20605342195573,0.394067837902858,0.699611541195348,0.873040107529262,-6.08451339864644
"Q13526",-0.183717483655194,-1.37801846729697,-0.394028523605894,0.699639892430513,0.873040107529262,-6.08452911601801
"Q96S19",0.0825914608592595,0.346062918021542,0.393842787572314,0.699773840996263,0.873040107529262,-6.08460335028866
"O95861",-0.0752432233823164,0.432400488223265,-0.393821164268914,0.69978943590233,0.873040107529262,-6.08461199038696
"Q5FWE3",0.103524385748715,-0.196735493798589,0.393561205503587,0.69997693135282,0.873040107529262,-6.08471582674805
"P14927",0.089607955093119,-1.08495169786679,0.393175316530526,0.700255291592032,0.873040107529262,-6.08486984043753
"Q6F5E8",-0.20020700826527,0.7994885927538,-0.392612158555507,0.700661604895602,0.873040107529262,-6.08509433985734
"Q9UGV2",-0.0870099948678333,-0.275869716925637,-0.392363810916657,0.700840815736033,0.873040107529262,-6.08519324223563
"Q8NHY3",-0.117990517577693,0.085603933144254,-0.391860679098856,0.70120393890226,0.873040107529262,-6.08539342292968
"P61247",0.100257467310073,0.201875427711507,0.391544428687742,0.70143222384997,0.873040107529262,-6.0855191208351
"Q13451",0.168170116189644,-0.218796101406543,0.389573287740046,0.702855764855057,0.874437911811977,-6.08630034205632
"Q14677",-0.0936823023466469,0.128239068139944,-0.388734326732904,0.703462007692184,0.874473437796931,-6.0866316782578
"P00846",-0.154199341513937,-0.439897571975439,-0.388411712391355,0.703695188408823,0.874473437796931,-6.08675890457806
"Q0VDG4",-0.135256937120612,0.561835473319149,-0.388286305534641,0.703785838941722,0.874473437796931,-6.08680833221516
"O76003",-0.193121725230955,-0.0613402719321472,-0.387287220057593,0.704508196620464,0.87481789842719,-6.08720155285234
"Q9Y316",0.123294919804855,0.790161120590782,0.387071349586093,0.704664314059565,0.87481789842719,-6.08728638519987
"O15394",-0.0915099010697875,0.511073443994639,-0.385991877208135,0.705445195691201,0.874893885227032,-6.08770990051494
"P11274",-0.128301888910892,0.410095448787576,-0.385969561849868,0.705461342089393,0.874893885227032,-6.08771864342511
"Q02246",-0.128081468071839,-0.306555366031905,-0.384826307942091,0.706288747015194,0.874893885227032,-6.08816589652676
"Q9UHD1",-0.12722306830847,-0.00915660698385969,-0.384411841567834,0.706588803480121,0.874893885227032,-6.08832771984235
"Q8N5S9",-0.147844449425665,-0.163049015465397,-0.384124585796276,0.706796794529287,0.874893885227032,-6.08843977531031
"Q14254",-0.111448339018722,0.0878313618559459,-0.384093782823201,0.706819099244958,0.874893885227032,-6.08845178636564
"P02787",-0.133727802821964,0.0717170443581061,-0.383907500242133,0.706953994142599,0.874893885227032,-6.08852440377853
"P63000",0.107658628734532,0.194168711315912,0.383663461917643,0.707130727853601,0.874893885227032,-6.08861948364712
"O94832",0.13562031615798,-0.157682394588297,0.380684403910036,0.709289589368838,0.877191969852664,-6.08977538949632
"O14672",0.117718045836445,-0.209461625284958,0.379918970039048,0.709844704162857,0.877505560371247,-6.09007096285947
"O00499",-0.113003022581636,0.275794476832851,-0.378478118400149,0.710890116389366,0.878067610831397,-6.09062577094663
"Q9UNA4",1.6070045433501,0.122433373078839,0.37843387600604,0.710922226123241,0.878067610831397,-6.09064277409539
"Q13505",-0.17186850174093,0.366431372302641,-0.378044853959012,0.71120459062873,0.878067610831397,-6.09079219854454
"Q9NZL9",-0.0745393676211199,0.216724157308986,-0.377294042566455,0.711749677962703,0.878122578771701,-6.09108016212886
"O60884",0.0881966888295503,-0.214305084919604,0.376813444401891,0.712098677235841,0.878122578771701,-6.091264195036
"Q96KP1",0.142691429055281,-0.00583236513313292,0.376425727057783,0.712380277536154,0.878122578771701,-6.09141249430012
"O95248",-0.100701630629769,-0.404579963793817,-0.376321267754316,0.712456154116834,0.878122578771701,-6.09145242373015
"Q15293",0.121002089353849,-0.354251088561198,0.375259709810768,0.713227422372508,0.87870101570872,-6.09185758770957
"O95747",0.0862373977981282,0.19132770492231,0.374180057285421,0.714012171953292,0.87894321902089,-6.09226850883163
"Q16566",-0.158379343389262,-0.942216454798181,-0.373770535779363,0.714309922391569,0.87894321902089,-6.09242407160034
"Q7Z406",-0.080499064901044,0.209060164296146,-0.373484270047751,0.714518086119011,0.87894321902089,-6.09253271482813
"P34932",-0.0788010450061498,0.482355193661444,-0.373327376638988,0.714632184262346,0.87894321902089,-6.09259222425914
"P51991",-0.135515551540677,-1.12860325285945,-0.372271646815846,0.715400130861977,0.879469327268363,-6.09299202443945
"Q9NQ79",0.139742719204832,-1.05540026148189,0.371658777034658,0.715846084587522,0.879469327268363,-6.09322360697482
"Q99436",-0.0913036988916183,0.572260057521237,-0.371493165055467,0.715966610411942,0.879469327268363,-6.09328612196223
"O00764",-0.12371391687786,-0.593419964583095,-0.370648164783126,0.716581690656463,0.879853468274391,-6.09360466679841
"Q8WU90",-0.205835261121363,0.165814734686017,-0.369711453524537,0.717263767053283,0.880319511651225,-6.09395695431283
"P11171",0.173001638411585,-1.42562630688221,0.366419306861122,0.719662967135877,0.88266857324348,-6.0951881699373
"Q15555",0.127678659759224,-0.564182218950166,0.366252828516531,0.719784372614013,0.88266857324348,-6.09525014389151
"Q13107",-0.200579491529342,-0.457068712354712,-0.365032576955034,0.720674489435596,0.883387853520465,-6.0957035576789
"P50895",0.121416965391129,-0.357396447020074,0.363991351724454,0.721434348181697,0.883946927666838,-6.09608927757103
"P20042",-0.0731423683580945,0.298054312114949,-0.36336596645502,0.721890885088217,0.884018705026813,-6.09632043133607
"P30622",0.113866897121889,-0.109106692643029,0.363078873684182,0.722100502353517,0.884018705026813,-6.09642641558098
"P38159",0.111006984296386,-0.503559127044689,0.362395580454154,0.722599493918812,0.884257580867848,-6.09667833243351
"Q9H4G0",-0.12086322617699,-0.941731829236238,-0.36163491857947,0.723155140327529,0.884554177214812,-6.09695822649292
"Q9NZ32",-0.0798373613043674,0.169341758226791,-0.361231618148135,0.723449808168815,0.884554177214812,-6.09710639155773
"P78324",-0.150997289340728,-0.568401924516004,-0.360551989066357,0.723946476291442,0.884619523208186,-6.0973557079454
"Q07020",-0.101823148001268,-0.095731992000789,-0.359919468280288,0.724408834262845,0.884619523208186,-6.09758732950738
"O94856",0.0833977143013512,0.107757101075578,0.359282577553185,0.724874499635565,0.884619523208186,-6.0978201484203
"Q8IVF2",-0.131790559240438,0.214780731526965,-0.359066540729291,0.725032481622991,0.884619523208186,-6.09789903004372
"P22102",-0.0873224548490355,0.0209650256310483,-0.358774528608356,0.725246043032804,0.884619523208186,-6.0980055786241
"O15118",0.124715366058584,-0.226122001939731,0.358144198626021,0.72570711236737,0.884619523208186,-6.09823528193085
"P07737",0.0849800534137059,0.884135173419173,0.357510064295924,0.726171076160266,0.884619523208186,-6.0984659719298
"P00915",-0.250655651139564,0.359915107076976,-0.357444252930482,0.726219233393753,0.884619523208186,-6.09848989030444
"O95298",0.0992534288440506,-0.899890161105724,0.357377546904737,0.726268046520915,0.884619523208186,-6.09851412942628
"O75688",-0.0892861278997008,0.053304917610773,-0.356926168156253,0.726598382140654,0.884619523208186,-6.09867803137795
"Q8NFF5",-0.144918762007392,-0.170458666127109,-0.356586262146849,0.726847175254561,0.884619523208186,-6.09880132192453
"P62158",-0.082306801654175,-0.0647955239137832,-0.355686080657259,0.727506215049196,0.885041832975099,-6.09912727874524
"P42858",0.121516060730865,-0.618583040806746,0.355237631676904,0.727834616756575,0.885041832975099,-6.09928936109738
"O75077",-0.168270250724135,-1.10783766992279,-0.354866309586217,0.728106580117659,0.885041832975099,-6.09942341577495
"P35579",0.10749546547635,0.710302068002914,0.353207878797173,0.729321711104673,0.885874697251409,-6.10002046344813
"Q7Z4S6",-0.0924306253587614,-0.784878203980008,-0.353100232273773,0.729400609833119,0.885874697251409,-6.10005912218378
"Q9NT62",0.228157759610603,-0.519325352959178,0.351568520859793,0.730523611626366,0.886868464677815,-6.10060794782974
"P23515",0.132854990125254,0.143693956602151,0.349726189249742,0.731875202282805,0.888027122093285,-6.10126496962946
"P14174",0.10266284615441,0.408099842321434,0.349435781657214,0.732088338797866,0.888027122093285,-6.10136822716444
"P68371",-0.135125356397101,-0.634632224693398,-0.348219879082308,0.732980966056596,0.888739421343623,-6.10179964010896
"P57721",0.113816098621994,-1.06508082418556,0.347314942664521,0.733645565647847,0.889174758865154,-6.10211976136177
"P07437",-0.126422467089921,-1.00244575470499,-0.346291665164335,0.734397344510909,0.88971535076051,-6.1024807605518
"Q8IXJ6",0.134127936019619,0.201349834262718,0.345764536647422,0.734784724588261,0.889814210799767,-6.1026663166039
"Q5TCZ1",0.259053989805494,0.414457296453084,0.344307575902017,0.735855817065888,0.890740610508208,-6.10317774178083
"P23588",0.0789630218139389,-0.114474014235072,0.341165900194355,0.738167379934859,0.893167183206004,-6.10427332085543
"P04075",0.0759001683714663,0.19471743934473,0.340376301580758,0.738748761590837,0.893499125614853,-6.10454712190801
"P49588",-0.13305754384516,-0.530982592394248,-0.339016056771398,0.7397507000048,0.893722047671152,-6.10501733830259
"P14324",-0.078669223464709,0.483798852365182,-0.338712264084494,0.739974536946033,0.893722047671152,-6.1051221021807
"P24386",0.116679053390829,-0.0754847546564572,0.338588235976719,0.740065928920256,0.893722047671152,-6.10516484713916
"P24928",-0.211845756018585,0.204672841709756,-0.33832170470885,0.740262340307156,0.893722047671152,-6.10525665223564
"Q9P0W8",-0.199470428539767,0.568059848350951,-0.33804172909547,0.740468679359157,0.893722047671152,-6.10535301164766
"P53602",-0.236209458540862,-0.0641758844973256,-0.337603654110656,0.740791577666686,0.893741082508315,-6.10550362693934
"Q9C0D0",0.11393738358164,-0.931778620799493,0.33664770502547,0.741496369380794,0.894220652672238,-6.1058316269529
"O15540",-0.102601793425857,0.614971378389011,-0.335656579863533,0.742227350263379,0.894731395719318,-6.1061707311872
"P61020",0.074557802267393,0.164599445698741,0.335098199441946,0.742639284568509,0.894857274573234,-6.10636134304382
"Q96GW7",0.0843908520609317,0.556000693710712,0.334126145546138,0.743356594122353,0.895350864609291,-6.10669242452712
"P19075",0.504427481225234,-0.0562431047783757,0.333655389668843,0.743704069076611,0.895361416432277,-6.10685242410824
"P11801",0.204775936616254,-2.29811281461215,0.333280637286278,0.743980723344758,0.895361416432277,-6.10697963566068
"Q9BTU6",-0.166563022678298,-0.294181864348994,-0.332234625467193,0.744753117449329,0.895865694519182,-6.10733396584323
"P00403",0.0960251787252075,-0.788368045264085,0.331755567851667,0.745106957753837,0.895865694519182,-6.1074958780664
"Q15582",-0.126544478326561,1.5769082618501,-0.330506710627064,0.746029666770553,0.895865694519182,-6.10791688754431
"O95822",0.0984854072375885,-0.105136731506352,0.330353971986505,0.746142544457998,0.895865694519182,-6.10796827098333
"Q6PKG0",-0.0841002900947144,0.416735598684547,-0.33027458128323,0.746201218574883,0.895865694519182,-6.10799496991264
"O95169",-0.0664141560691161,-0.777774772671153,-0.329976632593275,0.746421433727724,0.895865694519182,-6.10809511315398
"Q9NR28",-0.105888181477616,0.305360874461261,-0.329796278472201,0.746554745432652,0.895865694519182,-6.10815568861122
"Q9NZR1",0.0656819019637526,0.445374224835087,0.32907302979434,0.747089431321383,0.896075648665662,-6.10839827860033
"P61978",-0.0858034765922867,-0.620603332371766,-0.328326192357941,0.747641698202963,0.896075648665662,-6.1086482308985
"P62847",-0.097231303858197,-0.241095710818181,-0.32723875625764,0.748446086728936,0.896075648665662,-6.10901117617596
"O14746",-0.200638752666729,-0.264557480448134,-0.327207710687614,0.74846905596107,0.896075648665662,-6.10902152062846
"Q8WVJ2",0.148142674467543,-0.108732966331931,0.327022608418347,0.748606010027768,0.896075648665662,-6.10908317707351
"Q7Z6L0",-0.127724041189363,-0.966824417892914,-0.326429040111083,0.749045240792068,0.896075648665662,-6.10928065957009
"O75438",-0.0770923453117959,-0.893622670789548,-0.326258187495518,0.749171685716723,0.896075648665662,-6.1093374374812
"Q92890",-0.0660154086112408,0.419833153048218,-0.326143808028397,0.749256340082231,0.896075648665662,-6.10937543183631
"P14867",0.0914057860563736,-0.543945598472834,0.325449700169813,0.749770134273948,0.896075648665662,-6.10960571814011
"P62277",0.0761868950965804,-0.00572588882538879,0.325227062896185,0.749934961567971,0.896075648665662,-6.10967948094092
"Q6ZVK8",-0.177852435903846,0.387995580481174,-0.324870027740607,0.750199315530815,0.896075648665662,-6.1097976679205
"P12235",0.0662256991737797,-0.994717546649336,0.324149575869647,0.750732847855272,0.896075648665662,-6.11003576536493
"Q15393",0.121975783337753,-0.262320405895543,0.323754253003951,0.751025661537542,0.896075648665662,-6.11016619201449
"Q86XI8",-0.120994166111138,-0.171413616474276,-0.323733918763932,0.751040724087818,0.896075648665662,-6.1101728965404
"Q16740",0.102481572155147,0.323306674193781,0.322926366903245,0.751639001932102,0.896421924435417,-6.11043882432315
"Q86XE3",-0.122237989475537,0.35950735323579,-0.322323687573442,0.75208560750459,0.896587102760491,-6.11063686137064
"P48634",-0.212805128255989,0.383306091440388,-0.319842071352479,0.7539255402832,0.897308124235414,-6.1114484696943
"Q01433",-0.108666520580176,0.27598519606903,-0.319725214575897,0.754012219291088,0.897308124235414,-6.11148653526403
"Q8N6T3",-0.108093441507122,-0.880815989983262,-0.319639928279179,0.754075482939828,0.897308124235414,-6.11151430824721
"Q9P0J0",-0.0580108812181224,-0.378425206461875,-0.318772464147108,0.75471905457205,0.897308124235414,-6.11179637842221
"Q96AE4",-0.0846947263295976,-0.365302862070394,-0.318623890240001,0.754829300583076,0.897308124235414,-6.11184461396032
"Q969Q0",-0.0734358887451586,0.0459982456756381,-0.31859229921041,0.75485274273094,0.897308124235414,-6.11185486735041
"P28072",0.107450740768796,0.203832625007666,0.3183738556095,0.755014845849845,0.897308124235414,-6.11192573943457
"O15075",-0.0916515018116525,0.427082434658293,-0.318181971471715,0.755157249571316,0.897308124235414,-6.1119879550491
"P07311",0.0721675518515071,0.0872583248928977,0.315715967762067,0.756988177170626,0.898416398184345,-6.11278423289685
"Q9H2M9",0.147194001684828,-0.0679496283450973,0.315638008195888,0.757046084444744,0.898416398184345,-6.11280930671364
"O95164",-0.214238654983977,-0.823539300853938,-0.31528224893228,0.75731035671045,0.898416398184345,-6.11292365069499
"P47914",0.136292352394982,-0.196620634670416,0.31489354200292,0.757599139930296,0.898416398184345,-6.11304843913262
"O14974",0.0906465037815841,0.360866805725816,0.314847131442844,0.757633622386385,0.898416398184345,-6.11306332840303
"P84077",0.102151432312401,0.0544166829898912,0.313747162570716,0.758451042262614,0.899019361704362,-6.11341558372194
"Q08257",0.121216613987202,0.108376847662478,0.31264831010157,0.759267932683827,0.89937092209771,-6.11376626892951
"Q14123",-0.172033054679265,0.531867162238489,-0.312516745982117,0.759365757936108,0.89937092209771,-6.11380817474488
"Q8N6C5",0.120344885990557,0.284513262340599,0.311311021146945,0.760262480946985,0.900066647500295,-6.11419141293938
"P11387",-0.074551328588296,-0.22799973193997,-0.310818444597599,0.760628923810998,0.900134269333063,-6.11434755784269
"Q9P265",0.0778357184493204,-0.428690062732238,0.30940402180385,0.761681488537131,0.900671148681043,-6.11479457021494
"P12270",-0.083109008048796,0.142926963921941,-0.30937698382833,0.761701614056374,0.900671148681043,-6.11480309569162
"P98161",0.117254309513938,0.489930317817267,0.307703110776812,0.762947898029309,0.901122085938937,-6.11532946295128
"P62899",-0.0805206617391791,0.164071995843107,-0.307487759788881,0.763108287591683,0.901122085938937,-6.11539697802672
"O00264",-0.101366262807376,-0.246634920050046,-0.307264232151942,0.763274778948605,0.901122085938937,-6.11546700730068
"P55060",-0.088363043571349,-0.37723581321079,-0.307168289348189,0.763346244309822,0.901122085938937,-6.11549704995404
"Q8WXD9",0.0572041274503582,-0.363544946659247,0.306778829420793,0.763636366176473,0.901122085938937,-6.11561890691412
"P29692",-0.0895759067971884,0.371260769252629,-0.305608791415179,0.764508189112847,0.901122085938937,-6.11598407995474
"P47985",-0.0826215204486916,-0.443206530130728,-0.305574912782805,0.764533437837843,0.901122085938937,-6.11599463310484
"P35606",-0.113823625587471,-1.62291966632208,-0.305538889400095,0.764560285286335,0.901122085938937,-6.11600585307668
"Q13011",0.0874809980795244,0.21711016518285,0.303743692304931,0.765898605154738,0.902333984210643,-6.11656333971341
"O43242",-0.0928781549891925,0.289033884556882,-0.302934771738205,0.766501910189151,0.902679303379372,-6.11681348603428
"Q96HY6",0.172546828383676,-0.119989526288147,0.30154490543473,0.767538861084835,0.90316121047777,-6.11724174485686
"Q9UBN7",-0.0888075252726189,0.780409924478237,-0.301518442224366,0.767558609248013,0.90316121047777,-6.11724988011157
"P55957",0.0985186150909199,0.215304147446407,0.30113843071994,0.767842211244674,0.90316121047777,-6.11736662465374
"Q9UHD9",-0.0891453111640824,0.133077728387269,-0.300164606834211,0.768569132358746,0.903650979864223,-6.1176651333368
"Q8N145",0.152735252822721,-1.66096262377666,0.299748328151098,0.768879937139652,0.903651299303873,-6.11779244532717
"P46527",-0.112961247030532,-0.0264957848630978,-0.298957177397443,0.769470745350327,0.903980568820934,-6.11803392541567
"O75146",0.139597903536982,-0.40961971117621,0.298165395586747,0.77006217400213,0.904310301188942,-6.11827496780977
"P48643",-0.0642026008634234,0.247743725373185,-0.296772075110663,0.77110328877465,0.905167636278431,-6.11869760548942
"P55854",-0.0730295427803761,-0.161348183216066,-0.296082957422891,0.7716183800485,0.905407050782716,-6.11890591455453
"Q92930",-0.108488990550686,0.376884384228599,-0.295108976820526,0.772346587447626,0.90589623920701,-6.11919951809631
"O14936",0.0720068124307576,0.0965337846480324,0.29451619322202,0.772789898000068,0.906051008533521,-6.11937774363005
"Q6XQN6",0.112235777569778,0.418779203495584,0.293644231268732,0.773442140797163,0.906144130271513,-6.11963926385218
"P19623",-0.0879104629067153,0.572183583018732,-0.293254230642617,0.773733925769194,0.906144130271513,-6.11975598577719
"Q9UQE7",-0.153751073212143,-0.269840308718015,-0.293028522434575,0.773902809101798,0.906144130271513,-6.11982346725581
"Q01432",0.115784754295751,0.580511020197832,0.292677793846763,0.774165260998629,0.906144130271513,-6.11992822514985
"Q9Y4W6",0.107194023245326,-0.98267142309902,0.292329028668056,0.774426272159881,0.906144130271513,-6.12003227380752
"O60749",0.0873465905789284,0.434875521230829,0.291153210300206,0.77530644775379,0.906809390258653,-6.1203821585333
"Q9BRT3",-0.244165184127664,0.782953189992942,-0.289445920465812,0.776585035782052,0.907774939282605,-6.1208877135027
"O76038",-0.322863550108426,0.64503770890794,-0.28888380881909,0.777006148443103,0.907774939282605,-6.12105352114583
"P57737",0.0952001828707294,0.0838082973383612,0.288078556748989,0.777609539728531,0.907774939282605,-6.12129049410756
"P17252",0.124795748027394,0.643019865453395,0.287869511625877,0.77776620579907,0.907774939282605,-6.12135190599849
"Q9UPY3",-0.151042717260654,-0.690603702949831,-0.287195307197229,0.778271547777004,0.907774939282605,-6.12154966938004
"Q9Y2E4",-0.292447591656865,0.667792333540131,-0.286930167515265,0.778470308709281,0.907774939282605,-6.12162731696063
"Q9BZ23",-0.100585295949846,0.545928054326594,-0.286144499624324,0.779059376259822,0.907774939282605,-6.12185698815369
"Q9NUT2",-0.165141138582576,-0.778998155792413,-0.285777984498852,0.779334225414693,0.907774939282605,-6.12196391733978
"Q9Y6G9",0.110199027836675,-1.0568383325878,0.285728335711604,0.779371459330207,0.907774939282605,-6.12197839174725
"P36542",-0.0736795374413458,-0.481209492326045,-0.285492175316936,0.779548574615906,0.907774939282605,-6.12204720699267
"Q9H467",0.107874335286024,0.115816594765648,0.285145091997714,0.779808902859727,0.907774939282605,-6.12214824229979
"Q14155",-0.107732707222457,-0.662522453102291,-0.285056470528707,0.779875377390554,0.907774939282605,-6.12217402038997
"Q9BWM7",-0.0551409576678643,-0.0208004023050602,-0.283686311000462,0.780903355020524,0.90783710403353,-6.12257156338351
"O95319",0.097422256637032,-0.314842720070474,0.283441695672115,0.781086925338089,0.90783710403353,-6.12264233790922
"Q9NT99",-0.119243767366636,-0.2470585921583,-0.283434172242344,0.78109257147265,0.90783710403353,-6.12264451370637
"Q96P70",-0.130701941433409,0.342212547293123,-0.283322114193307,0.781176669587615,0.90783710403353,-6.12267691445784
"Q9NS86",-0.0629823810038381,0.33743709136397,-0.282549966534662,0.781756233796995,0.90788576375507,-6.12289983113294
"Q13765",0.0983360335904268,0.350415691422815,0.282285591116277,0.781954701646355,0.90788576375507,-6.12297601740045
"P04350",0.109643292705535,-1.09691872263764,0.282019457875103,0.782154505063216,0.90788576375507,-6.12305263906703
"Q6U841",0.117789085815084,-0.533576432304069,0.280997712274193,0.78292174401363,0.908251906205417,-6.12334614366678
"Q92982",0.261040468606126,1.16317019329312,0.280768133595649,0.783094169302196,0.908251906205417,-6.12341194716626
"Q9NPQ8",-0.109731347423225,-0.82716737177659,-0.27937134540784,0.784143483679685,0.90838124218951,-6.1238111594271
"Q5JTV8",0.0938787447572611,-0.314356067705009,0.279120163224874,0.784332226622224,0.90838124218951,-6.12388274042578
"Q14108",0.0704748524401549,0.490045384497593,0.278890327957102,0.784504941469743,0.90838124218951,-6.12394818231249
"Q6NZI2",0.0805348160913236,-0.203451595453637,0.278751329260615,0.784609400879601,0.90838124218951,-6.1239877340991
"P57087",0.101886397607176,0.152806482433534,0.278542329444716,0.784766475211144,0.90838124218951,-6.12404716788192
"Q15126",0.229444809044474,0.749135731951722,0.277907715884497,0.785243480383116,0.908400412211852,-6.1242273645024
"Q9Y287",-0.176786772340019,0.359931729541872,-0.27768970707367,0.785407366709629,0.908400412211852,-6.12428917371357
"Q6UWR7",-0.162270724154527,0.277397557339467,-0.276432391626377,0.786352749619114,0.908908452266567,-6.1246447085336
"Q06210",0.108378747715944,-0.483738287622725,0.275898433413884,0.78675434213769,0.908908452266567,-6.12479521505697
"Q9NRW7",-0.0706180795956183,0.0673498118157987,-0.27585948272629,0.786783639608069,0.908908452266567,-6.12480618281073
"P39019",-0.071117638039274,0.359802778919951,-0.273841547715736,0.788301924818522,0.910301032230912,-6.12537230003003
"O00232",0.0823702036266183,-0.0553832507052076,0.272564128116869,0.789263512941145,0.911049909820996,-6.12572854703496
"Q13242",-0.085096355896682,-0.0942902803260076,-0.271617561321724,0.789976279531214,0.911164226839648,-6.12599146341451
"Q6YN16",0.0686244988525754,0.339058076139484,0.271600965297762,0.789988778115613,0.911164226839648,-6.12599606502362
"P60891",0.056702588650026,0.628656324968016,0.26911882438664,0.791858771408758,0.912959201584582,-6.12668116204969
"P41567",0.115676374983376,-0.0542065380108502,0.268302665979257,0.79247394013399,0.913306600312835,-6.12690507140888
"P53618",-0.160904784061256,0.278709592082934,-0.26747752830928,0.793096023066512,0.913403637978274,-6.12713076039091
"Q9P2D3",-0.140576482470425,0.604985996086744,-0.266855948773522,0.793564737480389,0.913403637978274,-6.1273003187294
"Q8IYB4",0.0835801102069627,-0.699393227327459,0.265861331887382,0.794314920742992,0.913403637978274,-6.12757082472383
"P04275",0.165201921546209,-0.41231148525425,0.265783965810523,0.79437328248741,0.913403637978274,-6.12759182409317
"Q6P2Q9",-0.0725306333692882,-0.654111832674607,-0.265720298375449,0.79442131150839,0.913403637978274,-6.12760910072364
"P47813",-0.0952814911030407,-0.00279984880010609,-0.265693608428768,0.794441445952925,0.913403637978274,-6.12761634202048
"P50914",-0.0631241918583789,0.14131245785796,-0.264712750226763,0.795181494424216,0.913893423686599,-6.1278819612401
"P62829",-0.0644076979086049,0.122544941013344,-0.263719496872639,0.795931104014059,0.91439380682231,-6.12814994664495
"P13807",-0.0879396034216161,0.170426513370805,-0.263272790863425,0.796268302017252,0.914420188977981,-6.1282701455157
"P05060",-0.254869577984324,1.43088273828273,-0.262272672951889,0.797023398874543,0.914627521516872,-6.12853852442703
"P31930",0.0564024627993373,-0.627967256710228,0.2616194084274,0.797516732959628,0.914627521516872,-6.12871328043593
"Q14498",0.138781723053665,-0.880675853344091,0.261445091758091,0.797648389124717,0.914627521516872,-6.12875983931606
"Q12860",-0.064766487480901,0.293722960816595,-0.261368729650998,0.797706065158014,0.914627521516872,-6.12878022547884
"P61604",-0.0708692690349456,0.249234921297119,-0.259996559981517,0.798742669309995,0.915036276490006,-6.12914554503136
"P58546",0.072846600850192,1.13541264645249,0.259782908312855,0.798904107829421,0.915036276490006,-6.12920225534306
"P54725",-0.0736900744572389,0.0212403472659033,-0.2594242963388,0.799175102113874,0.915036276490006,-6.12929733925179
"Q12974",0.0740260687288987,0.383689539958846,0.258294550810188,0.80002899899649,0.915036276490006,-6.12959603487615
"Q6NVY1",0.0673850834640081,0.530203016171065,0.257608451373262,0.800547704300862,0.915036276490006,-6.12977680425483
"Q96IJ6",-0.0885833344628796,0.340194755696745,-0.257212354242046,0.800847206489052,0.915036276490006,-6.12988094885107
"Q6UWE0",-0.144711978603419,0.30641259181392,-0.256908429037548,0.801077036523644,0.915036276490006,-6.12996075140233
"Q8TF74",0.0856601048597733,-0.152466404593527,0.256721134196691,0.801218679535017,0.915036276490006,-6.13000988345303
"P23763",0.0855135462778648,-0.650600223831006,0.256473514011411,0.801405955167802,0.915036276490006,-6.1300747858762
"Q6H8Q1",-0.165408998225481,-0.0637434112508645,-0.255618342456337,0.8020528207157,0.915036276490006,-6.13029845353392
"P62857",0.0826331008543724,0.276670451963153,0.255344205215833,0.802260214536079,0.915036276490006,-6.13036999679266
"P47755",-0.106429560107931,0.777903196293245,-0.255215028459664,0.80235794636791,0.915036276490006,-6.13040368248846
"P53999",-0.0715272480122387,0.184545716461512,-0.255036873076413,0.802492739822816,0.915036276490006,-6.1304501127557
"O75694",-0.0916971889675064,-0.360418848327,-0.254525009623451,0.802880055231972,0.915036276490006,-6.1305833342996
"P17858",0.0839352946375708,-0.19161904092302,0.25352187723088,0.803639258883624,0.915036276490006,-6.13084364868717
"P23396",-0.0593654677798836,0.0864290747170543,-0.253222071694911,0.80386620166221,0.915036276490006,-6.1309212511066
"P06748",-0.0756357375419315,-0.239523083459109,-0.253044288971418,0.804000785940598,0.915036276490006,-6.13096722588679
"Q9NRV9",0.104745169190643,0.0177234009986753,0.252837483527788,0.804157349005174,0.915036276490006,-6.13102066573865
"Q3KQV9",-0.156482995047326,0.181029201783387,-0.252599757012149,0.804337331820729,0.915036276490006,-6.13108204233773
"P24752",-0.0683672845349342,0.157872352351986,-0.252581075570899,0.804351476034857,0.915036276490006,-6.13108686311803
"Q14289",-0.102391735364832,-0.168354547460065,-0.251829967018699,0.804920219223392,0.915325454450985,-6.13128039556986
"P45974",0.0848715557823197,-0.610676291543589,0.250907135581605,0.805619149161096,0.915762392210464,-6.1315173930543
"Q99943",-0.119290973913507,-0.814941495036422,-0.250319979032435,0.806063937195382,0.915910213681594,-6.13166773542695
"Q9H6K4",-0.118518808855067,-0.690257337559754,-0.24917094075004,0.806934568798215,0.915977627838072,-6.13196093906971
"Q12979",-0.0816153496078446,-0.543327630027371,-0.249168553556558,0.806936377863355,0.915977627838072,-6.13196154682632
"Q9BYT8",-0.163148396365272,-0.769214040708634,-0.248995435884593,0.807067573119181,0.915977627838072,-6.1320056055525
"Q9Y697",0.149818722187694,-0.0313603645075318,0.247976837259571,0.807839628713997,0.916205421043868,-6.13226422621996
"P40429",-0.0581122604053027,-0.0650047960484264,-0.247899868820954,0.807897976081981,0.916205421043868,-6.13228372571452
"Q9H074",0.0552800948187532,0.337721516444355,0.24729504713901,0.8083565138668,0.916368311395555,-6.132436744966
"Q96A00",0.137497303054589,0.103184992743066,0.24678083213099,0.808746417008154,0.91645329964709,-6.13256654956601
"Q8NBS9",-0.163440851565296,-0.479370925669485,-0.241659333004177,0.812632658622283,0.920041821969331,-6.13384476969119
"P11940",0.0496555869863708,0.10985767063265,0.241035171520142,0.8131066318417,0.920041821969331,-6.13399873141885
"Q8IVH4",0.300042948800308,-0.812694496460156,0.240545381438264,0.81347862002312,0.920041821969331,-6.13411927143715
"P23381",-0.0705446939506867,0.932056836629085,-0.240126971383268,0.813796433250443,0.920041821969331,-6.13422205195399
"P69905",0.189793016044893,0.0631215582235029,0.239914243164732,0.813958029076121,0.920041821969331,-6.13427423965645
"Q7Z736",0.109248618679328,-0.446960720760931,0.239756985396193,0.814077493266424,0.920041821969331,-6.13431278955673
"Q96I15",0.110946376209573,-0.826132510752413,0.239692668305813,0.814126354491762,0.920041821969331,-6.13432854891881
"P52564",-0.0995879803439152,-0.0762516264237307,-0.238411345333989,0.815099933726934,0.920784474823516,-6.13464163291075
"Q9UPQ3",0.108302696887696,-0.345210362579266,0.236185634812511,0.816791835548589,0.921796397093658,-6.13518151767359
"P13804",0.0638106193304696,0.250059618954148,0.236103180322298,0.81685453268261,0.921796397093658,-6.13520142199979
"O43768",-0.0508859239050113,0.36877358412932,-0.235982870818399,0.816946016530771,0.921796397093658,-6.13523045207723
"Q99614",-0.0538304884975776,0.360040411310681,-0.235503148274673,0.817310827143163,0.921850584103335,-6.13534606082858
"P40818",0.0612157624591754,-0.4163487935594,0.23258884414176,0.819527987464609,0.923993197800082,-6.1360433679707
"Q8N126",-0.0738910927047957,-0.690649039023391,-0.231453293433156,0.820392334102814,0.924232146207534,-6.1363127404449
"P38117",-0.0609103294802781,0.280837321042157,-0.231013649008035,0.820727043339915,0.924232146207534,-6.13641668065515
"Q9UNF0",-0.058983724999049,0.202559887521762,-0.231004479866597,0.820734024359908,0.924232146207534,-6.13641884632596
"Q8WXH2",0.268354910757525,1.03550438661042,0.230641569034041,0.821010342936933,0.924232146207534,-6.13650449421164
"P26368",0.063273686338631,-0.044157717527291,0.230010790944573,0.821490673181152,0.924415258684127,-6.13665304161294
"Q13671",0.139566999745396,0.152735913228815,0.228680624434932,0.822503823632963,0.9250806475539,-6.13696497126328
"P20645",-0.12229836928856,0.22113175449518,-0.228248564015397,0.822832982901941,0.9250806475539,-6.13706590509521
"P20340",0.052403670015559,-0.0236708179417526,0.227982537359185,0.823035668906202,0.9250806475539,-6.13712795750998
"Q9Y2I8",0.0758951820306991,-0.833544592026125,0.227069026442027,0.823731773851361,0.925167728907812,-6.13734049319946
"Q96JG6",-0.105925091280097,-0.437837876096065,-0.226583987378293,0.82410144151808,0.925167728907812,-6.13745299734737
"O95057",-0.117840935520378,-1.32243663309693,-0.226421075965985,0.824225612569706,0.925167728907812,-6.13749073087744
"P15559",0.175804174871592,-0.205858796479366,0.225867192553205,0.824647819024694,0.925167728907812,-6.13761881990012
"Q96I99",0.089233342906529,-0.253437512729962,0.225428976799999,0.824981895987877,0.925167728907812,-6.13771993948269
"Q92736",0.0793169672411724,-0.440514138268956,0.224498880716762,0.825691078346424,0.925167728907812,-6.1379339161973
"Q16795",-0.04959638709189,-0.669479989271126,-0.224218317078335,0.82590503443885,0.925167728907812,-6.13799828996217
"P13639",-0.0500875296389211,-0.17500505319084,-0.224187634879645,0.825928433366786,0.925167728907812,-6.13800532497613
"Q14D04",-0.143548418880407,0.746188663534079,-0.224127245873482,0.825974487870273,0.925167728907812,-6.13801916856931
"Q9H9P8",0.113684464264834,0.0809040922850198,0.222261232873369,0.827397894128947,0.925762896881585,-6.13844510976222
"O00629",-0.0800237331412216,0.277996878510946,-0.221634074823042,0.827876436184288,0.925762896881585,-6.13858747302024
"P16870",0.0776479750485369,0.555800832599847,0.221355016632806,0.828089389567461,0.925762896881585,-6.13865069015534
"Q16352",0.0955202310152763,-1.48620740023271,0.220698044984132,0.828590789745297,0.925762896881585,-6.13879920671391
"Q9Y2Z4",0.0867561808715061,0.398869619739517,0.220369834574279,0.828841308774644,0.925762896881585,-6.13887323860103
"Q96N96",-0.115856759176435,-0.702785238550806,-0.219796933176609,0.829278643886116,0.925762896881585,-6.13900220148238
"P78347",0.121345065769238,-1.01867521375492,0.21967859418953,0.829368987532863,0.925762896881585,-6.13902879863621
"P20916",0.128180984912756,-0.0606443171079076,0.219647093080483,0.829393036878179,0.925762896881585,-6.13903587623843
"O94903",0.0842333442214999,-0.418211263192535,0.21946108101553,0.829535050374607,0.925762896881585,-6.13907764849373
"O95168",0.0461935295894178,-0.75236264342223,0.218910272243186,0.82995560932938,0.925762896881585,-6.13920113617667
"Q9BS92",-0.139982010067781,-0.0581143176309623,-0.218845208013798,0.830005291396583,0.925762896881585,-6.13921570280268
"Q9NRD5",0.0705467321530779,-0.18333003384616,0.218155022892629,0.830532352912578,0.925995841753104,-6.13936995728818
"Q14738",0.0746383096417636,-0.85855911849596,0.217524744457581,0.831013740696765,0.926177704108613,-6.13951040022553
"Q9P0K1",-0.061293413278176,-0.84132793249384,-0.21672805611056,0.831622328367035,0.926501139183794,-6.13968734649528
"Q12792",0.0487129749209451,0.228612269099772,0.214963142826138,0.832970939686914,0.927233631704219,-6.14007704181798
"Q9UMZ2",0.517708764643418,3.20268748453243,0.214436499784441,0.83337346611724,0.927233631704219,-6.14019271241676
"Q99460",-0.0455116898360164,0.35638329856787,-0.214024635505237,0.833688298160984,0.927233631704219,-6.14028297695607
"P46379",0.0501597482018282,-0.162755100882469,0.214003276582412,0.833704625886681,0.927233631704219,-6.14028765329643
"P28074",0.0420650279903258,0.203489254526821,0.213783033165614,0.833872994560117,0.927233631704219,-6.140335846545
"A6ZKI3",-0.0852171122797642,-0.113078639222127,-0.213223704517951,0.83430062056331,0.927354776867545,-6.14045801629344
"Q96BJ3",0.0981268372599805,-0.248981130647511,0.212151038289779,0.835120863330945,0.927734582128448,-6.14069142103996
"P20073",0.049677528178619,0.385553588316804,0.211324176381114,0.835753281627412,0.927734582128448,-6.14087054252757
"Q14642",-0.1375132273537,-1.5466540599743,-0.211279148479094,0.835787724233296,0.927734582128448,-6.14088027688813
"O75506",-0.0768442364598657,0.0188336108291622,-0.21075425007024,0.836189253767294,0.927734582128448,-6.14099360009609
"Q14444",-0.076265586695473,-0.476010866023069,-0.210692674053059,0.836236360454611,0.927734582128448,-6.1410068757327
"Q15717",0.0523495417301865,-0.702672004107939,0.207655565649886,0.838560607099,0.929958600098357,-6.14165688648718
"Q9H313",-0.0709263278379547,0.154567897003017,-0.206548210477086,0.839408438294083,0.930544211594583,-6.14189155340995
"P49815",0.0746574725446792,0.200475425898456,0.204844542446012,0.84071323299077,0.931635760854205,-6.14225015454877
"Q96RR4",0.111910653386228,-1.61888379480806,0.203785546768241,0.841524535852426,0.932179824640487,-6.14247157275245
"Q13480",0.119422849504486,-0.454989535992487,0.201091515046217,0.843589291906657,0.93411143053591,-6.14302970852289
"P53621",-0.066696155082568,-0.892142115605865,-0.200413536246076,0.844109096636573,0.934331483914959,-6.14316900612472
"Q9Y3S1",-0.0848530538819427,-0.787665670051815,-0.199887483164105,0.844512472366548,0.934422545470211,-6.14327676691297
"P40939",0.0495246549241956,0.326187927966556,0.198210027686621,0.845799042148379,0.935300383807108,-6.14361850979753
"Q08AM6",0.0600447498823408,-0.0125408260566812,0.197750801735521,0.846151337875962,0.935300383807108,-6.14371156736843
"Q9BXR0",0.118288132994862,-0.331138663313951,0.197087232240538,0.846660456452725,0.935300383807108,-6.14384565409742
"Q6ICL3",-0.0604372216714198,0.575802455131315,-0.197060053040609,0.84668131100489,0.935300383807108,-6.1438511366161
"P24666",0.0487125766874354,0.50532090481558,0.196649061610039,0.846996678565257,0.935300383807108,-6.14393394913609
"P39023",-0.0471339208165891,-0.184961720407684,-0.196058773015723,0.847449674584548,0.935300383807108,-6.14405258834183
"Q13554",0.119761731164501,-0.650223761389757,0.195920613085977,0.847555708625205,0.935300383807108,-6.14408030522133
"Q8IY17",0.0550901030074587,-0.602486759180638,0.195234180140041,0.848082573002517,0.93549439644967,-6.14421772559115
"P40925",-0.0447137005821398,0.237909559612148,-0.194853918246074,0.848374471556934,0.93549439644967,-6.14429364568503
"Q7L1Q6",0.0705830450062916,0.801177046134149,0.194236520096063,0.848848451123519,0.935576783529967,-6.14441659710158
"P16152",0.0681456194836356,0.438282532795768,0.193919055073786,0.849092194262076,0.935576783529967,-6.14447966747107
"Q5XKP0",0.0707915993529102,-0.895636077754662,0.192580223605932,0.850120298009681,0.93573135719478,-6.14474452288698
"P55735",0.0822243466931088,-0.38708058068004,0.192147340896451,0.850452774306692,0.93573135719478,-6.14482976792568
"P39687",-0.0460407488068394,-0.401758154150626,-0.192078278083118,0.850505820856786,0.93573135719478,-6.14484335041422
"Q15052",0.111420957739939,0.390182507941891,0.19206150031625,0.850518707828245,0.93573135719478,-6.14484664934152
"P43146",0.107319599609201,0.704173588969226,0.191586804573851,0.850883339147264,0.935778728994157,-6.14493986761317
"P06307",0.0505785425608478,-0.345585126800348,0.191125467354283,0.851237743302995,0.935814821689353,-6.14503024280663
"P31943",-0.114305628845858,-2.3769016424759,-0.189366198281037,0.852589538816913,0.93694696297478,-6.1453728920397
"Q7Z460",0.0925013525635193,-0.373485221668016,0.186921978941517,0.854468438965597,0.937358945976827,-6.14584371689111
"P36269",0.0634812874537767,0.198623041580124,0.186778221584486,0.85457897566772,0.937358945976827,-6.14587121913563
"P30050",-0.046318044331783,0.182596107562687,-0.186555424614834,0.854750293123045,0.937358945976827,-6.14591380087564
"Q7RTV0",-0.0969990174382191,-0.81669961241235,-0.186487016353381,0.854802896487243,0.937358945976827,-6.14592686515889
"O43684",0.0589399841136603,-0.225772247739411,0.18637286786323,0.854890673955599,0.937358945976827,-6.14594865408109
"O15079",0.0676295720810291,-0.0442612211293401,0.186304056095673,0.854943589530629,0.937358945976827,-6.14596178261591
"Q9NP80",-0.0510042943610145,0.0481306819911837,-0.18594560776166,0.855219244525249,0.937358945976827,-6.14603009265847
"Q16718",-0.0377469105098145,-0.73458345124767,-0.181984905073695,0.858266417026314,0.940344606003981,-6.14677617718804
"P60201",0.083210655763036,0.0624691580754097,0.181360001859345,0.858747403348742,0.940403332836515,-6.14689243166354
"Q14204",0.063726301718243,-0.635246292431331,0.181075577711562,0.858966343188817,0.940403332836515,-6.14694521302605
"Q96EP5",0.0412711822758035,-0.278430002037516,0.179472029161512,0.860200924592176,0.941103465980403,-6.14724124546707
"Q15366",-0.0483449896239304,-0.584565411199375,-0.17940485233206,0.860252652751846,0.941103465980403,-6.14725358985392
"Q9BQ69",-0.0736747238688149,-0.720515282857157,-0.1768503643126,0.862220177690442,0.941721413860569,-6.14771958897156
"Q96AJ9",-0.0853928126686967,0.320677262887475,-0.176541619490108,0.862458044738526,0.941721413860569,-6.14777546084436
"P42356",0.047229030393564,-0.194423294662999,0.176511540012102,0.862481219688745,0.941721413860569,-6.14778089896992
"P30040",0.0544855865746613,0.0774653888352757,0.176420323179024,0.862551499159468,0.941721413860569,-6.14779738459426
"P61163",0.0362326078591157,0.15821505099554,0.176040956814802,0.862843801038373,0.941721413860569,-6.14786585651675
"P08246",0.0858583653795262,0.609634211607415,0.175527394625007,0.863239534128352,0.941721413860569,-6.14795831575241
"Q6GYQ0",0.0851001691865165,-0.519462039988274,0.175341857300956,0.863382512110067,0.941721413860569,-6.14799165287776
"Q13509",0.0499949438535241,-0.604665512826365,0.175310811245879,0.863406437175257,0.941721413860569,-6.14799722776872
"O43526",-0.0728447568359445,-0.0985331230032845,-0.174831887927665,0.863775528178394,0.941770995503607,-6.14808310278217
"Q9Y3U8",-0.0491736934321436,0.366761639302324,-0.174380267319051,0.864123608168386,0.941797640363297,-6.14816386797739
"P29323",0.0746980956599171,-0.765021516550212,0.172826069750716,0.865321707129696,0.942750343596935,-6.14844022248256
"P61204",0.0738997675149291,0.42191181846276,0.169895590125132,0.867581688849199,0.944858800355977,-6.14895459586247
"P37235",-0.0674458839341971,-1.23352528159929,-0.168554426067645,0.868616395909177,0.94527242316596,-6.14918708292985
"Q15819",0.0417432234720614,-1.52087395260958e-07,0.168243373718066,0.868856408423437,0.94527242316596,-6.1492407409112
"Q7Z3U7",0.117876602805103,0.719656552382509,0.168140240651579,0.868935990367334,0.94527242316596,-6.14925851006184
"P16219",0.0930834506885606,0.211211667617883,0.166814077990003,0.86995944633525,0.945830431960692,-6.14948603248677
"Q14165",-0.0704578140586334,-0.0760235550811702,-0.166527602655145,0.870180563416503,0.945830431960692,-6.14953494586031
"P07237",0.0355561444832396,-0.00532200211629235,0.166167439964232,0.870458572393374,0.945830431960692,-6.14959632197258
"P62081",-0.0397193562632866,0.112705534264104,-0.165791152414924,0.870749047155565,0.945830431960692,-6.14966030460972
"Q7Z2K8",-0.0591520499331922,0.411168117083914,-0.164123583586492,0.872036558099635,0.946654018170099,-6.14994211371876
"Q2M389",-0.0503275444956996,-0.0168356204633435,-0.163966477780768,0.872157877221318,0.946654018170099,-6.14996851742003
"P49641",-0.0516772821024113,0.00701841021492316,-0.1630406395232,0.872872889303391,0.947076848573031,-6.15012360524044
"Q9Y5B9",0.043089775993939,0.251357367622675,0.162019372339834,0.873661733901756,0.94725485536962,-6.15029366391594
"P46821",-0.0454376748996643,0.269479755883922,-0.160951819723549,0.874486479633107,0.94725485536962,-6.15047029215702
"Q9H0Q3",-0.0933114606901255,-1.18357395123145,-0.16046316726008,0.87486404244185,0.94725485536962,-6.15055075244628
"Q12768",0.0417672438674129,-0.0182568521267577,0.160338790638353,0.874960148501099,0.94725485536962,-6.15057119308207
"P16949",0.105007619617629,-0.827197225523944,0.160150485602884,0.875105656077381,0.94725485536962,-6.15060210996693
"P68871",-0.132846636972938,0.11556286000229,-0.16014108729779,0.875112918484311,0.94725485536962,-6.15060365208062
"Q12926",-0.0645489612566104,-1.11648589072647,-0.159878842561595,0.875315569102717,0.94725485536962,-6.15064664595521
"Q9NP97",-0.0455241002517868,0.508632942509697,-0.159315291969854,0.87575108574425,0.947311791538694,-6.15073880011806
"O14949",0.0292571669514114,-0.746858119896078,0.158968313267975,0.8760192546497,0.947311791538694,-6.15079537830644
"O60684",-0.0762598280143921,-0.219643737955638,-0.15790266081876,0.876842962767631,0.94739887701179,-6.15096837484499
"P62701",-0.0342925767871174,0.11626253389925,-0.157898752055802,0.876845984364105,0.94739887701179,-6.15096900725448
"Q9BYB0",-0.0599585172490687,-0.0241412217914875,-0.157600580605397,0.877076486140812,0.94739887701179,-6.15101720326123
"P35754",-0.0890148724756804,1.23216248059873,-0.15677067601779,0.87771810584716,0.947740143975969,-6.15115087002248
"Q9UKU0",0.0512881145145694,-0.943715540495092,0.156298107279344,0.878083500385521,0.947783006721761,-6.15122666910513
"Q13838",-0.0480568700721942,-1.06551133361984,-0.155163716515049,0.878960739705621,0.947873226839876,-6.15140769262144
"Q07954",0.0425515614641093,-0.0117344597679269,0.154968376044038,0.879111815793815,0.947873226839876,-6.15143873201897
"Q96TC7",0.0425387096560884,0.313945103670254,0.154926407761577,0.879144274653204,0.947873226839876,-6.15144539565125
"Q9UQM7",0.0846792767247015,-0.192607156803301,0.153629406801036,0.880147504591709,0.948603421615509,-6.15165044407396
"P23435",-0.0590178716223238,-1.03246364922482,-0.152648179580888,0.880906626022147,0.94907007838743,-6.15180442921044
"P05455",-0.048896494806259,-0.303941270047461,-0.152183165074484,0.881266424715844,0.949106327136605,-6.15187706111673
"C9J069",-0.116391422758715,0.944407069924775,-0.15167942852592,0.881656214846183,0.949174837292783,-6.15195549196324
"P09104",0.0419942032237586,-0.35668160089437,0.150631489562408,0.882467209617772,0.949696590232143,-6.15211782383562
"P78333",0.0632550710384372,-0.259079578096379,0.150188722593535,0.88280990605623,0.949714168807256,-6.15218607399251
"Q16799",-0.0381756786114837,-0.801874909381215,-0.148520498754669,0.884101310459374,0.950395919773292,-6.15244142338735
"Q8WWX9",-0.0519259803456999,0.178131166445464,-0.147950413902282,0.88454270298549,0.950395919773292,-6.15252803268545
"P48506",-0.0586182200261415,0.14532366615688,-0.147581246100591,0.884828555248837,0.950395919773292,-6.1525839408661
"P62906",0.0332119730743413,0.15411025852435,0.146768834875117,0.885457676372243,0.950395919773292,-6.15270648523826
"Q02252",0.0507733738290853,0.053432775858555,0.146429133209692,0.885720760963779,0.950395919773292,-6.15275752604567
"P20674",-0.0267147423167026,-0.89453620183789,-0.146405632037795,0.885738962147738,0.950395919773292,-6.1527610527806
"Q14376",0.0352277025096411,-0.0931699955075026,0.146028213916197,0.886031274060656,0.950395919773292,-6.15281761324832
"Q15493",0.0385578734648014,0.697953007575958,0.145539892035846,0.886409507009189,0.950395919773292,-6.15289057798029
"P50454",-0.0400453860356726,0.40207375514233,-0.145021218943547,0.886811280233719,0.950395919773292,-6.15296781097045
"Q92823",0.0398710429099122,0.366577438444176,0.144450628073234,0.887253307278616,0.950395919773292,-6.15305245727911
"Q9NUL5",-0.0829101685852267,0.848508654170164,-0.144143773311628,0.887491038597617,0.950395919773292,-6.15309784118209
"Q9H2X9",-0.0619028047450801,-2.15907998282464,-0.14396365665021,0.887630586643472,0.950395919773292,-6.15312443567695
"O75439",0.0335395036289903,0.432432553161833,0.143075252266504,0.888318947710195,0.950395919773292,-6.15325512495027
"O43236",-0.0446736631733501,-0.582642509435805,-0.14303343098145,0.888351354350525,0.950395919773292,-6.15326125722089
"P57105",-0.0839789750422082,0.871750184273065,-0.142758270829887,0.888564576697743,0.950395919773292,-6.15330155949516
"P62913",-0.0342611300008701,-0.190471468446376,-0.141717444771443,0.889371196675822,0.950395919773292,-6.15345330783873
"O94830",0.0488812532518005,-0.0562290356801536,0.140972893369312,0.889948287833914,0.950395919773292,-6.15356118130693
"Q7L775",0.0648766310304812,-0.924742801921282,0.140939395319169,0.889974253222634,0.950395919773292,-6.15356602131591
"P36957",0.0491546890400642,-0.548009481864822,0.140738828143558,0.890129721874517,0.950395919773292,-6.153594976535
"Q12765",-0.0443919983632931,-0.179461972394776,-0.14018731755203,0.890557246801372,0.950395919773292,-6.15367438434927
"Q13813",-0.0278495314618775,0.221547946442746,-0.139924708934225,0.89076083056281,0.950395919773292,-6.153712086119
"Q06124",0.0299436345570188,0.274005995044682,0.139230997710955,0.891298659280821,0.950395919773292,-6.15381134072338
"P12277",0.0645140056347731,-1.08189439954013,0.138829631612848,0.891609860621305,0.950395919773292,-6.15386854265223
"P51149",0.0287157995919592,0.374592008523499,0.138404342402146,0.89193963115174,0.950395919773292,-6.15392897439254
"P54756",0.0918444172224556,-0.574715470261304,0.138345611817653,0.891985172659389,0.950395919773292,-6.15393730522475
"P63220",-0.0407570488571018,0.164612836837163,-0.138148037329018,0.892138380925025,0.950395919773292,-6.15396530494599
"P55036",-0.0323412892903144,0.168759287031926,-0.137789574858955,0.89241636050333,0.950395919773292,-6.15401600341185
"Q6DKJ4",-0.0641387573681659,0.0435464536130471,-0.137567821128112,0.892588332900483,0.950395919773292,-6.15404730097706
"Q9UJZ1",-0.0942824720208535,0.254414632340691,-0.136725631180395,0.893241511389207,0.950743525289902,-6.15416570683849
"P48539",0.106440670201987,-1.82624063779612,0.135844942016898,0.893924634986138,0.950796463822903,-6.15428874989971
"Q02978",0.0421070853119738,-0.497720334436452,0.135819054456366,0.893944716501533,0.950796463822903,-6.1542923547133
"Q68CZ2",-0.041798379641479,-0.0448753011149523,-0.134502348628534,0.894966211904463,0.951535139438066,-6.15447480090376
"Q96I23",-0.0651002613170656,-0.1572950067486,-0.13294022451376,0.896178353224618,0.95185909239149,-6.15468895406977
"Q9BXW6",-0.0347079138441195,-0.206859191515956,-0.132771018808306,0.896309665847227,0.95185909239149,-6.15471200089017
"O76070",-0.0364674218915418,0.055594804669701,-0.132697950767528,0.896366371508982,0.95185909239149,-6.15472194414054
"P51649",0.0424822045775455,0.36186841867882,0.132356843084473,0.896631101560892,0.95185909239149,-6.15476829055403
"P13073",0.0297596226472429,-1.12137682223795,0.131648009962971,0.897181260354633,0.95185909239149,-6.15486421945656
"P27361",0.0371731549156604,0.147869708371273,0.131580704881182,0.89723350186593,0.95185909239149,-6.15487330138499
"Q9BQI7",-0.0376316074380484,-0.0766447701764126,-0.131024650871504,0.897665124210147,0.95196993857563,-6.15494815628295
"P46439",-0.143386544020768,-0.10392525898466,-0.130488510720588,0.898081320862918,0.952064351078722,-6.15502003102352
"P35908",-0.0783662774937908,-0.561676328914994,-0.129957969326779,0.898493202017372,0.952140805174308,-6.15509086584162
"Q96HE7",-0.0623740663203728,-0.402896514720772,-0.129552722639252,0.898807832238427,0.952140805174308,-6.15514477813117
"P09110",0.0303679362690717,0.204682055423737,0.128684215334562,0.8994821937882,0.952374111621414,-6.15525975496395
"P14406",0.0358560655589223,-0.84730953200218,0.128304224616689,0.899777266980103,0.952374111621414,-6.15530981721915
"Q14997",0.0852011526328321,0.507286855304072,0.128004658296795,0.900009899298588,0.952374111621414,-6.15534917978175
"O60437",-0.0582587371250747,-1.14020430321179,-0.127093077183544,0.900717858794491,0.9524217416195,-6.15546839556787
"O14976",0.0404407636615224,-0.91516746469322,0.126932966138126,0.900842214624717,0.9524217416195,-6.15548924700085
"Q9BTM9",0.0438277362681001,0.208764232876403,0.12647066099211,0.901201295240075,0.9524217416195,-6.15554930633844
"Q12955",-0.0427813671066923,-0.364366643372505,-0.126202880527606,0.901409295379847,0.9524217416195,-6.15558399445358
"P17405",-0.030375066911801,0.29836457414865,-0.125420821565834,0.902016807618548,0.9524217416195,-6.15568488197867
"Q6PGP7",-0.0350606864738225,-0.0953676476842152,-0.125418428556524,0.902018666633451,0.9524217416195,-6.15568518972265
"P55327",-0.0435643966251139,0.64893792874075,-0.12458917746133,0.902662908230043,0.952756279633451,-6.15579147972366
"P02042",-0.116031110091394,0.0458270375962133,-0.123774848241348,0.903295626528334,0.953078416677829,-6.15589517252997
"P19338",-0.0491112363345179,-0.621768083049462,-0.122034147406833,0.904648346637339,0.954159727696505,-6.15611455012197
"Q13045",0.0334988493183479,0.226510036769134,0.121168319655301,0.905321307071585,0.954523552021128,-6.15622251448015
"P42566",-0.0527793994765182,0.683923671111064,-0.120698918639389,0.905686178416584,0.954562397389446,-6.15628072578956
"Q5SQI0",-0.025819165949673,-0.0482883454627591,-0.11696874032821,0.908586474030884,0.957272497983299,-6.15673529764473
"P26196",-0.0320388177863912,-0.227565047325201,-0.116372314791316,0.909050334931043,0.957410217842491,-6.1568066596818
"Q5SYC1",-0.0376724429088786,-0.654841626301874,-0.115954630022001,0.909375203476511,0.957410217842491,-6.15685641872082
"O43324",-0.0336725034149509,-0.541457232286862,-0.115343619473798,0.909850468098252,0.957564145448794,-6.15692888713634
"P41250",-0.0220319731178885,-0.0236447581042046,-0.114131327750955,0.910793535636628,0.957571363459981,-6.15707153887842
"P62195",-0.0308937514782081,-0.19803486374013,-0.11394871998704,0.910935602263856,0.957571363459981,-6.15709289618553
"Q92752",0.0248031888504322,0.5306089401407,0.113600449086791,0.911206561585972,0.957571363459981,-6.15713353437999
"P23469",-0.0631276082015987,0.0572357995247488,-0.113578701120033,0.911223482170614,0.957571363459981,-6.15713606793587
"P62249",0.0242011130934389,0.189079625238889,0.113219911348562,0.911502638070154,0.957571363459981,-6.15717779571133
"P05067",0.031137024920952,-0.243887406804552,0.112043110046347,0.912418331879395,0.95799451259747,-6.15731373455467
"P81605",-0.0700375532429316,1.05809503800116,-0.111856119648462,0.912563844989755,0.95799451259747,-6.15733520433076
"Q9BU89",-0.0480846650538603,-0.592283221124618,-0.108853704392458,0.9149007224734,0.960015938466532,-6.15767503275634
"Q9ULP0",-0.039807182820026,0.295043326345576,-0.108534505141366,0.915149214194557,0.960015938466532,-6.15771061859923
"Q14643",-0.0631347211646548,-0.75802018601442,-0.107584514667426,0.915888821721807,0.960445575210976,-6.15781591079872
"Q96PY5",-0.0252794620083824,0.484073905785462,-0.106568163844322,0.916680183302282,0.960642702149023,-6.15792753493701
"P62873",-0.0261504001017948,-0.230450113956187,-0.106495148093439,0.916737039129841,0.960642702149023,-6.15793551341512
"P33176",0.0253700122928807,0.501417435782382,0.106035846993034,0.917094698081474,0.960671551985994,-6.15798557636835
"Q8NFP9",0.0483936208322227,-0.0380182077177899,0.103295412556081,0.919229066897879,0.962560843710985,-6.15827978900871
"P11532",-0.0609869475873213,1.49964946185442,-0.102768568601116,0.919639470532644,0.962644193974818,-6.15833546951999
"O43464",0.0337757129972755,0.403260207920473,0.102024139338994,0.920219410492278,0.96264652487381,-6.15841366134975
"Q15818",0.0419034856102504,0.240128168065673,0.101916448265863,0.920303310034,0.96264652487381,-6.1584249257925
"P49593",0.0312746213604843,-0.21769716918708,0.100170566331623,0.92166362197341,0.963723011118442,-6.15860588714338
"Q96ME1",0.0538303271596604,0.0190479569146428,0.0992206923439629,0.92240382811037,0.964150553089504,-6.15870303062027
"P27635",0.0198498612420775,-0.237932816582549,0.09731364400496,0.923890154495491,0.965357396618269,-6.15889527383475
"Q8NC44",0.0294665023710687,-0.12471517475908,0.0963338429093152,0.924653912958251,0.965808645624017,-6.15899259560975
"P11234",0.0312911410495606,0.147884986180208,0.0946471118632628,0.925968906527271,0.966835133833641,-6.15915783158771
"Q9Y696",0.0396942277765003,0.667139751268449,0.0934514190077363,0.926901218084619,0.967199439399892,-6.15927319891148
"P45381",-0.051838334569564,0.184541819301,-0.0933471103162776,0.926982555493574,0.967199439399892,-6.15928319374995
"Q5T8D3",0.0536004627603094,-0.952198116017127,0.0928811461176034,0.927345913528155,0.967231759271301,-6.15932770622238
"P62244",-0.0218131550043027,0.20438471968182,-0.0924061730669159,0.927716314007268,0.96727139869622,-6.15937285033841
"Q14914",0.0383621996574777,0.962020542837489,0.0909165206308193,0.928878109394054,0.968135851839792,-6.1595129359889
"Q13423",-0.0191533059041263,-0.327933870054477,-0.0901179039344852,0.92950102850703,0.968438235931062,-6.15958710097883
"P22570",-0.0396657721688054,0.00283277282075163,-0.0894916708753298,0.929989522452938,0.968575761188058,-6.1596448000903
"Q92882",0.0584088560513793,-0.720166707224322,0.0890953193205248,0.9302987122064,0.968575761188058,-6.15968111099511
"Q9NRR5",0.0190276144005335,0.0133674623298734,0.0882389639656011,0.930966786089462,0.968814794340224,-6.15975901451809
"P25398",-0.0209612397136265,0.29900436287651,-0.0876517074154047,0.931424957561189,0.968814794340224,-6.159812003464
"P51693",-0.026988253214641,0.411733729055041,-0.0875208210883058,0.931527077169741,0.968814794340224,-6.15982376535027
"P61026",-0.0196060903356586,0.344291577920739,-0.0862140787990472,0.932546686922123,0.969528709876162,-6.15994023099955
"Q13409",0.0224961243378628,0.194004021891292,0.084795957208943,0.933653341782725,0.970331710333713,-6.16006464340468
"Q96BS2",0.0280359259961665,0.19521716567401,0.0843697699740494,0.933985952111591,0.970331710333713,-6.16010163019536
"Q00325",-0.0192597485957661,-0.816881669526325,-0.0838882621673108,0.934361751838431,0.970375695164109,-6.16014319402034
"A8MVW0",0.036592319369944,-1.13914095074773,0.0831809818494854,0.934913788482445,0.970378810975854,-6.16020381566998
"P54727",-0.0171532785166981,0.391998340533689,-0.0825478279555576,0.935407998557012,0.970378810975854,-6.16025764892755
"P47756",-0.0228735071390737,0.82948677009496,-0.0819005112980026,0.935913292059259,0.970378810975854,-6.16031226156428
"Q709C8",-0.027590478408803,0.2600591683542,-0.0812512519262546,0.936420130903239,0.970378810975854,-6.16036660666381
"Q9NR31",-0.0303211625687189,-0.516414881540582,-0.0809198879077211,0.936678818493777,0.970378810975854,-6.16039417635827
"P60983",0.0225595517742974,0.924455172735118,0.0808576553356669,0.936727402735046,0.970378810975854,-6.1603993415932
"Q92820",0.0316745358576059,-0.268453173999344,0.0807769203053637,0.936790432019858,0.970378810975854,-6.1604060365959
"P62750",0.020981421201771,0.214054706884681,0.0804669086557186,0.937032460083213,0.970378810975854,-6.16043168241871
"P10619",0.0339412980097774,-0.0886798492432718,0.0792712705376308,0.937965962788615,0.970999982822792,-6.16052966931378
"P61018",0.0172507507532683,-0.228273322550513,0.078740786248964,0.938380172536997,0.971083322220007,-6.16057267509296
"Q9UM54",0.0241406497453247,0.431619602559357,0.0782149027220306,0.938790808264106,0.9711629051008,-6.16061502314658
"Q86V81",-0.0149736232889469,0.116148597621138,-0.0763883048016152,0.940217245760812,0.972292887407237,-6.16075991178539
"Q9NZL4",0.0289622881516674,0.0866572787860751,0.0750843540437677,0.941235665503213,0.973000279436714,-6.16086125070433
"Q9UHG3",0.0391926965187393,-0.633049670311736,0.0735033767275386,0.942470593548198,0.97389711062539,-6.16098178110014
"Q2Y0W8",0.0426512298424105,0.486954179455122,0.0731168190861894,0.94277256379097,0.97389711062539,-6.16101086153418
"O75533",0.0197119994784126,-0.620248456446303,0.072647864674744,0.943138912847078,0.973929821286373,-6.16104593493183
"O60826",0.0302714839153959,0.190323145559568,0.0719743459947731,0.943665091727758,0.974127498023334,-6.16109591332475
"Q13200",0.0183362653895924,0.0457500851188123,0.0705388889471909,0.944786617362204,0.974615429671069,-6.16120087918058
"P55011",0.0218862343589223,-0.12753886791082,0.0694135940671402,0.945665897951603,0.974615429671069,-6.16128168741213
"O75528",0.0360648025645681,-1.09920489053148,0.0692365654929515,0.945804230911374,0.974615429671069,-6.16129428175214
"Q8N142",0.0242253177533784,-0.0392516094768766,0.0689940201432373,0.94599376268,0.974615429671069,-6.16131148497168
"Q9BZV1",0.0195953647981013,-0.398582914912892,0.0688359049709093,0.94611732016249,0.974615429671069,-6.16132266725815
"Q7L5D6",0.031132150616918,-0.504364272860023,0.0686908266275385,0.946230691417743,0.974615429671069,-6.1613329049947
"Q9UN86",-0.0326290824179561,-0.737080918506655,-0.0679184288399235,0.946834300860819,0.974615429671069,-6.16138704738995
"P15924",0.0694386667230568,1.70969537699831,0.0677240060109594,0.946986242778311,0.974615429671069,-6.16140057936974
"P23246",-0.0173501714984397,-0.426023601917061,-0.0673126741353096,0.94730770671399,0.974615429671069,-6.16142908062459
"P00338",0.0184878984597411,0.0488242275033519,0.0663816830394364,0.948035329706372,0.974615429671069,-6.16149294835031
"P67936",0.0179891155992719,0.280301183907399,0.066317828593201,0.948085237397791,0.974615429671069,-6.16149729631008
"P09661",-0.0392249774451601,-0.0484825687540102,-0.0662262711579582,0.948156797731545,0.974615429671069,-6.16150352331789
"O75955",-0.0185514011090486,0.0448513418094842,-0.0644450007914702,0.949549111862908,0.975701947570997,-6.16162296046256
"Q9GZT8",0.0160490393643967,0.105361747148856,0.0621467406542379,0.951345779136139,0.97720304175297,-6.16177225457796
"Q8IU85",0.0272578180308643,-0.538768138819371,0.0614552100747618,0.951886438242111,0.977413385774363,-6.16181611583606
"Q9NQW7",-0.0141083629752028,0.781297288634307,-0.0604271390275822,0.952690260146206,0.97789370618182,-6.1618804159598
"Q99733",-0.012049882303016,0.249435640536437,-0.0585543976767691,0.954154644754739,0.978144785435911,-6.16199475933513
"Q14764",0.0182641748853711,0.354045283094128,0.0585009554286467,0.954196436318629,0.978144785435911,-6.16199796954503
"P33316",0.0145091540303901,0.150630046949328,0.0584639645310035,0.954225363092938,0.978144785435911,-6.16200018982687
"Q9BWD1",-0.0122594444946668,0.363265099971505,-0.0583948671798785,0.95427939720019,0.978144785435911,-6.16200433345479
"Q13492",-0.0154027999970185,0.0660679508217466,-0.0571221447070826,0.955274707330108,0.978820210679793,-6.16207978011893
"Q07666",0.022346056142004,-1.1232225152225,0.0558925279861473,0.956236381126009,0.978916129620073,-6.1621510932846
"Q9HAT2",-0.0169713802668543,-0.126057842007491,-0.0557911494517397,0.956315671684956,0.978916129620073,-6.16215690364845
"Q9H299",-0.0198488753392454,0.616658591499839,-0.0557120842020391,0.956377510828133,0.978916129620073,-6.16216142784077
"Q3ZCQ8",-0.0171289265179385,-0.273839425351278,-0.0514284433129792,0.959728292084054,0.981780273773479,-6.16239695583758
"Q04323",-0.0173080761591771,-0.108838665178522,-0.0512722657172894,0.959850473843831,0.981780273773479,-6.16240518727633
"O43592",0.0141739940874847,0.126990929940763,0.0498386056864989,0.960972111692185,0.982582166206697,-6.16247957996859
"P41252",-0.0194557937725705,-0.417602590015099,-0.0477175970217754,0.962631660418819,0.983933309384883,-6.1625857713837
"Q8TBC4",0.00793177996264125,-0.233728316430456,0.0463121967089715,0.963731392803975,0.984711500372039,-6.16265359223364
"Q86UW8",-0.0238101972011398,-1.84180011620047,-0.0453696348443021,0.964468995089575,0.984764891473227,-6.16269794231974
"Q96Q42",0.0264412197071245,0.70976338769197,0.0449257430406471,0.964816374621279,0.984764891473227,-6.16271851287738
"O95571",0.0126684281641152,-0.0420212827974681,0.0447515286962737,0.964952712801654,0.984764891473227,-6.16272653096209
"P49411",0.0184101193459963,-1.31142002008929,0.0443004417743015,0.965305733626537,0.984764891473227,-6.16274714718195
"Q9NP72",0.00896865552075672,-0.181604231195226,0.0438631873886262,0.965647936328269,0.984764891473227,-6.16276693191549
"Q2TAY7",0.0160500598461244,-0.26517151204187,0.0429169272351881,0.966388519599528,0.984764891473227,-6.162809076264
"O95502",-0.0310720232346879,1.62883613567455,-0.0427927086844063,0.966485740709771,0.984764891473227,-6.16281454045937
"P23434",0.0141003919048886,0.15443892812932,0.0422786254189941,0.966888099904353,0.984764891473227,-6.16283698587865
"P11586",-0.0173648127315807,0.0088315187961517,-0.0420196862308306,0.967090768228278,0.984764891473227,-6.16284818873475
"O43290",0.0270170016054952,-1.30444877488438,0.0419009652591501,0.967183690375761,0.984764891473227,-6.16285330212471
"P61254",-0.0117405644278168,0.0294280530424329,-0.0414890146426567,0.967506125334005,0.984764891473227,-6.16287093293965
"Q9BY32",0.0207950076100261,0.555637842622418,0.0398330693277083,0.96880229766537,0.985739400771408,-6.16294004767551
"P22676",-0.0161485724482305,-0.905091524432418,-0.0382182356768795,0.970066378698231,0.986680587910469,-6.16300473637857
"Q15436",0.0195157047548216,-0.469655453244089,0.0374188692766302,0.970692148592831,0.986964837101404,-6.1630357679925
"Q96L92",0.0218499571968412,-1.08288285026933,0.036994754040889,0.971024167911106,0.986964837101404,-6.16305196599372
"O60831",-0.0101538073813223,-0.246391348425024,-0.0360196506873385,0.971787550290531,0.987395869883186,-6.16308850746287
"P68402",-0.0127752298238221,-0.0533732966174896,-0.0353459806426327,0.972314965433125,0.987586928240975,-6.16311318291569
"O75915",-0.010342462479443,-0.49419207911177,-0.0338416557148144,0.973492747149626,0.988291125338659,-6.16316660261651
"P00492",-0.00862200451049273,-0.0224268603341008,-0.0334724855369608,0.973781791646838,0.988291125338659,-6.16317935720241
"O43295",0.00950206241249166,-0.461225018974327,0.0330410750067225,0.974119572537817,0.988291125338659,-6.16319408491392
"P02647",0.0180593914662509,-0.135466376369631,0.0325809999767067,0.974479802523019,0.988291125338659,-6.16320958071128
"O96000",-0.0063331984734809,-1.04100901853882,-0.0322916415894799,0.974706367602045,0.988291125338659,-6.16321921531321
"Q9UID3",-0.0104360841450972,-0.00606362131442376,-0.0311549794213356,0.975596385906575,0.988737407331911,-6.16325623029399
"A0FGR8",0.00671586097909633,-0.445479595972134,0.030528867450346,0.976086652619808,0.988737407331911,-6.16327605299903
"O00217",-0.0122259009897356,-0.594303804506155,-0.0302938426859279,0.976270687515151,0.988737407331911,-6.16328339001951
"Q8N1I0",0.0135258176285785,0.186644991802528,0.0295102908802765,0.976884253698002,0.988737407331911,-6.1633074414145
"P60842",-0.0123044946562801,-0.527103085525278,-0.0289316502588581,0.977337372419981,0.988737407331911,-6.16332479847753
"Q8N823",-0.0134422269200775,-0.189478254507815,-0.0287063955776932,0.977513765829604,0.988737407331911,-6.16333146234787
"Q99623",0.00765119696822439,-0.455244911570789,0.0285680654142393,0.977622090619323,0.988737407331911,-6.16333552885664
"Q9GZZ9",-0.0177559313629393,-0.9198595986217,-0.0280720724919533,0.978010500839466,0.988737407331911,-6.16334994815706
"O14578",-0.0170963794246746,-0.200288026336565,-0.0278243853789687,0.978204465879234,0.988737407331911,-6.16335705428142
"Q96CM8",0.0646281371074509,3.49196159091908,0.027001155077315,0.978849151957776,0.98904549729067,-6.16338022024405
"Q6P1N0",0.0176490553086679,-0.0026203801329703,0.0245469599332383,0.980771164614235,0.990643557454851,-6.16344515404257
"P08294",0.00770789005692113,0.34341139516806,0.0239538477929504,0.981235681852826,0.990768852946469,-6.16345991917298
"Q68DH5",-0.0192427807996642,0.0682984935596132,-0.0226577713264708,0.982250775451702,0.991449794160407,-6.16349092746138
"Q96BW9",0.0152773633344571,-0.469993669006923,0.0217590350016322,0.982954689148018,0.991816277885136,-6.16351141709854
"P51687",0.00579315558450055,-0.023364843656964,0.0206595934337189,0.983815820445394,0.992341087520311,-6.1635353549327
"O60462",0.013333024197067,1.55396634334403,0.0197871567849086,0.984499166434635,0.992566929658234,-6.16355346728977
"P07196",-0.013947874255671,-1.667518812173,-0.0195027948427455,0.984721898942722,0.992566929658234,-6.16355920199597
"P62760",-0.0113197378022356,-1.63148256661795,-0.0186659058089012,0.985377417605313,0.992859410744604,-6.16357559785499
"Q92520",0.00475608750759331,-0.667824919590372,0.0182611664562562,0.985694445924798,0.992859410744604,-6.16358326935004
"Q9NRX4",-0.00818358543413661,0.0698069267646863,-0.0171791674361713,0.98654197721661,0.993369257335757,-6.16360295207644
"O60716",-0.00483352694156244,-0.362613734140411,-0.0166276772700187,0.986973966779137,0.993460478494392,-6.1636125219002
"Q8TB22",-0.0039507299390686,0.098124631336758,-0.015396009504787,0.987938763617353,0.994087760071403,-6.1636327673484
"P09543",0.00673324521375948,-0.313978901329809,0.0143859641249485,0.988729972699798,0.99454000019233,-6.16364820772914
"O43681",0.00265640465240829,-0.235537873824506,0.0130948666712368,0.98974135899939,0.995213322283422,-6.16366641956022
"Q9Y320",0.00314863930850517,-0.826352857679485,0.0126090222829751,0.990121951972858,0.995252117527122,-6.16367282961224
"Q9UPR0",-0.00541832189897614,-0.7722288952839,-0.0116446359003609,0.990877424806586,0.995667578103303,-6.16368483550453
"Q99574",0.00582173408120344,-0.669347460133276,0.00955150256598274,0.992517156177749,0.996868018457123,-6.16370760853811
"O43301",-0.00341034376880822,-1.17681405838695,-0.00891872477110119,0.99301287272813,0.996868018457123,-6.16371360771469
"P12931",0.00347906226939577,0.0282317455267959,0.00880777753268984,0.993099788834089,0.996868018457123,-6.16371461721847
"Q13442",0.00235495340752076,0.377036843017676,0.00773468723864464,0.993940452684379,0.997367833555704,-6.16372372904016
"Q9BVJ7",0.00258084588778299,-0.358113351343016,0.00526738842415045,0.99587337256919,0.99859766448943,-6.1637401956423
"P84095",-0.00180377711315755,0.0398777509829313,-0.00519729042717289,0.995928288873039,0.99859766448943,-6.16374057217405
"Q8N9I0",-0.00313005502031144,-4.13391513592938,-0.00485615832521761,0.996195539523304,0.99859766448943,-6.16374233255973
"P55786",0.000779473100503318,0.516949994426544,0.00428420142614355,0.996643624620694,0.998632189063252,-6.1637450160307
"Q6P587",0.00110385537905179,-0.038430001805961,0.00377719724567529,0.997040825151522,0.998632189063252,-6.16374711396751
"Q8N111",0.00117076110743848,-0.924964015804999,0.00311752354405575,0.997557632242643,0.998632189063252,-6.16374944858891
"Q9UPN3",-0.000963546397904968,-0.130450161846406,-0.0030600338688235,0.997602671342569,0.998632189063252,-6.16374963088499
"O14907",0.00100456614713037,0.853210127384938,0.00184669356457102,0.998553239503903,0.999240002392145,-6.16375268682871
"P40227",0.00021409471812649,0.139257560642571,0.00103451295348766,0.999189528176758,0.999533010310886,-6.16375388798062
"P61960",0.000112162289052983,0.575235569301884,0.000454288789885632,0.999644095011605,0.999644095011605,-6.16375433138877
