"Gene","logFC","AveExpr","t","P.Value","adj.P.Val","B"
"Q96EQ0",-1.49063288849305,0.219785824598026,-8.47631289079667,5.23981209652307e-08,7.77639649949516e-05,8.50340705606234
"P02743",3.79365162814428,-0.574236994705359,8.40174440626817,6.01655435164035e-08,7.77639649949516e-05,8.37738475480455
"P27338",2.08126191048594,0.047756835564298,7.94605284389296,1.4225701133257e-07,0.000122578124764898,7.58882870576386
"P17302",1.82083866615426,-0.190301501308207,7.16075969132582,6.68851981295768e-07,0.00043224559291239,6.1547122479054
"Q13228",1.3903003401496,0.449661539812011,7.04897586409209,8.39376427936073e-07,0.00043395761324295,5.94281561664687
"P02763",3.3009692480078,-0.147137530625658,6.82076463594136,1.34144499744143e-06,0.000565924666662459,5.50427798780305
"P17931",1.43481505201203,-0.15161365675396,6.75656853504513,1.53248459057532e-06,0.000565924666662459,5.37949008841659
"P17655",1.24039289990217,0.20194162625319,6.49396634690476,2.65706002784146e-06,0.000858562521496272,4.86259976144812
"P46976",1.41486379926745,-0.217327608348848,6.28288327908896,4.16253857282004e-06,0.00119557357897109,4.43976637855731
"Q15847",1.94008499842141,1.18440133160468,6.121344968207,5.89154315089155e-06,0.00142126223210878,4.11188152046968
"Q14956",3.62132493850003,0.07361538374379,6.10922483390298,6.04792439195226e-06,0.00142126223210878,4.08713349174445
"O95757",-1.09461074605943,-0.31659123563677,-5.79027768370506,1.21286424368109e-05,0.00244489217323338,3.42875870097172
"P13796",1.6154338393848,0.431828813758494,5.76838548732267,1.27276715505513e-05,0.00244489217323338,3.3830803624357
"P01876",2.72434694777966,-0.199184983185004,5.70659764234074,1.45871443886804e-05,0.00244489217323338,3.25383399868109
"O43765",-1.3120084100284,0.286359427955046,-5.70125257632792,1.47605411916962e-05,0.00244489217323338,3.24263096185667
"Q96AQ6",1.61364408861661,0.272048700578919,5.68999145083473,1.51327948826824e-05,0.00244489217323338,3.21901656361716
"Q14624",2.34770236002227,-0.0585158061772611,5.65621165454315,1.63081169703979e-05,0.0024788702007994,3.14808749364784
"P00738",4.31743161226333,-0.499703222247483,5.60281615586099,1.83597093696023e-05,0.0024788702007994,3.0356880924584
"P00450",1.70139281940213,0.224952913036843,5.59685576696417,1.86045391669617e-05,0.0024788702007994,3.02312005924344
"P50440",0.99080199628566,0.254259128528014,5.5831823992157,1.91788796967072e-05,0.0024788702007994,2.99427255601774
"P30041",1.39895270540111,0.210324103276088,5.55599540264699,2.03753062343993e-05,0.00250810317218677,2.93684902322395
"O95817",1.52440248348981,0.464815583507758,5.52483693011642,2.18407347469593e-05,0.00256628633276772,2.87093087168253
"Q96CN7",0.972731110879874,0.870929619835839,5.43409013376343,2.67530104900837e-05,0.00300680574421158,2.6783167195378
"Q9Y2J2",-1.16343631096849,-0.29678343882975,-5.36166233758603,3.14746408634016e-05,0.00339008110966222,2.52393025076916
"P19652",2.65056657376944,-0.116673072045305,5.30525376581031,3.57352447019038e-05,0.00368131741032433,2.40330219866854
"Q96HU8",-1.55306186888741,-0.673954706040426,-5.27670959370383,3.81108971271657e-05,0.00368131741032433,2.34213561908578
"P01011",2.68861549731252,-0.147334362079876,5.27120693568475,3.85870633883587e-05,0.00368131741032433,2.33033457291376
"O15061",1.55530081335935,-0.507555512436427,5.2511983719781,4.03701796394407e-05,0.00368131741032433,2.2873983345142
"P31146",-1.31067198790258,0.281913015445136,-5.24112859156936,4.1299112146772e-05,0.00368131741032433,2.26577452282223
"Q92947",1.1246444637441,0.15005866233878,5.17820871043667,4.76178169015509e-05,0.00388924298003102,2.13043563076402
"P37802",1.52644795635296,0.0123955803735249,5.1743691437144,4.80338797272564e-05,0.00388924298003102,2.12216449145986
"Q09666",1.85961368873912,0.437783518270486,5.16790407744119,4.87428268653872e-05,0.00388924298003102,2.10823438631891
"Q9UPY8",-0.98796551207316,-0.0933290241183545,-5.15977033847014,4.96499103833747e-05,0.00388924298003102,2.09070324263801
"P36959",2.66774489929971,0.086449499260191,5.10273219387567,5.65127304263473e-05,0.00429662965153258,1.967593395259
"P30626",0.937213984438637,0.100971394229723,5.07644185971062,5.99936711570038e-05,0.00443096114116728,1.91074988827827
"P31946",-1.0980554742339,0.159244150537711,-5.03549271650832,6.58552685413719e-05,0.00465528663278583,1.82209156915429
"Q9H0Q0",-1.16963218484666,-0.0293569013755802,-5.03034165934182,6.66327293667604e-05,0.00465528663278583,1.81092893357432
"Q96FW1",-1.30301044132874,-0.0661641751120835,-4.95784831809733,7.86181067193417e-05,0.00534810015446048,1.65359925686595
"Q14CZ8",1.14671669413971,0.13513200030139,4.92768523752235,8.42298420577538e-05,0.00558292671075112,1.58801391631013
"Q9HCJ6",1.53848378165889,-0.527288704758994,4.91406142861315,8.68961854961412e-05,0.00561566598768812,1.5583680157189
"O60282",-1.26151957167729,-0.310620833579075,-4.83375174616454,0.000104450148410945,0.00654629696482589,1.38333521647359
"P02790",1.82495579942203,0.186459620754563,4.82584796158788,0.000106361498074541,0.00654629696482589,1.36608463421769
"Q9UEY8",0.857738726214749,0.0135645723689936,4.78947566866737,0.000115624715705843,0.00667345292352762,1.28664583662199
"Q9UQ03",-1.08292493820595,-0.377684058646615,-4.78814033391278,0.000115979939375192,0.00667345292352762,1.28372776030867
"Q9UD71",1.53284923642684,-0.0788164072721935,4.78741897213868,0.000116172294606864,0.00667345292352762,1.28215133749236
"Q96HN2",1.16431471669449,0.178956414140365,4.77071771023501,0.000120717275224253,0.00678378600988464,1.24564411537931
"P04792",1.57961873702439,-0.142767900433039,4.75845256305679,0.000124169375439551,0.00682931564917528,1.21882266156737
"Q96G03",1.27907960788848,0.253977525560318,4.73315862704592,0.000131607501521155,0.00708761232150385,1.16348089479019
"P07355",2.06948296524967,0.180758693060144,4.71472906839234,0.000137309712930934,0.00724378791686662,1.123134191762
"P01009",2.92712169872907,-0.172732284363271,4.70444423680942,0.000140599946513725,0.0072690172347596,1.10060976386189
"P21810",2.73210785291604,-1.43306526632825,4.687457954312,0.000146209684127199,0.00735484101084984,1.06339578321186
"Q92743",1.68874896834571,0.131175222640508,4.67617714993169,0.00015005977677847,0.00735484101084984,1.03867279326807
"P48147",-1.07897825241297,0.0781123371497873,-4.67093658482821,0.000151883084896561,0.00735484101084984,1.02718526165939
"Q14195",0.986275121705866,1.0719309785019,4.66435997631809,0.00015420296783155,0.00735484101084984,1.01276701695315
"P61457",1.21874401654096,0.104606945963887,4.6579848469108,0.000156485978954252,0.00735484101084984,0.998788330761417
"O95299",-1.20403167464618,-0.830954528375046,-4.63122056568895,0.000166449572066215,0.00768343113912796,0.940079989690244
"O60861",-1.25439049901794,0.0100282390526273,-4.62006154734764,0.000170790948036014,0.00770882378986344,0.915591868827673
"P01834",2.21421181936613,-0.0648195328042691,4.61426698917004,0.000173090254694681,0.00770882378986344,0.902873539274956
"P04083",2.51737846925799,-0.128256604497036,4.60717727847844,0.000175946074894369,0.00770882378986344,0.887310364288333
"P52306",-1.19012894010259,-0.0668426170921085,-4.58556823150431,0.000184947521824551,0.00774358931632413,0.839860456214043
"Q12955",-0.868624580943052,-0.179086331334604,-4.58325270049577,0.000185939263298641,0.00774358931632413,0.83477469227489
"P05155",2.66195340069784,0.1490373910836,4.57797035292911,0.000188221839445477,0.00774358931632413,0.823171822935228
"O00330",-1.328479189003,-0.507003205470647,-4.57619165050367,0.000188996792777866,0.00774358931632413,0.819264565710842
"Q9HAV7",-2.26527974808431,-0.616243933736922,-4.57000479243462,0.000191717491777464,0.00774358931632413,0.805672901361185
"Q6FI13",1.67632351153224,-0.857526232529733,4.54657731898489,0.000202383133251566,0.00803684844911042,0.754191515899024
"O75061",-1.00049550153891,-0.074791065507951,-4.53734269822196,0.000206750109960551,0.00803684844911042,0.733892539150486
"P61981",-1.15256286239412,-0.114983176968624,-4.53097876361638,0.000209814792780223,0.00803684844911042,0.71990179474077
"P15311",0.910178482827802,0.671906410813859,4.52769468987402,0.000211414195179694,0.00803684844911042,0.712681341101968
"P51452",-1.38297972145457,0.129990279283801,-4.51640610586021,0.000217006346662964,0.008129875451069,0.687858869531374
"P01024",1.56998742975987,0.438953475535024,4.48917642240467,0.000231117370381505,0.00841860173499738,0.627964656394457
"Q9UDT6",-0.990858719732357,0.0747094315413373,-4.48897227730801,0.000231226585371301,0.00841860173499738,0.627515523718233
"P08670",1.84925235040555,0.226645953514154,4.47775052136158,0.000237310821828653,0.00852011770037593,0.602824802181967
"O43639",-1.53555540555561,-0.907323812003032,-4.43977695713903,0.000259122269289125,0.00917576802893681,0.51924418710658
"Q6ZVM7",-0.702257094636043,0.0808618976659021,-4.43026871473302,0.000264892996137052,0.00925335668938214,0.498309823899944
"P10909",1.20271545103518,0.326244875421216,4.39998606057724,0.00028414911028954,0.00973628115828697,0.431620725263989
"Q07866",-0.883859876091258,0.0598771868087888,-4.39680734300597,0.000286250432506696,0.00973628115828697,0.42461920300442
"Q16890",1.22526048768196,0.141466011143266,4.38686442484877,0.000292924829733383,0.00983390499819214,0.402717223744838
"B9A064",2.6284712876688,-0.026767019154015,4.37033156392473,0.000304371476809196,0.0100871829173304,0.366294466521829
"Q9Y697",-1.84812460812508,-0.641584091885357,-4.35874349052484,0.000312661880972518,0.0102307716748602,0.340762134795398
"P22033",-1.79351702349036,-0.217971795853503,-4.34590126703653,0.00032211521498091,0.0104083478840707,0.312463681929748
"Q16643",-0.878102635343368,-0.161893656701326,-4.32095239870192,0.000341310100270172,0.0107263977490131,0.257480162759022
"P08294",1.06309578835139,0.0413492578481632,4.31787669578708,0.000343754739418614,0.0107263977490131,0.250701168955496
"O00505",-1.06881600826299,-0.13285991047706,-4.31706029874753,0.00034440658149636,0.0107263977490131,0.248901770901499
"Q99627",-0.778971969306477,0.155287548058957,-4.3018905276687,0.000356747278351892,0.0109784727921386,0.215465025521833
"O14964",-0.903590797934946,0.0122484827066525,-4.29334293320326,0.000363895555786778,0.0110667060201038,0.196623553369424
"P09467",1.9162252318481,0.256138102845203,4.27842284346796,0.000376719697392319,0.0113234932297575,0.163733529186826
"P63151",-0.900888215639396,0.122628174558401,-4.26788423974648,0.000386050536553375,0.0114705820343733,0.140501036063679
"P07203",1.05680839882998,0.135200545900435,4.25846647335589,0.000394585226818703,0.0115909410377994,0.119738838165548
"Q8WUM4",-0.919159807277335,-0.188202614948038,-4.22706120141173,0.000424438840331309,0.0120874348983986,0.0505007982256718
"Q9Y3F4",-0.754603934386389,-0.0489616383236616,-4.22439299163852,0.000427077386550724,0.0120874348983986,0.0446181932049674
"Q9NP79",-0.996306152942397,-0.147867541634189,-4.22246344557013,0.000428995730342075,0.0120874348983986,0.0403641181071865
"Q96CX2",1.18399989127795,-0.504189911298053,4.21975001380971,0.000431708046155721,0.0120874348983986,0.0343818064036592
"P09493",0.855006969567109,0.395890936127435,4.21661114340723,0.000434867096924977,0.0120874348983986,0.0274615293167662
"O75935",-0.757050412752789,0.402845357006623,-4.20992281054824,0.000441676004493636,0.0121459820880743,0.0127157622780247
"P51888",1.67129729652027,-0.597075375723568,4.20537120980583,0.000446370715035611,0.0121459820880743,0.00268088123120958
"P68400",-1.00975796199348,0.061182752915771,-4.18353665633702,0.00046959719300016,0.0126448827490147,-0.0454567943676141
"P40123",-1.07880615881164,-0.335621230481559,-4.17854672252405,0.000475073135412329,0.0126604541756791,-0.0564575972056991
"O75145",-1.34651675688285,-0.355839692870368,-4.14960484398292,0.000508120028380817,0.0130744408188701,-0.120259476933896
"P02675",2.27758694339894,0.0396137811474246,4.14673019332277,0.000511525638210898,0.0130744408188701,-0.12659620402931
"Q15111",-1.338946929679,0.471520925305068,-4.14579995398953,0.000512632586429052,0.0130744408188701,-0.128646756277934
"P06703",1.98721284365054,-0.215369312396517,4.14466065448224,0.000513991577992624,0.0130744408188701,-0.131158133450165
"Q9NTK5",-1.07810261047162,0.103563671626418,-4.14306858305387,0.00051589669768849,0.0130744408188701,-0.134667540563846
"Q9Y570",-1.04428127072152,-0.279073951530644,-4.13770524614572,0.000522366831546371,0.013109886015023,-0.14648975449797
"P01860",2.10619453389274,0.206418622273566,4.11998438019118,0.000544328144035689,0.0133016224796255,-0.185548762312236
"Q9HA64",0.852805731978278,0.398576174205245,4.11708134682898,0.000548012974846342,0.0133016224796255,-0.191947012487184
"P49189",0.96906301785392,0.393997629879117,4.11624721899156,0.00054907634798167,0.0133016224796255,-0.193785397700942
"Q9BW62",-1.22919685583138,0.641745345452388,-4.11506313721111,0.000550589402444847,0.0133016224796255,-0.19639505031113
"P35270",1.14916765835816,-0.106782970232483,4.10960532912633,0.000557617691918768,0.0133466827186112,-0.208423494876206
"O14531",-0.663499959554493,0.577672602311625,-4.09356138769181,0.000578802604955546,0.0137266489340375,-0.243779911933187
"P60981",-1.08568570016344,-0.437117592874151,-4.08173081093055,0.000594938320676886,0.0139086290975191,-0.269848319439769
"Q9BX66",1.06106595414207,-0.229467704259949,4.07922661938864,0.000598411083893049,0.0139086290975191,-0.275365904344389
"P19021",0.995094675891342,0.646930548565465,4.07392311390824,0.000605832978477255,0.0139086290975191,-0.287050911763023
"Q13126",0.897820837431097,0.0776810820929092,4.06986248277775,0.000611577734439346,0.0139086290975191,-0.295997148043443
"Q9Y6E2",-1.6349996368865,-0.0880647777832432,-4.06859739802156,0.000613378613971828,0.0139086290975191,-0.29878426555678
"P20962",1.28642177505972,-1.18719505842806,4.06282066679382,0.00062166957306085,0.013974050837933,-0.311510580586605
"Q7L5N1",-1.07987303469217,0.314151844788274,-4.05821421117986,0.000628361157192554,0.0140027033736444,-0.321658206850285
"Q93009",-0.992743928838081,-0.231478550162228,-4.04392863462576,0.000649574601460936,0.0142344001900681,-0.353124914698946
"P00367",0.85175898662917,0.666551483451641,4.04325679005319,0.00065058970230897,0.0142344001900681,-0.354604656784275
"P13693",-1.00716259332409,0.249672257470784,-4.04016737579807,0.000655277997144334,0.0142344001900681,-0.361408963566762
"Q14203",-0.882282637208847,0.129321037898516,-4.02940682078342,0.000671872725280273,0.0144732582904125,-0.385106681348978
"P24534",-1.18271149675415,-0.133250994277336,-4.02241100716856,0.000682886153295069,0.0145889314567583,-0.400511699194844
"P22234",0.846383986294538,0.509276520786958,4.01788494549695,0.000690107395924684,0.0146223575284042,-0.410477497177813
"O14495",0.924807718616258,-0.0540019132675579,3.99944211231913,0.000720329838834485,0.0149116457942093,-0.451079852975669
"P10515",-1.30641488948848,-0.759301444301311,-3.99833530920091,0.000722185047584506,0.0149116457942093,-0.453516169256819
"P49588",-0.980670203794788,-0.299746615521892,-3.99650208525711,0.000725268375508615,0.0149116457942093,-0.457551409751275
"Q92696",-1.12357092229686,-0.122425840043775,-3.99541292723665,0.000727106468632277,0.0149116457942093,-0.459948781595778
"Q8WY54",-1.55612755169597,-0.493542706427048,-3.98972242645375,0.000736785820057159,0.0149116457942093,-0.472473642046591
"Q9NSD9",-1.12638137935519,-0.449316834994224,-3.98568642560938,0.000743728800482938,0.0149116457942093,-0.481356268702573
"Q8IW45",0.869586232778036,0.336006193952959,3.98544848269078,0.000744140157622048,0.0149116457942093,-0.481879927680457
"O43676",-0.900384733626373,-0.466401897589266,-3.9536287019964,0.000801246816024916,0.0159324847648031,-0.551889750106497
"P08246",2.16323414781969,-0.279885785398043,3.94791145593702,0.000811961482140072,0.0159812325048853,-0.564464743341867
"O14773",0.848627819507004,0.364243639675427,3.9457428515561,0.000816062936419676,0.0159812325048853,-0.569234211433273
"Q8WVM8",-0.816420635641611,0.0560582598792132,-3.94223476336144,0.000822741533192218,0.0159908786714427,-0.576949235289186
"P05091",0.811366347605882,0.254619460387339,3.91442393899478,0.000877652155906392,0.0169308270374479,-0.638092548373326
"Q86YM7",-1.07077680382873,-0.146185561924834,-3.89179008707687,0.000925025676610845,0.0177125286965854,-0.687828080633096
"Q9HC36",-1.36879328698044,-0.295899794319778,-3.88370695183369,0.000942554238539359,0.0178057649931833,-0.705583879145404
"P60903",2.10646086589196,-0.0883963794282995,3.88319700488019,0.00094367110408747,0.0178057649931833,-0.706703942267789
"P50583",-1.09986314052007,0.00528146107145991,-3.87771083693849,0.000955770365344805,0.0178515272998533,-0.718753086852076
"Q9H492",-0.749694306553836,0.358377947564591,-3.87585054589481,0.000959908044363485,0.0178515272998533,-0.72283844814918
"P01023",1.21809102998728,0.701036841887016,3.86066675823129,0.000994353640812984,0.0181634030698282,-0.756176518106934
"Q92945",0.700435806189014,-0.409138391119341,3.85930211865631,0.000997509041790343,0.0181634030698282,-0.75917216025015
"Q15049",1.12615518597506,-0.248255719828454,3.85919483219656,0.000997757538071801,0.0181634030698282,-0.75940766999788
"P01857",2.72695100143432,0.120560250318258,3.8469264377385,0.00102658364036379,0.0185470208099025,-0.786334393127135
"P02671",2.64518968343107,-0.0011556768636088,3.84416713139649,0.0010331802694878,0.0185470208099025,-0.792389357413102
"Q16849",0.812836477589147,1.05656202623961,3.83436860209834,0.00105694804456174,0.0188428323806352,-0.813887478583197
"P61764",-1.23322352028495,-0.234441841474808,-3.82520308528956,0.00107967232221752,0.0191161161159746,-0.833991613704504
"O75131",0.86448433070226,0.368152706026262,3.81269426459035,0.00111147161112929,0.0195452660868654,-0.861420856212063
"O43426",-0.896296877982495,0.299978284556309,-3.79744452258588,0.00115150052653078,0.0200263830244732,-0.894846996882469
"P14625",-0.949337517421483,-0.116140071408344,-3.79638833526976,0.0011543253658207,0.0200263830244732,-0.897161511359356
"O60268",-1.33908367975941,-0.481163140521757,-3.7869423916881,0.00117989725261926,0.0203335626534719,-0.917857931232663
"P02679",2.4382121025776,-0.172493469888301,3.76732972021778,0.00123480325641205,0.0209569039230197,-0.960810617422343
"Q06830",0.87954768323951,0.566789945184437,3.76721129126295,0.00123514239012988,0.0209569039230197,-0.961069900840918
"Q8WUX9",-1.27163509679488,-0.0865940156969028,-3.76538312458424,0.00124038928441857,0.0209569039230197,-0.965072286163768
"P22676",1.41941352772618,-0.806264644847086,3.76083768689909,0.00125353093309339,0.0210098537587746,-0.97502252677297
"P43034",-0.863523821416875,0.198840142345734,-3.75869335350543,0.00125977846522633,0.0210098537587746,-0.979716086644295
"O94811",-0.795147595221852,0.627217934944213,-3.74950865534878,0.00128688972595558,0.0213244227025332,-0.999815939329828
"P12109",1.68892997777082,-0.983100337945729,3.73220985241884,0.00133953377727421,0.0219664563816788,-1.03765563144283
"P09038",1.32757985888367,0.234115802075471,3.73041277533307,0.00134512369600407,0.0219664563816788,-1.04158527629842
"O43432",-1.29319445159922,-0.307130362936057,-3.72849062776738,0.00135112826486922,0.0219664563816788,-1.04578813329667
"Q9BS26",-0.935976744972855,-0.497125872731407,-3.70814521375934,0.00141633769753105,0.0227681025735194,-1.09025630173159
"O00233",0.923649025019607,0.299180828852624,3.70762295605257,0.00141805203649386,0.0227681025735194,-1.09139734059942
"Q9NQ88",-1.40886471837222,0.130203715257541,-3.6913293534909,0.00147258208749944,0.0234976833097905,-1.12698456691977
"P0C0L5",1.80656235523006,0.587926925406449,3.68636646812668,0.00148960059027444,0.0236234204040456,-1.13781967367379
"Q9Y5Z4",1.12922847313928,0.276479895406877,3.68107793427644,0.00150795026432716,0.0237686063005227,-1.1493634166297
"Q7Z460",-1.1378241321079,-0.364293974387489,-3.67551938444383,0.00152747817256183,0.0239304913701354,-1.16149392758238
"O75367",1.17947794256294,-1.09453894218773,3.66318474214891,0.00157171031886551,0.0244751275558273,-1.1884022629856
"P0CG05",2.43787278766789,0.136126753228874,3.65300731509954,0.00160915964611577,0.0249082496120315,-1.21059425512489
"P06756",0.878870636026379,-0.283541222480639,3.64237516204421,0.00164922549855493,0.0252740212305877,-1.2337675805519
"P52758",0.778230359945369,0.350780152791405,3.64155833130449,0.00165234413461096,0.0252740212305877,-1.23554746757736
"Q8N1G4",-0.904808140427994,-0.100877629100019,-3.63745640765098,0.00166809359402905,0.0253648349445005,-1.24448466943897
"P31949",0.994085590882703,0.132709609978981,3.6291785308642,0.00170033036058119,0.0255420638691625,-1.2625154770242
"Q9Y2I1",-1.47017348766024,0.207743909231754,-3.62816307863835,0.00170432705431709,0.0255420638691625,-1.26472687285641
"O00429",-0.942659603279461,-0.346614798038386,-3.62687971480863,0.00170939150845846,0.0255420638691625,-1.26752156873571
"P54577",-1.09781445077084,0.159776675427383,-3.62403085853975,0.00172068701075015,0.0255630800160296,-1.27372476035259
"Q9Y6C9",1.00041364874964,-0.98786372047602,3.6201052902032,0.00173637260882504,0.0256487039646442,-1.28227111866532
"P25787",0.777949547159201,0.367638640024587,3.6016303923262,0.00181211269205778,0.0263134010172928,-1.32247225130279
"Q05639",-0.892532340471133,-0.260302611907766,-3.59709887549285,0.00183118337778251,0.0263134010172928,-1.33232749493448
"P21397",0.934457612100951,0.159423705168126,3.59702454138717,0.0018314978570446,0.0263134010172928,-1.33248914081367
"Q04637",-0.823584176919219,-0.145304720210402,-3.59447200073931,0.00184232912078437,0.0263134010172928,-1.33803951304342
"P20618",0.713948639116288,0.44167922192232,3.5933144789684,0.0018472616972961,0.0263134010172928,-1.34055626420618
"Q9Y2J0",-1.27366868802905,-1.04519904726764,-3.59232253000896,0.00185149909399408,0.0263134010172928,-1.34271290670632
"O00139",-0.845148786028777,-0.0464112787362523,-3.59205903558748,0.00185262629986355,0.0263134010172928,-1.34328576502862
"P28482",0.66839436251727,0.635323280687765,3.5827905349184,0.00189271036601576,0.0267358267549221,-1.36343161854226
"Q02156",-0.663127963636419,-0.282011632134186,-3.57601777251385,0.00192254145079466,0.0269169468944141,-1.3781470366744
"P26038",1.14084922859151,0.267728662863855,3.57515879416211,0.00192635790153447,0.0269169468944141,-1.38001301891506
"Q9NP81",-1.61441076452282,-0.72990715631612,-3.56547032995934,0.00196992527521241,0.0273777249270112,-1.40105401906247
"P04179",1.02733459192698,0.0145431950119868,3.55520595836418,0.00201714364562167,0.0278840445130054,-1.42333455269851
"P61601",-1.05143322306696,0.222783789360117,-3.54940935103786,0.00204430099234951,0.0281022997233757,-1.43591188687202
"P54578",-0.876934287687008,0.11367070496494,-3.54403562085672,0.00206979920581421,0.0281022997233757,-1.4475682957449
"P07900",-0.776366231805458,-0.136263280635449,-3.54292190453414,0.00207512287992383,0.0281022997233757,-1.44998370031609
"Q9UBQ0",-1.02642230330746,-0.120369524320593,-3.54147407407967,0.00208206384988165,0.0281022997233757,-1.4531235134252
"Q99961",-0.957964649086462,-0.0649543677095234,-3.53940096653264,0.00209204231633203,0.0281022997233757,-1.45761890639195
"Q96FC7",-0.960537231813743,-0.0369628608391098,-3.53813476552148,0.00209816009540097,0.0281022997233757,-1.4603643352134
"Q01995",1.61175549896566,-0.454714329806276,3.52377675820413,0.00216877867235272,0.0288984168455246,-1.49148297418182
"Q13367",-0.87306794698306,-0.277466454916188,-3.51460181347518,0.0022151265854532,0.0293646267866488,-1.51135549548289
"Q9NPH2",1.21364545842753,0.288165642036505,3.50496202626218,0.00226487431511901,0.0297469105157262,-1.53222399208033
"O95373",-0.760009327699016,-0.209520728364595,-3.50455876009882,0.00226697925400312,0.0297469105157262,-1.53309674958511
"Q9BT78",-0.769810450529503,0.118509548498077,-3.49589067145602,0.00231269309829483,0.0301934932277381,-1.55185161001853
"Q9H0A8",-1.5221706388822,-0.39474145459639,-3.48571118481491,0.00236753792268309,0.0307541986438985,-1.57386477435329
"O75116",-0.925427009509162,-0.356696820494938,-3.48149576741684,0.00239062284426586,0.0308025752667357,-1.58297682542897
"Q92796",-1.64416008217775,-0.0134828962608379,-3.48068397283581,0.00239509386019879,0.0308025752667357,-1.58473134385074
"P26641",-0.79200679311541,-0.105117471475985,-3.47098299778828,0.00244916376601209,0.0311347769657628,-1.60569141176325
"P11766",0.848095072867225,0.67150971519584,3.46929544018925,0.00245869153172555,0.0311347769657628,-1.6093363417276
"Q14697",-0.840105430955734,-0.0837137643709366,-3.46847335991053,0.00246334611008854,0.0311347769657628,-1.61111180731572
"P02747",1.54567829266235,0.150842113319551,3.46745883855931,0.00246910223519589,0.0311347769657628,-1.61330277186357
"Q9UHY1",-1.61386659168476,-0.50874061798525,-3.46464667180195,0.0024851270034933,0.0311847247768455,-1.61937524165267
"O14807",0.967113124130445,-0.249385555949768,3.45456143036196,0.00254344241710976,0.031637623305414,-1.64114437856719
"Q9H3Q1",1.52684116645274,-0.735412999867438,3.45417617095139,0.0025456965754453,0.031637623305414,-1.64197570123336
"P09382",0.941549235451754,-0.0188927863321031,3.44895130631344,0.00257646204863094,0.0316780966051591,-1.65324810487218
"Q13938",2.59682336046715,-0.185524904716355,3.44780679334361,0.00258324992746858,0.0316780966051591,-1.65571685350272
"O00468",0.825058720045681,0.43680449755354,3.44739155370184,0.00258571697628185,0.0316780966051591,-1.65661249454384
"O14617",-0.903939888121645,-0.246891991912701,-3.43198114884346,0.00267893083296706,0.0325122966043269,-1.68983515641652
"Q9H1P3",-0.868890244272619,-0.037997999150883,-3.43037153223823,0.00268885548510172,0.0325122966043269,-1.69330339972895
"P53602",-1.10364986597514,0.228970585607974,-3.42820746376405,0.0027022557727537,0.0325122966043269,-1.69796576026554
"P49407",0.610251116991193,0.442956774559154,3.42790763833839,0.00270411751254556,0.0325122966043269,-1.69861166596793
"O94819",0.585971440447623,0.185920320452612,3.42431776579691,0.0027265066422338,0.0325323977379177,-1.70634426567725
"Q9HC38",0.561819515759377,0.613475917614724,3.42241643537233,0.00273843844253658,0.0325323977379177,-1.71043901571754
"P53007",0.956206149362612,-0.29409803195377,3.42160526098186,0.00274354456745302,0.0325323977379177,-1.71218582709491
"P53004",0.584444249834775,-0.0689386404215332,3.41812816530156,0.00276553814005232,0.032566239106318,-1.71967248726208
"P45985",-0.866237233339408,-0.287002896486427,-3.41577769057075,0.00278050355131349,0.032566239106318,-1.72473242092109
"Q9H993",-1.00321210002899,-0.142292002596635,-3.41236559745247,0.00280236991407948,0.032566239106318,-1.73207634845949
"Q9NQ66",-0.775383949574675,0.0117919512608689,-3.4118255726819,0.00280584610350024,0.032566239106318,-1.73323850584825
"O95433",-0.748681317573809,-0.0363306869283234,-3.41127581538332,0.00280938929234387,0.032566239106318,-1.73442156572313
"P43155",-1.22225715003585,-0.147430332302855,-3.40772248385767,0.00283239675575584,0.0326863643465574,-1.74206718690896
"P35080",-0.709080755036018,0.126597550016149,-3.4026668729797,0.00286545054015391,0.0329208428724349,-1.75294212961305
"P27797",-0.947618773508717,-0.180187995890189,-3.39248988603516,0.00293314068296595,0.0335494188737477,-1.77482233925624
"Q13683",1.64668934832938,0.344540046740945,3.38930975147346,0.00295461276213372,0.0335898964572205,-1.78165644978661
"P40121",1.19215491464989,0.385270116177591,3.38812259520161,0.00296266784999856,0.0335898964572205,-1.78420727028822
"P84074",-1.22181016079229,-0.225154176126836,-3.38319250527825,0.00299635067523935,0.0338234344781386,-1.79479824850425
"P27348",-0.892398146970227,-0.0692152471913545,-3.37260859773532,0.00306993500001807,0.0345033998915074,-1.81752278593901
"Q13492",-0.62304233663212,0.418706976558807,-3.36109734079969,0.00315197926280382,0.0351696351046818,-1.84221934046228
"Q8IUE6",1.38803624171062,-2.39894149804356,3.36048217634259,0.00315642373086505,0.0351696351046818,-1.84353856466784
"Q9UBP4",1.17160605879454,0.766030649026484,3.34950426352018,0.00323677833341313,0.0358200212559737,-1.86707100755994
"P82673",-1.96980990555259,-1.17887030477773,-3.34873162636691,0.00324250869396435,0.0358200212559737,-1.8687265452182
"Q01130",0.676997941253198,-0.426306363896978,3.34563197465648,0.00326559776014606,0.0359215753616066,-1.87536726822421
"P00387",1.04842690564946,0.126447044789427,3.33448602858793,0.0033499617972839,0.0366934374829613,-1.89923401740461
"Q9ULD0",-1.6787140169253,-1.67004848647918,-3.31274140319721,0.00352073631964194,0.0384012801108625,-1.94573869861975
"Q5MNZ6",0.75846036934038,0.573080259016332,3.31063885754579,0.00353769385640993,0.0384241118437802,-1.95023130054607
"P61916",0.962047834122337,0.481001671613585,3.30757155005222,0.00356257586798519,0.0385324628399235,-1.95678405157991
"O75521",0.866137385893226,0.0835503844347484,3.30019114516569,0.00362314952796548,0.0390243397074615,-1.97254460148865
"P60900",0.532603792532225,0.257256600155556,3.28620795608946,0.00374068940121294,0.0401231622495247,-2.00238021237843
"Q15257",-0.854217647967133,0.112253697966627,-3.27539741039173,0.00383410826191839,0.0408170623145379,-2.02542374366987
"P08107",0.871803144582976,0.0170869535447334,3.27376342239327,0.00384842524228698,0.0408170623145379,-2.02890497650986
"Q15274",1.29879183314191,0.560010040078359,3.27327081252057,0.00385275172330648,0.0408170623145379,-2.02995439805383
"Q9UMY4",-0.964170582212223,-0.289867529883147,-3.27137621577734,0.00386943587476948,0.0408264968827719,-2.03399012383551
"Q9GZT3",-1.20022636626358,-0.546088583206371,-3.2677435038603,0.00390162385638256,0.0409987710111745,-2.04172651274107
"O15540",0.823995218086252,-0.250288736989351,3.2657969617727,0.00391897886561065,0.041014414443739,-2.04587101457878
"Q504Y0",1.46636065730658,0.559006101844173,3.25655429860033,0.00400241921747502,0.0417187648273102,-2.06554109541624
"Q9UJY1",2.45291513019189,0.24639637309595,3.2525881344112,0.00403875442979927,0.0419284345422936,-2.07397720989255
"P78352",-1.15732189676636,-0.394931850612673,-3.24972926682792,0.00406514492312934,0.0420335985051574,-2.08005635215483
"Q9ULP0",0.723248494640661,-0.179436837797719,3.23947003052185,0.00416124220397494,0.0427050586486262,-2.10185974182555
"Q8WW59",-1.52332437257061,0.228052922877867,-3.23711816068907,0.00418358238080398,0.0427050586486262,-2.10685537498704
"Q7Z4W1",0.639304820691675,-0.330744920965332,3.23614603874387,0.00419285061825354,0.0427050586486262,-2.10891997794243
"P24298",1.25652630159727,-0.127342706419013,3.23485077446106,0.00420523084174089,0.0427050586486262,-2.11167060793276
"P04040",1.05371612543273,0.247519507500094,3.23363841497421,0.00421685096825622,0.0427050586486262,-2.1142449049828
"Q9Y617",0.742881515691508,0.758500636472704,3.23235305130441,0.00422920503444809,0.0427050586486262,-2.11697392566284
"Q63ZY3",1.4116217531804,-0.303507075372316,3.23051600454759,0.0042469228322472,0.0427171031959495,-2.12087373027041
"P15259",2.1246804423749,-0.312907160908987,3.22694498982027,0.0042815716927794,0.0428986931233905,-2.12845275318183
"P10645",1.24186589134285,0.270162941000924,3.2249591043564,0.00430095950444717,0.0429265649382082,-2.13266653047005
"O95372",-1.05314730673021,-0.227706548397432,-3.22195542760859,0.00433044661564133,0.0430546326978186,-2.1390385433767
"P35609",-0.912385152271523,-0.0081027650276821,-3.21871761979755,0.00436245299916562,0.0432066705089775,-2.14590537789002
"Q9P0P8",-1.30716721854076,-0.175750422879786,-3.2134263454765,0.00441525545262406,0.0434228227456158,-2.15712307668642
"O60883",0.730314117598969,-0.570945841427277,3.21021328256494,0.00444762262349315,0.0434228227456158,-2.16393234275215
"Q9H8H3",0.806151765137391,-0.405017964980871,3.21007272926815,0.00444904377154142,0.0434228227456158,-2.16423016546049
"Q9UI15",-0.682989631723867,0.347917327111836,-3.20983294688304,0.00445146925632038,0.0434228227456158,-2.16473823919407
"P49802",-0.800051996702853,-0.589444522507676,-3.20660747269473,0.00448422163039974,0.0435778680999373,-2.17157163189523
"O75569",-1.30296370597168,-1.73323589181037,-3.19752654253632,0.00457769840212003,0.0443196643051696,-2.19079967405653
"Q9UMS6",1.02589070755895,0.795702949663861,3.19502172994951,0.0046038146243696,0.0444061970298337,-2.19610063130389
"P51608",0.730487493397711,-0.534006866824768,3.19328749476958,0.00462198146291545,0.0444156954707675,-2.19977010682433
"O94952",-1.24545480464701,0.292342209063543,-3.19092889353782,0.0046468009026032,0.0444888160489973,-2.20475975689678
"P29218",0.521454152987333,0.685253695814316,3.18580844867758,0.00470113071260268,0.0447838048692451,-2.21558844068803
"O00231",-0.667797869494388,-0.206399574127782,-3.18364188444213,0.00472430455413058,0.0447838048692451,-2.22016875327373
"P63218",0.600167717755968,0.272518515192326,3.18314959963838,0.00472958558193575,0.0447838048692451,-2.22120936111787
"Q00796",0.922485700123386,0.285944982214879,3.17974958675905,0.0047662167763316,0.0449659502438584,-2.22839513596988
"Q13526",-0.941369905963033,-0.599373447795036,-3.17490513082972,0.00481888771284083,0.0450559872988437,-2.23862978591502
"P43003",1.19546168354975,-0.833099275484996,3.17468429196326,0.00482130221916925,0.0450559872988437,-2.23909623226012
"P63104",-0.77676730913067,0.444443000981505,-3.17406771471063,0.00482804970281614,0.0450559872988437,-2.2403984895934
"P55060",-0.859110877385362,-0.121376624274142,-3.17069533689884,0.00486511808633207,0.0452385980329799,-2.24751988369925
"P55209",-0.916582562625547,-0.0354073824617351,-3.16538928242883,0.00492400235805352,0.0454016910873915,-2.25872005343527
"P43307",0.699152846991599,-0.419587328972175,3.16405160236446,0.00493895645253285,0.0454016910873915,-2.26154278703596
"Q9UQ16",-0.670998261406804,-0.854138545675876,-3.16217613388231,0.00495999697640089,0.0454016910873915,-2.26549974781975
"Q99747",-0.505516453329337,0.166337512138802,-3.16182422056184,0.00496395472985975,0.0454016910873915,-2.26624215487754
"P30153",-0.637699053446277,-0.141274506196149,-3.16124502551291,0.00497047527184982,0.0454016910873915,-2.26746398870727
"Q12904",-0.827722934104587,-0.0994354487015364,-3.14861439693044,0.00511475973365303,0.0464029195441134,-2.2940920753913
"P25325",0.610341365190363,0.558671318005254,3.14850826602075,0.00511598919538581,0.0464029195441134,-2.29431568617168
"P22314",-0.962263000766718,-0.0561735180556802,-3.14575196216851,0.00514802011233503,0.0464322209449629,-2.30012223633039
"P43007",1.41017815397613,0.162986738256019,3.14514120311825,0.00515514406622993,0.0464322209449629,-2.30140867947034
"P52209",0.705609062253518,0.238505899692372,3.14117119920039,0.0052016847361892,0.0466887327883649,-2.30976885762675
"P10768",0.686295954199804,0.553019016940544,3.13611085554675,0.00526159989612205,0.0470630994168703,-2.32042044622489
"Q15019",0.698100884680088,0.518510259392852,3.13340862025763,0.00529386887475563,0.0471884518663562,-2.32610626710868
"Q92614",-0.737623515263876,-0.0333255541811335,-3.11913633226221,0.00546751794338746,0.048436740600665,-2.35611176218534
"P31937",0.806003783205129,-0.338917829623914,3.11882359564817,0.00547138423806352,0.048436740600665,-2.35676877188537
"Q765P7",0.995214825210214,-0.36301099457699,3.1153675787307,0.00551428738427628,0.0486499415984784,-2.36402794437711
"Q9Y6U3",3.68249976913418,0.183114140609744,3.11225595894592,0.00555319446813882,0.0488265568031934,-2.37056157855031
"P35749",1.28607726314741,-0.710977452860718,3.10865807118103,0.00559851401209955,0.0490581651568723,-2.37811370425134
"P08238",-0.747663476536248,-0.303836212903345,-3.1068875529029,0.00562094732689459,0.0490824837069561,-2.38182909258971
"P16870",0.836295298027845,0.260453389799734,3.10544700657733,0.00563926408548007,0.0490824837069561,-2.38485155120543
"P42704",-1.55429570528032,-1.17850211858714,-3.10381689587076,0.00566006104745104,0.0490981805626206,-2.38827120798544
"Q8IV01",-1.65081815092229,-0.916019574655093,-3.101879500813,0.00568487515022352,0.0491485025529358,-2.3923347501279
"Q9UDY4",-0.738431230973391,-0.855315920146212,-3.09818452078026,0.00573249331239331,0.049394984041789,-2.40008246842372
"P17096",0.969078034235545,-0.746696284949038,3.09508551509556,0.00577272917942684,0.0495764283349448,-2.40657827270014
"P60880",-0.689610088638973,-0.22814971819435,-3.08108339677345,0.00595796579041641,0.0509557744971649,-2.43590208727437
"P02774",1.60043679467539,0.0257488872077769,3.07998293415718,0.00597276583080889,0.0509557744971649,-2.43820490917161
"P62269",0.690477000874606,-0.484152345853107,3.07281799685398,0.00607000154571895,0.051560584414301,-2.45319170308985
"P16083",1.08539468549672,0.0860767187971322,3.0717579143283,0.00608451763711785,0.051560584414301,-2.45540809964602
"Q9NQ48",-1.10134238275707,0.424286727223155,-3.07037560415187,0.00610349664633505,0.051560584414301,-2.45829782843418
"Q9NQC3",-0.616672588375008,-0.108842548823351,-3.06201867856099,0.00621946404162466,0.0523691027609112,-2.47575898331718
"Q12905",0.509357193083029,-0.185800240869153,3.04891096357817,0.0064056677593449,0.0535697446387467,-2.50311497381183
"P16112",0.951629181599911,0.086905104823306,3.04890092508966,0.00640581241013963,0.0535697446387467,-2.50313590938374
"Q92561",-0.759395131558058,-0.878504257744557,-3.04670142414654,0.00643758274217388,0.0535697446387467,-2.50772248220243
"Q6P1N9",0.729410884696944,-0.112828826366821,3.04619301819843,0.00644494800102523,0.0535697446387467,-2.50878249355299
"P53597",-2.01369320960192,-1.38576713297545,-3.03488232527176,0.0066109303899153,0.0547732533908047,-2.53234964490457
"P15882",-0.662442669551055,-0.147343091902651,-3.02753702675624,0.00672092820746738,0.0553851932940569,-2.5476386279139
"P09651",-0.772321031118558,-1.10479130396441,-3.02709257371575,0.00672764050070943,0.0553851932940569,-2.54856333925929
"O75122",-0.518623737620767,-0.119394618254611,-3.02311579325747,0.00678798849371745,0.0557046039881257,-2.55683521939529
"Q9UBI6",1.03819131005704,0.294824369752019,3.01987974306472,0.00683748176768001,0.0558921876680675,-2.56356361666668
"P25311",1.6788100226328,1.05259757263101,3.01848281350009,0.00685895453271947,0.0558921876680675,-2.56646735370156
"Q9P035",0.73787064392733,-0.698627052988797,3.01739557156064,0.00687571206129418,0.0558921876680675,-2.56872703877959
"Q9UHG2",1.06680278957403,0.499302471241231,3.01046465650078,0.00698347129697286,0.0564397616932363,-2.58312544726595
"P01903",1.33310233516729,0.475416339514046,3.00901494084053,0.00700621641503241,0.0564397616932363,-2.58613567378036
"P30101",-0.882637307647586,-0.238508516651948,-3.00886494164971,0.00700857388917944,0.0564397616932363,-2.58644710740913
"Q16658",-0.724877605459109,0.593887428428528,-3.00643712390107,0.00704683763974399,0.0565716624184417,-2.59148708383408
"Q8NBX0",0.828767786397776,-0.311450248331967,3.00190042651634,0.00711888010180857,0.0569730806909447,-2.60090117443877
"P09543",-1.41309500940217,0.77045032862941,-3.00036948946046,0.007143351437367,0.0569924798320793,-2.60407690683266
"P51178",0.91811804747943,0.154759821090834,2.99834529890055,0.0071758319614741,0.057057321573083,-2.60827496655256
"O43598",0.885390919242294,-0.1345595417489,2.9971162195679,0.00719562353300776,0.057057321573083,-2.61082352861524
"Q8NFU3",-0.878921217764148,0.478154231168961,-2.99491040004703,0.00723127558810626,0.0571646709335005,-2.61539650114321
"Q15056",-0.839030986240412,-0.258651930269429,-2.98641056394311,0.00737025759197307,0.0580857191318609,-2.63300684029131
"P42126",0.724102072097368,-0.192465651612039,2.98109747940353,0.00745843831476216,0.0584821921557626,-2.64400579388563
"O00299",0.956158534415691,0.345383600273954,2.98065596278203,0.00746581176456544,0.0584821921557626,-2.64491949466202
"P29966",0.754769857969933,0.238459044990144,2.9772014017457,0.00752374719192097,0.0587579652299569,-2.65206691695818
"P55809",-1.08380072323154,0.0909841704453689,-2.97391553659533,0.00757925579301896,0.0590131814004639,-2.65886258521979
"P12081",-0.843302161003385,0.18340007056845,-2.96983519679515,0.00764873556487751,0.0593753196252503,-2.66729763480814
"Q8WZA9",-0.610132881229393,0.13077860058796,-2.96716378150845,0.00769455655273839,0.05955218170308,-2.67281786043099
"Q9BZR6",-0.931787151074688,0.368842707069431,-2.96238999363673,0.00777709803677754,0.0600113385822983,-2.6826780145864
"P46926",0.652708252514736,0.78213381779095,2.95776416531458,0.00785789514902219,0.0604543421435189,-2.69222712545192
"P21333",1.02571591753499,0.107545038369082,2.95089861645106,0.0079793055249922,0.061206245644228,-2.70638977730874
"Q14008",-0.626152046975194,0.00602156301989874,-2.94211426143755,0.00813728568931889,0.0621684121110065,-2.72449324257469
"Q12959",-0.516466933800518,0.384011994001746,-2.94125827219563,0.00815284011823257,0.0621684121110065,-2.72625627894484
"Q96BM9",-0.70338762123677,0.0622459766465942,-2.93519864874005,0.00826377290334581,0.0626071233069049,-2.73873160139456
"Q8IZU2",-1.33525594977067,0.080116149892492,-2.93341698706251,0.0082966650759154,0.0626071233069049,-2.74239782379963
"P61201",-0.678395071896435,0.0604339410278951,-2.93228552966806,0.00831761888630384,0.0626071233069049,-2.74472566058103
"P62258",-0.573452989781025,0.227216057582442,-2.93193074104398,0.00832419981142499,0.0626071233069049,-2.74545552723855
"P51553",-0.901118086725479,-0.623630420500232,-2.93126193803016,0.00833661897749349,0.0626071233069049,-2.74683129191788
"P26885",-0.624159372236862,-0.147900387105543,-2.92987910662805,0.00836235369381764,0.0626071233069049,-2.74967548571662
"Q13561",-0.604711402779755,0.4096619467078,-2.9289381385112,0.00837990896100159,0.0626071233069049,-2.7516105766459
"Q13336",1.32851431886235,0.111591897721348,2.92634704512945,0.0084284334557735,0.0626865592054152,-2.7569379466339
"Q9NRN7",-0.711165675020884,-0.159906049928611,-2.92570208337492,0.00844055389044069,0.0626865592054152,-2.75826373754418
"P07339",0.571620963308537,0.223757247072704,2.92449453991051,0.00846329174572143,0.0626865592054152,-2.76074568722131
"O94760",0.573522299039583,0.724773827191966,2.92155704718793,0.00851885061093252,0.0629177966550302,-2.76678173896766
"Q01433",0.5415492324896,-0.0566107088475592,2.91728682791458,0.00860024247368348,0.0633379680754182,-2.77555229990906
"P30405",-0.698115503988533,0.278864734538371,-2.91540686020164,0.00863631198257552,0.0633486785418569,-2.77941203243296
"P33316",0.628277487129208,0.129966065513642,2.9142096446857,0.00865935782665512,0.0633486785418569,-2.7818695332363
"Q9UQB8",-0.814211913993465,0.143606682480102,-2.91092459713125,0.00872289764541985,0.0633486785418569,-2.78861074806926
"Q16836",0.562117724633872,0.517719232740461,2.90993807441343,0.00874206646722861,0.0633486785418569,-2.79063462631713
"O00479",1.3265336583191,-0.49133015764192,2.90961652239574,0.00874832319386222,0.0633486785418569,-2.79129424349928
"O76003",-0.93029185638671,-0.181528314342173,-2.90959540068644,0.00874873432860461,0.0633486785418569,-2.79133757065665
"Q9NRG7",-1.40403443983545,-1.34161423200015,-2.90743384438913,0.00879090746198305,0.0634762452213022,-2.79577096716301
"Q9NRQ2",1.1057681310876,-0.322714400547923,2.90356704435414,0.0088668388202034,0.063721586639183,-2.80369876480955
"P13716",0.789219793196079,0.526280400117074,2.90319457273222,0.00887418614704289,0.063721586639183,-2.80446220454477
"Q9UL15",-0.786996241334828,-0.407692210548302,-2.89490096616908,0.00903930850388937,0.0643994330416113,-2.82145168227105
"Q9P1F3",-0.907000543992838,-0.0630688490508159,-2.89197623341173,0.00909823974675167,0.0643994330416113,-2.82743861265668
"P52565",-0.775622513425754,0.577421488806759,-2.89190419808775,0.00909969585308402,0.0643994330416113,-2.82758604000798
"Q9H3N1",0.922366859074352,-0.862224974754166,2.89145107148679,0.00910886038951391,0.0643994330416113,-2.82851337598768
"P14136",1.58068416526203,0.227011173526129,2.88947551729728,0.00914891988445641,0.0643994330416113,-2.83255575542809
"Q86WA6",-1.43841679878742,-0.53594952583673,-2.88924841433134,0.00915353581681897,0.0643994330416113,-2.83302038613407
"Q9UL18",0.949519237428604,0.225195656637498,2.8890105053899,0.00915837378265149,0.0643994330416113,-2.83350710989456
"Q9C040",-0.690526063853559,0.461577326976505,-2.88800406719519,0.00917886725661264,0.0643994330416113,-2.83556595291478
"P04632",0.857776214404532,-0.0406069873138377,2.88732100633843,0.00919280108021453,0.0643994330416113,-2.83696311589913
"Q8N9R8",-0.94194943491862,-0.653076737878303,-2.88470033607444,0.0092464490892901,0.0646001916103105,-2.84232237994222
"Q9Y371",-0.743838445176251,0.0232963968425014,-2.88148744013204,0.00931263088975817,0.0648871990566708,-2.84889020302026
"Q9H008",0.695473070179929,0.410759460840258,2.88005001366441,0.00934238718178805,0.0649195453358121,-2.85182769122924
"P50897",0.80912539151718,0.0434507889282566,2.87390053297579,0.00947072173411361,0.0656348945916453,-2.86438824987355
"Q7KZF4",-0.814987213975759,-0.285676366696102,-2.87048499981377,0.00954273013417744,0.0659571053391676,-2.87136013938503
"P55036",-0.609115812863193,0.137530658559843,-2.86633535702716,0.00963092244325139,0.0663891587088129,-2.87982619795946
"O43852",-0.703739410212708,-0.0634906579174971,-2.86364646815419,0.00968848627447949,0.0666083431370465,-2.88530950366841
"Q03154",0.942225715223872,0.308763102312314,2.86153986231553,0.00973381497157534,0.066742471356823,-2.88960399268514
"Q9P2R7",-1.85441261540753,-1.40515923221337,-2.85324020617878,0.00991438898689931,0.0678007818283987,-2.90651151570304
"P07311",0.609848261546705,0.355774494378536,2.85178512992548,0.00994637589803134,0.0678400572464671,-2.90947372184845
"A0MZ66",-1.09465165944434,0.539065707220244,-2.84945455381168,0.00999781510201592,0.0678450993238838,-2.91421701129122
"Q2M2I8",-0.564073872598134,-0.235008271420542,-2.84899583030999,0.0100079697842068,0.0678450993238838,-2.91515044566832
"P42785",0.942162699062377,-0.413318907339575,2.84818910059402,0.0100258522018273,0.0678450993238838,-2.91679187770767
"O43399",0.580195463772123,0.22808992239014,2.84431140107993,0.0101122356124528,0.0682509897080695,-2.92467917585787
"P48723",-1.06727273495902,-0.312710494805562,-2.84245280538313,0.0101538918930173,0.0683536732902333,-2.92845808324572
"P55265",-0.70724023413328,-0.663916928754544,-2.83893549727355,0.0102331748801377,0.0687084599094957,-2.93560681906983
"P09211",0.671046222485156,0.413496832953925,2.83681937865433,0.0102811592489873,0.0688518048151089,-2.93990602341539
"P11310",0.762656016270103,0.00540378990808428,2.83549910130735,0.0103112064895461,0.068874596319061,-2.9425877149391
"O75915",0.895272006415155,-0.53273612017752,2.83259354708378,0.0103776283667037,0.0689239825583453,-2.94848760483782
"Q7Z6B0",-0.970283193535031,-0.132715316286528,-2.83148632607471,0.0104030474380712,0.0689239825583453,-2.95073524485659
"Q9UIJ7",0.665442321580579,0.0966044997387988,2.82987223008458,0.0104402099338176,0.0689239825583453,-2.95401120462665
"P36871",0.474072015025656,-0.108223609531946,2.82986235115245,0.0104404377744503,0.0689239825583453,-2.95403125255393
"Q13510",0.83075866906459,0.378166702107387,2.82936496263002,0.0104519153434705,0.0689239825583453,-2.95504059768428
"Q5TCY1",1.0316980176556,0.00417288200384298,2.82732795162921,0.0104990468795331,0.0689524259429827,-2.95917354218712
"Q9BSH5",1.75222775476342,0.417981819401239,2.82651433619368,0.0105179287865312,0.0689524259429827,-2.96082397493993
"Q14155",-1.06754012694132,-0.571924616596323,-2.82529061505508,0.0105463894071558,0.0689524259429827,-2.96330595595032
"Q9H2H8",-1.26128330929552,-0.309937747316831,-2.82364155394708,0.0105848589610546,0.0689524259429827,-2.9666499404992
"P62314",0.802006493394066,-0.281485892744836,2.82343876662271,0.0105895988778971,0.0689524259429827,-2.9670611008384
"Q9Y281",-1.24318614684356,0.457026254090559,-2.82201396351728,0.0106229593078381,0.068995853795883,-2.96994961842935
"Q9H6Z4",0.973272872483453,-0.149905638093314,2.81817363161913,0.0107133786731918,0.0694087315042628,-2.97773224242891
"P04406",0.529076697515441,0.50788677563965,2.81361824051014,0.0108215887456441,0.0699345172687252,-2.98695843011461
"P63241",-0.802455028342998,-0.153984713879176,-2.81093965944786,0.0108857038161238,0.0701655355724268,-2.99238063435414
"Q8IZQ1",0.627581184229736,-0.106247166788226,2.80872276934109,0.0109390423666182,0.0701655355724268,-2.99686666339982
"P18669",-0.716703374589619,0.0164699193530314,-2.80762449934606,0.0109655593178598,0.0701655355724268,-2.99908855610524
"P54284",0.809558436093085,0.255684746513466,2.80761000759808,0.0109659096213773,0.0701655355724268,-2.99911787177372
"P48506",-1.03547793744662,0.26195466527364,-2.80223834508046,0.0110964964531676,0.0707474909805974,-3.00998008331196
"O94903",-0.785115087117708,-0.167151672045865,-2.80077910566543,0.0111322270025603,0.0707474909805974,-3.01292939425825
"P02730",1.11502228303299,-0.447149805093239,2.7994403902971,0.0111651031320658,0.0707474909805974,-3.01563455899302
"Q01105",0.678571906829169,-0.298452294815294,2.79939029649399,0.0111663351334947,0.0707474909805974,-3.01573577413206
"P14550",-1.11050724130235,0.235871631819602,-2.79619665794689,0.011245147861924,0.0710726337972457,-3.02218703056822
"Q92734",0.6831845963533,0.0937812252862704,2.79178630763272,0.0113548609725087,0.0714335773604081,-3.0310911229634
"P21953",-0.86467598840525,-0.0714764407208092,-2.79167975196746,0.011357524292119,0.0714335773604081,-3.03130617767449
"Q8WXF1",-1.03932422325679,-0.49815618349061,-2.78561804708688,0.0115100208175289,0.0721194012113094,-3.04353457674791
"Q8NDH3",1.08949029114616,0.0181762178051922,2.78435138244293,0.0115421328443087,0.0721194012113094,-3.04608845990417
"Q9NSE4",-1.09646453883722,-0.760097177094162,-2.78403118667742,0.0115502638690453,0.0721194012113094,-3.04673397118644
"P27816",0.658268395439911,0.302631511302775,2.7813729062704,0.0116179795409686,0.072313664779241,-3.05209185069721
"P49720",0.71961683522037,0.342125767544035,2.78061619664773,0.0116373247768527,0.072313664779241,-3.05361664432245
"P07305",1.07320760900497,-1.01125005941501,2.77518972537037,0.0117769558833262,0.0730058296364463,-3.06454610928697
"Q9BR01",-0.514669017130635,-0.00304583067218858,-2.7642959250393,0.0120621111676712,0.0743218347954001,-3.08646045433643
"P49327",-0.826770152500379,-0.369806815688114,-2.76403428874342,0.0120690400781757,0.0743218347954001,-3.0869863274176
"P07858",0.703828599595383,0.280379385277797,2.76379044507043,0.0120755012046685,0.0743218347954001,-3.08747641960835
"Q8IYB4",-0.705534443078884,-0.322154040404297,-2.7577659802281,0.0122361830083525,0.0750840640450485,-3.09957899298306
"P25789",0.476218176230969,0.292894736458749,2.75697475169783,0.0122574371477797,0.0750840640450485,-3.10116766942938
"P28289",0.892274911409641,0.131161560175816,2.75366769662447,0.0123466535202336,0.0754517715125385,-3.10780569200518
"P53621",-1.09494962792135,-0.449094818685193,-2.74447444692994,0.0125979285943863,0.076631678522914,-3.12624093513214
"Q9H0B6",-0.900207713034397,0.195635923723389,-2.74319474328037,0.0126332901435495,0.076631678522914,-3.12880505091552
"Q12931",-0.96740308625798,-0.242719764581423,-2.74270333649139,0.0126468941051359,0.076631678522914,-3.12978953723647
"Q92552",-1.04955782547033,-0.925140478227771,-2.74126262872839,0.0126868587136464,0.076631678522914,-3.13267542369591
"O75368",0.721297150776029,0.447292438294353,2.74043769653087,0.0127097961051292,0.076631678522914,-3.13432755696976
"P10451",1.59449697675467,-0.0089629128484052,2.74015743865163,0.0127175977123134,0.076631678522914,-3.13488879526005
"Q9H6U6",-0.721157555493007,-0.107223085401994,-2.73863336043954,0.0127601037592764,0.0767089958551848,-3.13794045187144
"Q16851",0.622131218773293,0.294314165459127,2.7303464013694,0.0129936022316776,0.0778872140206008,-3.15452067752755
"O43747",-0.71108009131008,-0.144741840156733,-2.729546508715,0.0130163545287812,0.0778872140206008,-3.15611993039035
"Q92783",-0.825805854141648,0.524311467280917,-2.7244512299805,0.0131621781268358,0.0784989243227742,-3.16630235917436
"Q04917",-0.768351929995422,-0.13028793848118,-2.72288041190848,0.013207446556101,0.0784989243227742,-3.16943983419106
"Q6IBS0",-0.562805713355202,-0.258367875771597,-2.72177529879053,0.0132393828522066,0.0784989243227742,-3.17164666441148
"Q8NB37",-0.8706337802318,0.329515725566643,-2.72175221662154,0.0132400506788122,0.0784989243227742,-3.17169275368842
"Q9NYU2",-0.58448214811079,0.166004340046429,-2.71422707162199,0.0134594891686726,0.079617344395924,-3.18670954145559
"Q9UHA4",0.952216627416169,-0.147944605047574,2.71236018588366,0.0135144619590733,0.0796301020751028,-3.19043220565063
"Q5VYK3",-0.77612187898829,-0.343993333466233,-2.71206223440223,0.0135232552460233,0.0796301020751028,-3.19102623275737
"P12277",-0.77275929182694,-0.524637572614883,-2.7097941004597,0.0135903720553135,0.0798434358249671,-3.19554728876249
"P62910",0.51656662631362,-0.109951106444129,2.70107893432854,0.0138512219830849,0.081143982801697,-3.212903788598
"Q15700",-0.60685636255871,0.40398653582448,-2.7003080579557,0.0138745223978143,0.081143982801697,-3.21443783142035
"P19971",1.69048049589452,0.0272245053163714,2.69808252050383,0.013942000361966,0.0813417991961817,-3.21886556834951
"Q92930",0.854859016168286,0.0410949858793779,2.69646898944761,0.0139911172224669,0.0813417991961817,-3.22207470634786
"O95777",0.655088504308278,-0.230104461765402,2.69608773368817,0.0140027468635593,0.0813417991961817,-3.22283285922651
"P63279",0.587253910045002,-0.266662804792108,2.69500906432744,0.0140356998334007,0.0813504127115265,-3.22497761046731
"O75629",2.46345700372531,-0.0309440323798399,2.6920476794639,0.0141265482193174,0.0815438486424089,-3.23086387660078
"P80404",0.609792877820404,-0.168118970223104,2.6918652128076,0.0141321640974078,0.0815438486424089,-3.23122646731586
"Q14919",1.01815243905667,-1.17749027048812,2.69007148667132,0.0141874835857304,0.0816807239846615,-3.23479031272892
"P06753",0.679199228350237,0.371356363735303,2.68655722658216,0.01429646187189,0.0821252309751903,-3.24176953520232
"P35914",1.21484915262109,0.136264113222379,2.67806665991981,0.0145630454456516,0.0834711141397106,-3.25861484360261
"P07099",0.611673248106324,-0.0405788360858114,2.67270432828207,0.0147338328974902,0.0842631815044516,-3.26924147586596
"P84243",0.85125574010911,-1.12514935437799,2.67066349959521,0.0147993299879454,0.0844509227788938,-3.27328332084066
"Q9UIG0",0.94426199072857,-1.0166400680552,2.66658369014175,0.0149310935169781,0.0847181387953651,-3.28135919967159
"Q9GZZ9",-0.881778750976222,-0.967920602177564,-2.6661433033742,0.0149453827954072,0.0847181387953651,-3.28223060247329
"P55087",0.850453016476338,0.514907443055468,2.66606587727116,0.0149478963885822,0.0847181387953651,-3.28238380048714
"Q00577",-0.627273627087299,-0.461166680601078,-2.6651626335408,0.0149772492957377,0.0847181387953651,-3.28417084252846
"P61970",0.438120946180177,0.531154922900731,2.65563159045818,0.0152903300639862,0.0863002253611448,-3.30301109350446
"Q8NCW5",0.631031159212092,0.471413751033925,2.65453185317833,0.0153268513035136,0.0863178880600931,-3.30518300801246
"P07384",0.476101009285985,0.0675800030138508,2.64916428621895,0.015506292249452,0.0870243601938821,-3.31577776945209
"P25788",0.508966603518574,0.341210202655745,2.64783256556083,0.0155511195587286,0.0870243601938821,-3.3184048746093
"Q16740",0.839257587976026,-0.204789153137545,2.64749166214316,0.0155626144892254,0.0870243601938821,-3.31907728320734
"P30519",-0.682574860815698,-0.535495913693551,-2.64677058455527,0.0155869550366605,0.0870243601938821,-3.32049942938264
"P16070",1.72029113610368,0.0641829873400465,2.64399108896129,0.0156811168275402,0.0871880650805034,-3.32597964087093
"Q07955",0.643672845813917,-0.523982486419363,2.64272523445763,0.0157241788183131,0.0871880650805034,-3.32847460079654
"Q13617",-0.691657023965079,-0.234625557695312,-2.64212241587661,0.0157447249015453,0.0871880650805034,-3.32966254569446
"P09525",0.906315875700319,-0.13188937747024,2.64133252014823,0.0157716856739198,0.0871880650805034,-3.33121896685098
"O75508",-1.18447596837604,1.15769868748115,-2.64094529129331,0.0157849185522923,0.0871880650805034,-3.33198189007467
"Q7L099",-0.528870150074523,-0.309231937426838,-2.63933292568387,0.0158401314363173,0.0873064813707466,-3.33515804319986
"Q15907",0.634739006337323,-0.207460808460622,2.62988413730998,0.0161673817160783,0.0889205994384307,-3.35375304883336
"P07919",1.92993684034503,-1.69332887806945,2.62821078913538,0.0162259992283699,0.0890535201811807,-3.35704296263773
"P51991",-0.704131894137289,-1.20648403302537,-2.62453324709827,0.0163555308560225,0.0895742526754622,-3.36426985871008
"O76041",0.650749320911888,-0.0198171664145868,2.62336731672235,0.0163968013790245,0.0896104261411805,-3.36656010218926
"Q9Y4Z0",0.84476738044472,-0.103684930291574,2.62059092263634,0.0164954743471949,0.0898106902665204,-3.37201189164178
"O14639",0.612946740515698,-0.62045357145008,2.62021490388911,0.0165088811244188,0.0898106902665204,-3.37275004477918
"P09936",-0.819193272998711,0.391866217388649,-2.61940831341299,0.0165376744939511,0.0898106902665204,-3.37433327696872
"Q9UNH7",-0.705465100772774,0.288991329018726,-2.61695259620989,0.0166256303209057,0.0900990657852016,-3.3791521373037
"P27105",0.833220110286378,0.215552588358867,2.61042123233747,0.0168617190334243,0.0911873299192507,-3.39195841373248
"P35813",-0.467886089064804,0.153697836169026,-2.60893044576558,0.0169160485964914,0.0912901578745933,-3.39487935990766
"P63167",-0.649455744665682,0.374622753692527,-2.60720852135118,0.0169790074339905,0.0914390296184695,-3.39825221156028
"Q9Y4G6",-0.532530037990566,-0.0551964938913779,-2.60532867653243,0.0170479929879932,0.0916196712556393,-3.40193320339547
"A5YM72",-1.25038591307469,0.742871836217448,-2.60345446543808,0.017117035242438,0.0917998674309175,-3.40560192575222
"Q9NPD7",-1.27094928520549,-0.0166200479374094,-2.59995682159624,0.0172465882287423,0.092303168884677,-3.41244516544066
"P28066",0.601920377498934,0.482961255006412,2.59820361381097,0.0173118749338127,0.0924611502146814,-3.41587374001307
"P21399",0.490897452687002,0.0522716799342744,2.59526493557619,0.0174218301807675,0.0928565587985235,-3.421618180017
"Q9Y2Z0",-0.669869046632908,0.0252242997506675,-2.59318228345885,0.0175001545721613,0.0929437853511829,-3.42568743044767
"Q14011",-1.33158738084445,-0.392665949497102,-2.59285357654302,0.0175125469022195,0.0929437853511829,-3.42632954317422
"Q13409",-0.66250241705241,0.451551623728594,-2.591965716708,0.0175460608322543,0.0929437853511829,-3.42806374140114
"Q9NS69",1.29201134529125,-0.737691879263155,2.5864858784293,0.0177542505160715,0.0938542690880262,-3.43876093108115
"P16401",1.54920259427169,-3.06532503179763,2.58427753098716,0.0178388067925176,0.0940018588469088,-3.44306881218906
"Q92499",-0.847256399962197,-0.450835569117082,-2.58374816450937,0.0178591322655693,0.0940018588469088,-3.44410120173102
"O14818",0.527567223975501,0.257083228182441,2.58282571723247,0.0178946025997527,0.0940018588469088,-3.44589995154547
"Q8WXG6",-0.667958097551458,-0.216905705484169,-2.58196842166911,0.0179276272385014,0.0940018588469088,-3.44757138344646
"P01008",1.16353965206853,-0.151842647630377,2.58016485244138,0.0179972918234029,0.0940905266057933,-3.45108686238042
"Q8IVD9",-0.92407461574033,0.0379682604120456,-2.5786966048184,0.0180541926567584,0.0940905266057933,-3.45394787607353
"P54819",0.866447747352172,0.437944511006144,2.57786962380056,0.0180863162993097,0.0940905266057933,-3.45555898203659
"Q9Y4G8",-0.757336615390694,-0.413332715353285,-2.57777148060113,0.0180901321946148,0.0940905266057933,-3.45575016607745
"Q4G176",-0.964412483240825,-1.01138904424988,-2.57115460506412,0.0183491595084383,0.0952172005783139,-3.46863189469482
"P22681",-1.25235071407553,0.445498125836228,-2.5703620390471,0.018380418989779,0.0952172005783139,-3.47017379966006
"Q13509",-0.589870366319306,0.0925386718787964,-2.56915913471836,0.0184279584361232,0.0952725451147569,-3.4725135659862
"Q15370",-0.681307158388571,-0.504968205927553,-2.56236744882447,0.0186985499138311,0.0964785459625818,-3.4857141905458
"Q9Y696",-1.32920151292832,0.707208918499757,-2.5604659635579,0.018774975856585,0.0965015698563523,-3.48940699002629
"P13726",0.866434803845544,0.385711795082563,2.56039894418574,0.0187776749082187,0.0965015698563523,-3.48953712160242
"P17980",-0.438655507087415,-0.0751459015300586,-2.55335948837341,0.0190632157285603,0.0977746282903343,-3.50319647741233
"O60664",0.63852843447531,0.403564764092012,2.55036046179885,0.0191861019513588,0.098210046622302,-3.50901025747371
"Q14764",-1.13842269345977,0.69158354521216,-2.54801763194352,0.0192826183591006,0.0984403183549638,-3.51354965714823
"P55072",0.435541649989306,0.466283741694763,2.54742149134893,0.0193072500603353,0.0984403183549638,-3.51470439856995
"P50995",0.469353182259004,0.443857390247848,2.53733204246846,0.0197286467339093,0.100390850014086,-3.53422797582623
"Q92882",-1.06891726814002,0.302836596271703,-2.53098615386739,0.0199981022640153,0.101541652722091,-3.54648816612087
"Q5T6V5",0.507938997589859,0.411570144358442,2.53016169217423,0.0200333628194454,0.101541652722091,-3.54807991177061
"Q9NVS9",0.671382179344198,0.381866659292092,2.52212335886646,0.0203802197192506,0.10309758899073,-3.56358572627761
"P47813",-0.7766998698299,0.111320783000113,-2.52045116169117,0.0204530806348058,0.1032640887519,-3.56680830881303
"O75936",1.13031415451983,0.112831772292606,2.51554322546034,0.020668343593984,0.104147501345904,-3.5762605531725
"P02795",1.05726321949935,0.281038387387586,2.50889868250585,0.0209631633817315,0.105427582376996,-3.58904277628487
"Q69YW2",1.77342800351442,0.971286213511196,2.50447105794735,0.0211618031698681,0.106219924648756,-3.5975509291811
"Q7L1Q6",-0.863636992698118,-0.376697239997694,-2.50118661775741,0.0213102941897449,0.106757966047462,-3.60385748369167
"Q96GY0",-0.37689303119966,0.193028824829367,-2.49831935086135,0.0214407226154264,0.106902466057206,-3.60935962553092
"P11216",0.481199348444093,-0.07046712146102,2.49784695631181,0.0214622829164132,0.106902466057206,-3.61026582371314
"Q9Y3Z3",0.909339510703655,-0.0218324171183391,2.49782680573011,0.0214632030497834,0.106902466057206,-3.61030447682251
"P07195",0.514916602319446,0.349130047338691,2.49506925677804,0.0215894699223207,0.107324576440768,-3.61559256787919
"Q96QK1",-0.658163216152289,-0.0316766991944133,-2.49299008721381,0.0216851340137906,0.107490148939998,-3.61957780607233
"Q06323",0.548305538846208,0.104206527582928,2.4925390026316,0.0217059411012298,0.107490148939998,-3.62044219980756
"P53677",-1.4536617930086,0.320382228268526,-2.48951701415149,0.0218458188355605,0.107975987934845,-3.62623107443216
"O43865",0.480713275994664,-0.0435925682891085,2.48266287976088,0.0221662086391993,0.109080816602702,-3.63934761795216
"O43157",0.658135119255821,0.100531791260115,2.48175923531702,0.0222087753444017,0.109080816602702,-3.64107553039311
"Q16630",0.498037872270482,-0.30147082271773,2.48169799396355,0.0222116629213689,0.109080816602702,-3.64119262211818
"Q9P0J7",1.05243451324529,1.20335923136158,2.4811368131157,0.0222381394002413,0.109080816602702,-3.64226551580726
"Q66K74",-0.587954146372656,0.0666952561629929,-2.48018277926952,0.0222832184710085,0.109094923764312,-3.64408920351297
"P43490",0.92137513347675,0.146069960682826,2.47905886953995,0.0223364340751235,0.109148737399233,-3.64623716223849
"O95831",0.703862095585551,-0.286604108036846,2.47708760915239,0.0224300579340965,0.109399433508754,-3.65000334156182
"Q8TAM6",-1.35219350754416,0.889472793135847,-2.47404876276367,0.0225751057988279,0.10989952634646,-3.65580620991374
"Q9HAV0",0.911046732993083,0.85488312891801,2.47162015351469,0.0226916566827965,0.110259271663588,-3.66044118720811
"P62316",0.539907751289143,-0.150170787021433,2.47025652175035,0.0227573449472858,0.110350515287951,-3.66304264895277
"A0AVT1",-0.746233742089758,-0.0105558552796992,-2.46945967783248,0.0227958124424626,0.110350515287951,-3.66456248523537
"P55957",0.931151929872953,0.0699053705906321,2.4649684646208,0.0230137645441914,0.111197348311654,-3.67312398410334
"P32119",0.505158211329512,0.210921320350583,2.46147616873998,0.0231845853858943,0.111813718698763,-3.67977576055817
"P28676",-0.647748059462024,0.358478094772885,-2.45817738815886,0.0233470284024676,0.112387464469979,-3.68605450882418
"Q02750",-0.843654193269388,-0.0449816974544886,-2.45537811968943,0.0234857072621946,0.112607116960474,-3.69137911708133
"Q12797",0.849788015775051,-0.801152823668313,2.45503531688868,0.023502742884609,0.112607116960474,-3.6920309625825
"O75746",0.499291111785103,-1.02753848995547,2.45462108506996,0.0235233435816852,0.112607116960474,-3.69281856913793
"Q96PE7",0.586216769507594,0.102507938654331,2.45285674473444,0.023611277332144,0.11277232033525,-3.6961724607622
"O95674",0.757947207934464,-0.524817792230165,2.45217963690327,0.0236451054629422,0.11277232033525,-3.69745926716442
"P61966",-0.732834749872104,0.568576878884534,-2.44988203343236,0.0237602308161865,0.113112701031017,-3.70182437174919
"Q9Y3U8",0.496992099295601,-0.264444825154251,2.44834506083248,0.0238375354156279,0.113272112223158,-3.70474321231251
"Q9C0B1",0.811753233903374,-0.564790513294095,2.44430148212649,0.0240420369524147,0.114034248664205,-3.71241778729418
"P60763",1.57348360154941,0.299922218063985,2.44249047353536,0.0241341575578017,0.114261533492523,-3.71585289122342
"Q9HCC0",0.507849421072665,0.248267814509134,2.43933128217412,0.0242956451510598,0.114672307532408,-3.72184205532666
"Q01813",-0.694574626779589,-0.372590904202611,-2.43905838477963,0.0243096419836594,0.114672307532408,-3.72235922277971
"P55011",-0.797383914539019,0.299154565095443,-2.43434570987765,0.024552543587776,0.115457713688828,-3.73128546081218
"Q96FQ6",0.843952741460803,0.659768782768472,2.4335302604227,0.0245948026935648,0.115457713688828,-3.73282908496034
"O95394",0.602958675004246,0.518375139825298,2.43323471536569,0.024610135490346,0.115457713688828,-3.73338847738182
"Q9H3S7",-0.771168189821491,0.11705905303326,-2.42733269235944,0.0249182033435051,0.116589660713116,-3.74455209807452
"P16403",1.12318984697452,-1.40671186835687,2.42688689711394,0.0249416179397885,0.116589660713116,-3.74539474024576
"P55010",-0.871035587811326,-0.544865182764399,-2.4234583546813,0.0251223825014521,0.117139748405899,-3.75187266367801
"Q9Y3I0",-0.473148833973633,-0.185981077287282,-2.42293794752304,0.0251499266403382,0.117139748405899,-3.75285550698009
"Q02218",-0.736447768438164,-0.580979512736267,-2.42007994470944,0.0253016974429501,0.117307332069047,-3.75825117019736
"Q13263",-0.541174258775033,-0.531943027995903,-2.42002748778914,0.0253044910623827,0.117307332069047,-3.75835017310879
"Q9H1E3",0.721789714648918,-0.0974367438655507,2.41969795774452,0.025322046922448,0.117307332069047,-3.75897207545281
"Q9Y6G9",-0.543089611848456,-0.147431855060038,-2.41875651368027,0.0253722653071328,0.11732970629506,-3.76074856142217
"Q14019",0.810614335768342,-0.00728281115484713,2.41471365516176,0.0255889752679184,0.118120537620659,-3.76837322048858
"Q9Y3E1",0.914496072269,-0.723693397273624,2.41082367332962,0.0257991165331551,0.118878282064538,-3.77570321617492
"Q9Y285",-0.575337095371298,-0.0510194551510864,-2.40513746599911,0.0261091837531552,0.119956204705604,-3.78640665236792
"P02749",1.35767784659624,1.05235760774038,2.4043819022909,0.0261506444454518,0.119956204705604,-3.78782788133557
"P07196",-1.37896921205318,-0.343696941904888,-2.40320330893595,0.0262154407248396,0.119956204705604,-3.79004436419022
"P31939",-0.947203898012005,0.378781294568422,-2.40286595788419,0.0262340149663864,0.119956204705604,-3.79067868629174
"P36507",-0.813519864451679,-0.523311028551579,-2.40230238139506,0.0262650722875712,0.119956204705604,-3.79173827533703
"O75874",0.562130761350436,0.481532565382514,2.39390188753777,0.0267320754686939,0.121873747948102,-3.80751651275842
"O95208",-0.818940057498596,0.955535283717193,-2.39097751960265,0.0268964513102498,0.122252046290001,-3.81300230039174
"Q92572",-0.699885276997834,-0.374554643414845,-2.38966618622523,0.0269704647160874,0.122252046290001,-3.81546105270432
"Q6YP21",-0.842509745190515,-0.233050511603958,-2.38930181800526,0.0269910637215837,0.122252046290001,-3.81614411578168
"P04080",0.525135482716575,0.434110595636624,2.3890691701077,0.0270042237646386,0.122252046290001,-3.81658022016493
"P36404",-0.752572225718394,-0.553228545741556,-2.3841956167162,0.0272812772027147,0.123031271832808,-3.8257105946437
"O43776",-0.450663971778292,0.0936678331279949,-2.38371690662924,0.0273086330276036,0.123031271832808,-3.82660689689278
"Q15424",0.705548469242686,-0.353697919392584,2.3835333412042,0.0273191296062018,0.123031271832808,-3.82695056596102
"P08133",-0.607265610751449,0.344262437048307,-2.37899310602233,0.0275799433784394,0.12398983240568,-3.83544622000842
"P23297",0.732857250055718,0.760501956605135,2.37696091020732,0.0276974302462223,0.124301835393203,-3.83924602873804
"P62805",0.795315409330213,-1.17207554321945,2.37577856867621,0.0277659983027796,0.124393597249021,-3.84145597189084
"Q9UBB4",-0.658542475493622,-0.0973762826983625,-2.37302496749648,0.0279263003436752,0.124612217564871,-3.84660049751332
"Q9UKV8",1.03924278493445,0.238262689366419,2.37269861063918,0.0279453561696873,0.124612217564871,-3.84721001351631
"O60763",-0.641269608015552,-0.406342949064393,-2.3721545525269,0.0279771502983055,0.124612217564871,-3.84822601578208
"Q08752",-0.943595831726676,-0.325482963914324,-2.37163369133615,0.0280076202728009,0.124612217564871,-3.84919858108556
"P18859",0.635192826411356,-0.644872044331305,2.37015229615779,0.0280944491463308,0.124627234679906,-3.85196404944712
"Q13085",-0.755442132569799,-0.330733801423416,-2.36993138302473,0.0281074188852553,0.124627234679906,-3.85237637007626
"P35268",0.506231828366596,-0.143903331170296,2.36827396725622,0.0282049025490958,0.124845330632556,-3.85546917087092
"O60936",0.896370221500231,0.4166041446328,2.36074842543983,0.0286514870017879,0.126605288717302,-3.86949737214715
"Q96FV2",0.84900012256713,0.0848444354821177,2.35911482998646,0.0287492906786416,0.126677725023483,-3.87253932112983
"Q14643",1.15818365641844,-2.54267581920372,2.35883809312404,0.0287658895894717,0.126677725023483,-3.87305452469456
"O60888",0.470829997253021,0.646625768951219,2.35539369083564,0.0289732323957089,0.127325964860376,-3.87946424761558
"Q9HAB8",-0.87792410565416,-0.294747145303752,-2.35426204255686,0.0290416559518427,0.127325964860376,-3.8815690298408
"P06733",0.511417951512411,0.370668419282011,2.3534471830242,0.0290910179976597,0.127325964860376,-3.88308426688802
"Q9GZP4",0.512783483905337,0.326132165469314,2.35271218148091,0.0291356091235455,0.127325964860376,-3.88445076200869
"P38117",0.533148585063439,-0.0277986186002721,2.35232095485961,0.0291593699022601,0.127325964860376,-3.88517802505467
"Q92556",-0.871607562931027,-0.221160112317253,-2.35105187783953,0.0292365697081222,0.127447778575878,-3.88753669640105
"Q9H6V9",2.79747160764077,-1.64682095629936,2.34995301291259,0.0293035681551068,0.127524787341668,-3.88957845465948
"Q9BUT1",0.638444782753712,0.291922693453614,2.34376314827352,0.0296836316282775,0.128961660099323,-3.90106984330549
"P46109",-0.677321817925037,-0.30495302189057,-2.33836469554581,0.0300188217340914,0.129988074811836,-3.91107841363959
"O14576",-0.469550538459243,0.14966280851739,-2.33833545319066,0.0300206468927802,0.129988074811836,-3.91113259355476
"Q6P1X6",1.36980563074498,0.139082219525044,2.33565489228519,0.0301883905809097,0.129988074811836,-3.91609752355083
"P31689",0.531409928114699,0.0811785863091217,2.33544961856982,0.0302012718410976,0.129988074811836,-3.91647760188642
"Q684P5",-0.981136608925502,-0.161006882055845,-2.33524397364655,0.0302141814931887,0.129988074811836,-3.91685834908533
"Q9UNZ2",-0.577332438694656,0.281970328928274,-2.33512585566965,0.0302215988247248,0.129988074811836,-3.9170770336535
"P01871",1.50776084299061,0.313869523886575,2.33356552063605,0.030319739770421,0.13001639833359,-3.91996527816918
"O95989",0.425944458783243,0.354054095939701,2.33342207557411,0.0303287768646633,0.13001639833359,-3.92023074746939
"P78559",-0.425938396066601,0.272208868768521,-2.33043654243472,0.0305174329994331,0.130487574849846,-3.9257539359758
"Q9Y5S9",-0.724395304045221,-0.646076432543686,-2.33008615257155,0.0305396451776236,0.130487574849846,-3.92640189557241
"Q5SSJ5",0.471917749409219,-0.221514454794114,2.32688650931189,0.0307431719373776,0.131084707009884,-3.93231635413488
"Q6U841",-0.747828605892073,-0.549401807706719,-2.32536189743557,0.0308405916862172,0.131084707009884,-3.93513297784533
"Q8TAT6",-0.732631970556168,0.393274490829972,-2.32419619980608,0.0309152698940072,0.131084707009884,-3.93728584032262
"Q15287",0.610843573890373,-0.479187259034214,2.32384296971407,0.0309379318795643,0.131084707009884,-3.93793808331786
"Q96DZ9",-1.14953997894983,0.915744035901511,-2.32321755792391,0.0309780937296622,0.131084707009884,-3.93909277779271
"P04350",-0.693881689372813,-0.479276781086554,-2.32313096829995,0.0309836580205179,0.131084707009884,-3.93925263417244
"Q9UL25",0.441867365871587,0.321187164710776,2.31894504479003,0.0312537514436064,0.131901515378802,-3.94697648050644
"P34897",-1.01839607465355,-0.643094714532167,-2.31855894805408,0.0312787732793832,0.131901515378802,-3.94768851451749
"P50213",-0.706795940090438,-0.40206577569717,-2.31177991540878,0.0317211282847021,0.133423365685677,-3.96017955077462
"Q99426",-0.782618654498168,0.0826737000393689,-2.31144868164681,0.0317428897085846,0.133423365685677,-3.96078935908115
"O00186",-0.879321264265109,0.114598672579255,-2.30246574062814,0.0323383312363933,0.135633640639107,-3.97730850403435
"P49840",-0.483781108375543,0.0929106800911258,-2.30157965352125,0.0323976211604148,0.135633640639107,-3.97893601767209
"Q9Y333",0.601832363443798,0.0323966044255354,2.3004189813233,0.0324754358122312,0.135633640639107,-3.98106734141075
"Q9Y6E0",-0.57737722093423,0.0550423684280029,-2.29986361497009,0.0325127300311414,0.135633640639107,-3.98208693820165
"P24752",0.468845665990294,0.154319933021187,2.29959048365288,0.0325310859559946,0.135633640639107,-3.98258832911433
"P11021",0.404678227653556,-0.251507094058192,2.29769120991394,0.0326589920725229,0.13594765621171,-3.9860739264913
"P63208",0.441876197460552,0.426624498775817,2.29460840261587,0.0328675903627112,0.136596014610303,-3.99172812630788
"O94905",0.636874095684217,-0.354769118844378,2.29262814856567,0.0330022313859555,0.136935422363876,-3.99535786928386
"P50570",-0.926133715041058,0.637203492822555,-2.28473429577094,0.0335440148091589,0.13881102792728,-4.00980946000701
"P17844",-1.01048464622933,-0.720397665234904,-2.28447917528833,0.0335616605240039,0.13881102792728,-4.01027604887665
"O94925",-1.32023132728497,-1.24105837994829,-2.27939532740935,0.0339150779130173,0.139918268896633,-4.01956771815683
"O00217",0.488603832765389,-0.962080737982888,2.27834641387463,0.0339884209500907,0.139918268896633,-4.02148333872898
"Q9H2G2",-0.451989455190206,-0.0366221834754882,-2.27829885787297,0.0339917496584469,0.139918268896633,-4.02157017792062
"P30038",0.480338393009708,0.327646730201707,2.2754823556084,0.0341894281527519,0.140434991762257,-4.02671138733829
"Q14194",-0.423649877932264,0.668911168931417,-2.27496383408964,0.0342259360967976,0.140434991762257,-4.02765749591373
"Q03252",0.548944655871903,-0.599722195082406,2.27414524225897,0.0342836443346626,0.140448844065139,-4.02915087113295
"O60502",-0.535198954253225,0.364910107373797,-2.27162118529793,0.0344621466653137,0.140956723306702,-4.03375363633071
"O75955",0.676890023330688,0.290308907405562,2.26584591379055,0.0348737961506393,0.142415107503006,-4.04427420486181
"Q86X76",-0.59791387326057,0.226938256717066,-2.26391320353133,0.0350125621373343,0.142737155990706,-4.0477915217768
"Q9ULV4",-0.572314679199074,-0.0371812316963267,-2.26309840772644,0.0350712153074477,0.142737155990706,-4.04927384422375
"P49748",0.519759443651926,0.155858693010571,2.26244508623454,0.0351183099458758,0.142737155990706,-4.05046218268698
"P54750",-0.573713469792824,0.140609012191429,-2.26100679602686,0.0352221938728725,0.142811830855451,-4.05307762211361
"Q96DG6",0.359587459646657,0.331908309084873,2.26066150579812,0.0352471752749625,0.142811830855451,-4.0537053685114
"P67870",-0.38736378546391,-0.0441210021336739,-2.25928812309076,0.03534669936908,0.142990951281803,-4.05620166861637
"Q13885",-0.674376147672706,0.0284161797246324,-2.2571200983891,0.035504333860528,0.143404223483539,-4.06014056017118
"Q9BTV5",-1.01849334584713,0.344752139007702,-2.2512399807624,0.0359351261457847,0.144917786406948,-4.07081267212094
"O15020",-0.484806653475575,-0.679168528644694,-2.25019250713254,0.0360123684255249,0.145003072242962,-4.07271210013516
"Q9Y224",-0.52016071489291,-0.265418374751409,-2.24273541686945,0.0365666844571443,0.146870212265591,-4.08621959735155
"Q99829",-0.706920607641921,0.135378625009912,-2.24111260227155,0.0366883472408938,0.146870212265591,-4.08915566640201
"P14324",0.470765479811383,0.267076857571131,2.24100518518106,0.0366964134104339,0.146870212265591,-4.08934996677727
"O14974",-0.615074873260914,-0.106257384010658,-2.24091284153761,0.0367033489839736,0.146870212265591,-4.08951699737797
"Q8N5K1",0.753238741775515,-0.425030118978011,2.23904797403624,0.0368436694796385,0.147055025013361,-4.09288930391545
"P68402",-0.555963034858717,0.303687818588784,-2.2387874708839,0.0368633099453222,0.147055025013361,-4.09336025145319
"P51858",0.714738464261034,-0.757675407925222,2.23537711449185,0.0371213184913369,0.147856099075664,-4.09952268916884
"O15126",0.769916158933656,-0.366402477151792,2.23445040645067,0.0371917135093322,0.147908583725575,-4.10119628667153
"Q6PCE3",-0.411441789984671,0.839875405953746,-2.23148570249275,0.037417742297701,0.148390126593013,-4.10654771088828
"O14744",0.599365671911075,0.354927369491871,2.23022005059782,0.0375146183097395,0.148390126593013,-4.10883100941434
"Q96JG6",-0.777466398921095,0.1005171887592,-2.22991611481698,0.0375379164701335,0.148390126593013,-4.1093792121735
"Q5VZK9",1.26275491412948,-0.782256734166655,2.22985744913904,0.0375424150065109,0.148390126593013,-4.10948502124442
"Q9Y2Q3",-1.35283344770149,-0.768075965123705,-2.22766573912277,0.0377108315707654,0.148553196643598,-4.1134368132858
"O75689",-0.658105650723309,0.240646007968617,-2.22729814311731,0.0377391462554051,0.148553196643598,-4.11409939016046
"P52788",-0.719440756444213,-0.587766745912166,-2.22707850443648,0.0377560735763418,0.148553196643598,-4.11449524950723
"P16152",-0.90160705842263,0.651527521934999,-2.21876181215663,0.0384021710263678,0.15070179844453,-4.12946779661882
"P04275",-1.09135823246157,0.771606566489164,-2.21855001345405,0.0384187563539441,0.15070179844453,-4.12984866965912
"Q96MZ0",-0.714770949440419,-0.33576657267142,-2.21615582828276,0.0386066942513742,0.151209552484549,-4.13415259800993
"Q9NRY6",2.52075879660014,-0.498135783940114,2.21419556053835,0.0387611965246068,0.151585012127245,-4.13767445945839
"Q9UIW2",-0.739860003794405,0.180408974549126,-2.20987359631631,0.039103840456425,0.152693999365345,-4.14543292373373
"P05556",0.575402828867262,0.4603028236993,2.20682269604514,0.0393473799804691,0.153413238687048,-4.15090429429718
"Q16653",-0.975227749189914,0.983129451119706,-2.20455685849029,0.0395291478511717,0.153889830113372,-4.15496487732726
"Q13620",0.511153751456895,-0.39998955308692,2.20203831520382,0.0397320883101175,0.154326147399011,-4.1594754402669
"P00915",1.21048763222677,0.0949756632724406,2.2016851175541,0.0397606244362635,0.154326147399011,-4.16010775282223
"P56134",0.627062174918975,-0.951678727115132,2.19316361966451,0.0404548070472362,0.156785121764776,-4.1753451597864
"Q96AB3",0.70640790616959,0.178169107465754,2.19182841659324,0.0405645732740846,0.156862516345889,-4.17772947720161
"Q8N568",-0.53092106430464,-0.073312554863232,-2.19144504034684,0.0405961405939651,0.156862516345889,-4.17841392572062
"O43615",-1.0694247667308,-1.24345932603934,-2.18711382754019,0.0409543345829986,0.15801038044336,-4.18614156935857
"Q93008",-0.6099919552979,-0.287009432297088,-2.18367682877021,0.0412406257281565,0.158877820428144,-4.19226729573656
"Q4G0N4",0.518266252459205,0.362319134445649,2.18265384899543,0.0413261885034598,0.15894259476125,-4.19408943172873
"P62995",0.491600122144004,-0.302046557543116,2.18134239770559,0.0414361160170218,0.15894259476125,-4.19642464862364
"Q15075",-0.472033589833307,0.293644194908496,-2.18127349395153,0.0414418989822369,0.15894259476125,-4.19654731792046
"P23528",-0.408462315467845,0.437286878266318,-2.17922289338921,0.0416143392688871,0.159188396183856,-4.20019694022038
"Q8N987",-0.781164465796541,0.235551087985057,-2.17904711658898,0.0416291511877319,0.159188396183856,-4.2005096891212
"Q01650",0.404676491991148,0.120917546865429,2.1773070068459,0.0417760418609919,0.159514133250612,-4.20360494546555
"O14979",-0.727066323856615,-0.683325911130045,-2.17534102678652,0.0419425674976863,0.159885836993419,-4.20710019187621
"Q06124",-0.428182329158345,0.371722338337678,-2.1746988608306,0.0419970921928555,0.159885836993419,-4.20824146610572
"Q96PV0",-0.848249534779627,-0.434032306248872,-2.17169813001696,0.0422527336122371,0.16062252409946,-4.2135717650545
"P37108",0.773311848611105,-0.294773134239797,2.16950054056205,0.0424408512103345,0.160931057826685,-4.2174726138413
"P11498",-1.42672697120123,-0.874850119950422,-2.16929590962517,0.0424584067457636,0.160931057826685,-4.21783572485662
"P14866",-0.532559319333312,-0.462507009498049,-2.16782324842631,0.0425849432887572,0.161174346122163,-4.22044830739049
"Q9UJC5",0.467177594252413,0.110750316782309,2.16661061936364,0.0426893945604289,0.161333457512732,-4.22259877727136
"O00410",-0.509969035291941,0.00840312124682318,-2.16508056085119,0.0428215207845604,0.161428463201457,-4.22531114125769
"Q9NZ08",0.985002369414487,0.490719991517486,2.16487350151278,0.0428394296929206,0.161428463201457,-4.22567811065766
"O15075",-0.479368571689593,0.0132109306150073,-2.1639184938171,0.0429221181691708,0.161504622223154,-4.22737038850608
"Q9H4G4",-1.41864942603952,0.861837261378294,-2.16146872682611,0.0431348936407736,0.161913819841978,-4.23170932776041
"Q9Y6B6",-1.07971062225576,0.100879801081748,-2.16122471350016,0.043156139988829,0.161913819841978,-4.23214135302402
"P00390",0.433290178920026,0.420486245619657,2.15852291496052,0.0433920239376197,0.162562872288039,-4.23692291526276
"Q16762",0.527355859849405,0.260431128099143,2.15715409448383,0.0435119776028907,0.162776356155532,-4.23934403339568
"Q8TAQ2",0.671507586620964,-0.533490931790862,2.15561971746238,0.0436467979066498,0.162908989175009,-4.2420568775259
"P26232",-0.422957145159729,-0.031420654109182,-2.15522035679334,0.0436819505682412,0.162908989175009,-4.24276277268447
"O94832",-1.23077576585489,0.251767288060665,-2.15460127392992,0.0437364945792867,0.162908989175009,-4.24385688418053
"Q16352",-0.96410097664129,-0.448767914820862,-2.15364570282815,0.0438208062980163,0.162988178820679,-4.24554530115581
"O94875",-0.907936822350639,0.365028026435782,-2.15231277433038,0.0439386597389386,0.163160884116611,-4.24789972022296
"Q9Y6R1",0.626001133348109,-0.610768338346725,2.15169390326699,0.0439934762975929,0.163160884116611,-4.24899256316922
"P31948",0.419248377258522,0.414626584374204,2.14975130156819,0.0441659464382092,0.16335854503686,-4.25242169783549
"Q9Y2V2",0.540361557122828,0.924981919232746,2.14967018352071,0.0441731616946866,0.16335854503686,-4.25256484879709
"Q14204",-0.517525860597518,-0.34197681519569,-2.14800174509282,0.044321803092055,0.16355263552421,-4.25550845459961
"Q9Y512",0.6144846879989,-0.823736665528835,2.1476613497456,0.0443521847204916,0.16355263552421,-4.25610883951539
"O75083",-0.690650347253841,-0.000826115664894845,-2.14470785421534,0.0446165912203607,0.164293288183237,-4.26131574846329
"Q7L775",-0.736775035503101,-1.11759737381579,-2.13641252104656,0.0453668907339078,0.166818510024398,-4.27591677737634
"Q9UEW8",-0.694494248107446,-0.0282235362996432,-2.13212914262246,0.0457587819793734,0.167324957874328,-4.2834426342833
"Q99497",0.508751710999071,0.418656985420921,2.13103119180355,0.0458597280019177,0.167324957874328,-4.28537023555852
"Q9UBW8",-0.363586751981302,-0.211218681552228,-2.13016678217214,0.0459393442129662,0.167324957874328,-4.28688739578332
"Q9H9A6",-0.806250231585295,0.258033567211521,-2.12995212888165,0.0459591342140917,0.167324957874328,-4.28726408397993
"Q96AE4",0.551234483863889,-0.393193500090265,2.12983380967269,0.0459700459811446,0.167324957874328,-4.28747170863151
"Q9UMS4",-0.382211543503587,-0.406892839246652,-2.12952977682077,0.0459980956160697,0.167324957874328,-4.28800518818748
"P04733",1.07581634189464,0.470639907693705,2.12945554730112,0.0460049462819186,0.167324957874328,-4.28813542995378
"Q9C0C9",-0.444278300898128,-0.0206288726765898,-2.12847895954792,0.0460951620717744,0.167324957874328,-4.28984867387994
"O75891",0.558893903776171,0.0427268976821338,2.12828933594466,0.0461126978174935,0.167324957874328,-4.29018127780901
"P26640",-0.486781219726081,-0.251416228223494,-2.12786551781314,0.0461519129456078,0.167324957874328,-4.29092459833158
"P09661",0.781087949875042,-0.0971200661874254,2.12313449928484,0.0465917225364026,0.168682917026052,-4.2992160033671
"P46821",-0.467575150516358,0.230811599920077,-2.1217826248411,0.0467180927029429,0.168903873618332,-4.30158316382988
"P01019",0.715322254066441,0.620258768523905,2.11914368446693,0.0469656700451129,0.169561811545554,-4.30620132980173
"Q13596",-0.613530321026453,-0.0596921214424384,-2.11627917706691,0.0472357540251242,0.170299057398809,-4.31121023117116
"Q9NY47",1.14325908267457,-0.349705254959886,2.11454751633892,0.0473997073533903,0.170652149733306,-4.31423620041132
"O95336",0.512957169144597,0.448380670353713,2.11324698948384,0.0475231795920916,0.170858719395767,-4.31650778441609
"P19623",0.546847204251402,0.567835683519983,2.11197869214314,0.0476438723009738,0.171035810083055,-4.31872224262542
"O00116",-0.785850015383201,-0.38780056232403,-2.11133989928531,0.0477047655976335,0.171035810083055,-4.3198372693337
"Q9GZT9",-1.06470307109,-0.321133499182966,-2.11050005131026,0.0477849317667097,0.171085939912666,-4.32130292467641
"P30042",-0.895510901442065,-0.511425933264582,-2.10819133562719,0.0480059346130569,0.171639475760376,-4.32533010562418
"Q16891",0.635535550385145,-0.598145984447365,2.10233135209107,0.0485710421844745,0.173226644189481,-4.33553962920931
"Q9Y6D5",-0.782640776647129,-0.39289485058009,-2.10219899665517,0.0485838750628138,0.173226644189481,-4.33577002106691
"P98160",1.10972864887593,0.131356956946176,2.10028341939249,0.0487699485675326,0.173650574445002,-4.33910346815572
"P36915",-0.514980532915799,-0.425898147968838,-2.0973173813065,0.0490593318779526,0.174136783735003,-4.34426117641675
"Q15276",-0.628857911848253,0.0298175558797128,-2.09641286366031,0.0491478899429362,0.174136783735003,-4.3458331591656
"O75534",-0.64790704850679,-0.452337236094347,-2.0955283814812,0.0492346260586175,0.174136783735003,-4.34736991338349
"Q9NQE9",-0.37077919699333,0.579136304237492,-2.09504101870184,0.0492824780168197,0.174136783735003,-4.34821651506197
"O43301",-0.622355248751308,-0.578676576086338,-2.09476992936624,0.049309113240532,0.174136783735003,-4.34868737334263
"P41208",0.760565699256936,0.676521099104427,2.09475391680752,0.0493106869222522,0.174136783735003,-4.34871518455788
"Q05329",-0.678532244868035,-0.673211824920207,-2.09318968032156,0.0494646357770127,0.174442132992603,-4.35143137049073
"P54136",-0.695845925001728,-0.378517950650655,-2.09210887536985,0.0495712597862083,0.174579981672137,-4.3533073724233
"P61011",-0.815404296130886,-0.611980816945104,-2.08835437065862,0.0499432654483682,0.175394660833981,-4.35981953394031
"Q15165",0.472082361430375,-0.306816842012562,2.08774871553628,0.0500035107844614,0.175394660833981,-4.36086935366964
"Q6ZWB6",0.641918814658757,-0.68108917900717,2.08772232533772,0.0500061373441563,0.175394660833981,-4.3609150931146
"Q86WG3",-0.890267143945988,-0.372489228795455,-2.08575673796504,0.0502021184446235,0.175843463657658,-4.36432082883511
"O60271",-0.533986667534643,-0.219504861565839,-2.08454741384764,0.0503230396369834,0.176028494535321,-4.36641520386834
"P05387",0.450879360215854,-0.0211227469137083,2.0819282715284,0.0505858310005104,0.176388314095275,-4.37094857168016
"Q15067",0.524819167419199,0.326506971676575,2.08157214740792,0.0506216581260437,0.176388314095275,-4.37156469660856
"O43237",-0.480912444025867,0.075573992624249,-2.08105953353361,0.0506732687637467,0.176388314095275,-4.3724514460143
"P07108",0.729170732369084,0.24461201966817,2.08080566471327,0.0506988461790288,0.176388314095275,-4.3728905523923
"Q9NR28",0.510419094584486,0.00253742045993154,2.07775078715098,0.0510075410431685,0.177223781715848,-4.37817181024961
"Q9UHG3",1.24754325258968,-0.486727224473423,2.07643887942738,0.0511406285201838,0.177447684194195,-4.38043833388375
"Q86V81",0.550483255011505,-0.192316065975143,2.07429460536732,0.0513588301409246,0.177965919456153,-4.38414096089174
"P05408",0.847328085799427,0.872344039801451,2.06937826822902,0.0518622878005903,0.179469898212217,-4.39262115489519
"P69905",1.24668085590554,0.0474832980706204,2.06748733149099,0.0520571101337459,0.179903248256328,-4.3958794540063
"P61006",1.95400583201339,1.75856602902825,2.06621955111422,0.0521880977989415,0.180115130587802,-4.39806293069543
"Q9GZT4",0.644010877400415,-0.349949115614083,2.06370033600852,0.0524492654540893,0.180775134931761,-4.40239922027033
"P35611",0.31202575370676,0.220889820643999,2.05915798594993,0.0529231467816386,0.182052810934335,-4.41020944277811
"P50895",0.591694389258885,0.0879941669209654,2.05879846657663,0.052960817726352,0.182052810934335,-4.41082714316925
"Q13614",-0.608233058960506,0.161281440622702,-2.05048129254439,0.0538390635228184,0.184666391414275,-4.42509799499827
"Q12849",-0.734693461481909,0.206861639304493,-2.04991161918024,0.0538996941761078,0.184666391414275,-4.42607411335251
"O14745",0.550079224712205,0.322762596898596,2.04957598084182,0.0539354450745756,0.184666391414275,-4.42664913883238
"P50135",1.01423866410161,0.185532807289785,2.04849459210192,0.0540507754151084,0.184685925949552,-4.42850139808268
"Q9P0W8",0.703543837503628,0.0780752891109787,2.04763412100424,0.0541427031190956,0.184685925949552,-4.4299748131763
"O60826",-0.916990656948105,-0.225207629976764,-2.04730005207057,0.0541784309345068,0.184685925949552,-4.43054674493255
"P02042",1.51889946349113,-0.318951149482456,2.04679027741383,0.0542329908529352,0.184685925949552,-4.43141937328392
"P48735",-0.968457312667343,-0.245218709222579,-2.04617995867793,0.0542983766814931,0.184685925949552,-4.43246393000809
"Q9Y2J8",0.758108031085013,0.700773937379321,2.0448665314007,0.0544393295304807,0.184801491436699,-4.4347111788122
"P62081",0.411171037689859,0.0582305306579466,2.04402555934003,0.0545297524942284,0.184801491436699,-4.43614958237795
"Q13613",-0.540420442187559,-0.216317081156506,-2.04386693509856,0.0545468231977567,0.184801491436699,-4.43642085188435
"Q14974",-0.466817736973712,0.0337728131651044,-2.04192227045369,0.0547564930873456,0.185269024385849,-4.43974540615995
"P14621",0.653143835579807,0.0985719214995302,2.04065709022091,0.0548932906052991,0.185489093091109,-4.44190724377837
"P84103",0.514050052844654,-0.271474424910238,2.03775842782738,0.0552078656962465,0.186095317299337,-4.44685701285084
"P53396",-0.465394252955781,-0.334757247628124,-2.03767745539224,0.0552166763514862,0.186095317299337,-4.44699521710978
"P30044",-0.560970157669738,-0.459781548447453,-2.03352524608594,0.0556701754082052,0.187217983719321,-4.45407751767075
"Q9Y4L1",-0.454607964785521,-0.511047464797968,-2.03232114064794,0.0558023098192109,0.187217983719321,-4.45612959215449
"P55884",-0.403020660310449,-0.419285186751628,-2.0318776313622,0.0558510498546292,0.187217983719321,-4.45688523813834
"Q13867",0.440835491812006,0.39416220832514,2.03139649993192,0.0559039675993361,0.187217983719321,-4.45770486459022
"Q9UL46",0.492123679237369,0.271838645686111,2.03116318567259,0.0559296450987798,0.187217983719321,-4.45810227981013
"P11413",0.508534162830184,0.393534846730007,2.02906373711514,0.0561611770026168,0.187217983719321,-4.46167705097525
"Q9Y6I3",-0.473233897450016,0.224484049067756,-2.02901841437145,0.0561661847592539,0.187217983719321,-4.46175419668535
"Q8WXD2",0.853563499884455,0.207818648403491,2.02892797119475,0.0561761791156094,0.187217983719321,-4.46190814043416
"Q6XQN6",0.777242070795308,0.129554731756131,2.02869792404539,0.0562016074917575,0.187217983719321,-4.46229968487356
"O14810",-0.855432257032006,-0.560728769857435,-2.02623238820134,0.056474785361837,0.187885868932238,-4.46649427905301
"O75506",-0.473465576294713,0.196492921979168,-2.0254348554695,0.0565634052701701,0.187938820852686,-4.46785041188427
"Q99873",-0.423788752849518,0.144764263553876,-2.02442702010759,0.0566755717407187,0.187938899447836,-4.4695636538536
"O75044",-1.19866569499986,-1.70687120329674,-2.02412847678254,0.056708836197026,0.187938899447836,-4.47007104893502
"Q9NP92",-1.19603289992826,-0.664934840084113,-2.02284968550738,0.0568515204132245,0.188001048154919,-4.47224389784868
"Q9UMF0",0.769274205496593,0.194122161623976,2.02265702925794,0.0568730443547958,0.188001048154919,-4.47257117161882
"P00492",0.472467342487527,0.340444386841494,2.02025783684724,0.0571416991099097,0.188327143655251,-4.47664510308402
"P14618",0.418928243286231,0.363992352572474,2.01998276734118,0.0571725731303378,0.188327143655251,-4.47711198358185
"P11177",-0.597047839138407,-0.180060143072272,-2.01982529694981,0.0571902544562366,0.188327143655251,-4.47737924248875
"P61086",-0.399382134018053,0.218867453201463,-2.01682398954628,0.0575281891502048,0.18919894268865,-4.48247049244205
"P13489",-0.600261775532203,0.324032355496004,-2.01548043858242,0.0576800458299635,0.189457329695624,-4.48474803193728
"P26583",1.12010822201923,0.291436556723658,2.01384643479933,0.0578652148210798,0.189824340498085,-4.48751661381342
"Q01469",0.793023122222807,0.325351983362099,2.01248492876595,0.058019909876723,0.190054957317962,-4.48982237797748
"Q9Y4F1",0.513772958252142,0.107281381243045,2.01193445938075,0.0580825594898219,0.190054957317962,-4.49075433295819
"P42765",0.554557177661413,0.226180275002721,2.00904806922881,0.058412054947386,0.190869232426734,-4.4956383412029
"P25098",-0.628688007826063,-0.417932444233721,-2.00836477529368,0.0584903006005439,0.190869232426734,-4.49679386492073
"Q8TCD5",0.697984004702016,0.212590986208015,2.00781851852895,0.0585529212047969,0.190869232426734,-4.49771746059241
"O60262",-0.482493934651401,0.342291901848178,-2.00673985812676,0.0586767504571747,0.191031989838535,-4.49954075058518
"Q96GK7",0.833122389291038,-0.0465371657639819,2.00431681163044,0.0589557681957855,0.191541698340314,-4.50363417405997
"P02649",0.694764009937487,-0.12960883627451,2.00409381987951,0.0589815055624332,0.191541698340314,-4.50401072829522
"P26440",0.601190616905099,0.573121635091521,2.00266164834655,0.0591470441272028,0.191838279885595,-4.50642851046668
"Q6UXD5",-0.673508046645688,-0.1317633794696,-2.0002030594684,0.0594321902992014,0.192521568826361,-4.51057646117167
"Q07002",-0.86536680051753,0.0556763282318774,-1.999063248801,0.0595648013109349,0.192616848479576,-4.51249834058394
"P08758",0.59398570276725,0.401720106325761,1.99832887295616,0.059650382059009,0.192616848479576,-4.51373622243599
"Q9UPV7",-0.748008738807142,-0.347193473060279,-1.9978995747326,0.059700461333372,0.192616848479576,-4.51445972072813
"Q9UQ80",-0.348584180162524,-0.124396562157586,-1.99739254487329,0.0597596566656169,0.192616848479576,-4.5153140900078
"Q9BSL1",-0.868310967992859,-0.522075873221594,-1.99511972194474,0.060025651583588,0.193157921803206,-4.51914216618004
"O60749",-0.525387188527495,-0.33373207419929,-1.99455815623651,0.0600915358721858,0.193157921803206,-4.52008756342217
"Q9BZZ5",0.388734984969018,-0.561544068728424,1.99404588384932,0.0601516932501279,0.193157921803206,-4.52094982371516
"P51149",0.324943765578391,0.316068249907934,1.99325328809581,0.0602448756255943,0.193217125920796,-4.52228364117841
"P63096",-0.434544983502535,0.458397536322898,-1.99138252179092,0.0604653254772871,0.193683849267394,-4.52543048096999
"Q96SW2",-0.60090524412964,0.164211463993217,-1.98694881028776,0.0609906684615475,0.195124848976609,-4.53288076476485
"Q52LD8",0.597108802695856,0.537433988718286,1.98579352652281,0.0611282230767903,0.195221458959886,-4.53482028528512
"P13804",0.460018998243968,0.10104836086652,1.98542711520569,0.0611719078365599,0.195221458959886,-4.53543527176963
"P49419",0.53144181351306,0.677149923771843,1.98290793169886,0.0614730076036795,0.195940474297795,-4.53966146667232
"Q13200",-0.387230371579054,-0.0662455134236238,-1.98106934210787,0.0616935942781761,0.196055130302988,-4.54274367119607
"P10599",0.383790735071842,0.388497865620347,1.98075014131462,0.0617319625187861,0.196055130302988,-4.5432785869278
"Q13636",1.31412129493923,-0.444362397205038,1.98071232806119,0.0617365091166856,0.196055130302988,-4.54334195051425
"Q8N461",-0.568464053157297,-0.0549943451737125,-1.97994461852987,0.0618288816993926,0.196107557291938,-4.54462822787316
"Q9NWV4",-0.440196516372507,0.385864743186044,-1.9778537459803,0.0620810851570874,0.196666182758665,-4.54812976872344
"Q10713",-0.473718298347153,0.393264182784903,-1.97286685357777,0.0626863133284298,0.198340416100356,-4.55647138486652
"Q9H4M9",-0.424310096798789,-1.04323439178216,-1.97052206308517,0.0629726977104703,0.19900296281365,-4.56038873873938
"P78371",-0.349114355523383,0.00500330860842068,-1.96747782476456,0.0633462474083053,0.199895321673754,-4.56547004692014
"Q15084",0.33881478539708,0.0872224976105846,1.96696202626263,0.0634097345348078,0.199895321673754,-4.56633048095743
"Q9ULA0",0.410985098935279,0.171050973527723,1.96601697889579,0.063526202713773,0.200018555438615,-4.56790658362139
"Q9Y230",0.378568971611456,-0.0866323231189814,1.96319450869678,0.063875179278561,0.200872674495231,-4.57261077589522
"O75323",0.352301097596176,-0.0420373650354247,1.96243178742144,0.0639697760036976,0.200925724142841,-4.5738812307812
"P46783",0.371187496488247,0.00710856579531608,1.96085773095732,0.064165392720515,0.201295558473946,-4.57650208254535
"Q86Y82",0.370320935278543,0.3574148549198,1.95896680350064,0.0644010917956447,0.201732537867294,-4.57964869143871
"P51648",0.458841976330295,-0.363742426515469,1.95840789520516,0.0644709054205688,0.201732537867294,-4.58057836066008
"Q99584",0.780876336995741,0.608422345099138,1.95778614740958,0.0645486473956871,0.201732537867294,-4.58161234824123
"P18433",-0.599095951257307,0.456556286682893,-1.95683117186776,0.0646682176891,0.201732537867294,-4.58320008055314
"P09496",-0.540792884956411,0.0915435183356874,-1.95661841311906,0.0646948835172095,0.201732537867294,-4.58355374098645
"P28838",0.694936287343,0.544361445789757,1.9522361974684,0.0652462997046696,0.202743450798436,-4.59083244218988
"P43304",0.647623427982524,-0.521562699647879,1.95201251874125,0.0652745569381006,0.202743450798436,-4.59120367343715
"Q92597",0.430033872774971,0.442307338121824,1.95125917482471,0.0653698064906673,0.202743450798436,-4.59245376213273
"P09455",-0.654479193096084,-0.310544466438606,-1.95064640924767,0.0654473729229651,0.202743450798436,-4.59347034025267
"O00764",-0.539962314415226,-0.216897097838497,-1.95042536696659,0.0654753734301211,0.202743450798436,-4.59383699725745
"Q92574",-1.02211793766235,-0.131981679658356,-1.95031258642085,0.0654896639909841,0.202743450798436,-4.59402406292539
"P62937",-0.554229292878115,0.123157983749288,-1.94780166619755,0.0658085436683267,0.203426616369984,-4.5981869846133
"O00303",-0.688708016465965,-0.398187660755276,-1.94733682283816,0.0658677283952327,0.203426616369984,-4.59895726889377
"Q01082",-0.318957750251949,0.181062260398197,-1.94620420539362,0.0660121331843112,0.203629312985017,-4.60083359753988
"O95164",-0.920865490954005,0.34313951206232,-1.94547499968791,0.0661052529703213,0.203673514813207,-4.60204123679961
"O95319",0.685258218412365,-0.623309720179046,1.94154754864534,0.0666087965934483,0.204980641897695,-4.60854030279236
"P08559",-0.488004738927808,-0.187878474315311,-1.94073865191495,0.066712927770949,0.205056977750182,-4.60987775920273
"Q99757",-0.78577531950543,-0.298658924895861,-1.94009049967161,0.0667964700795247,0.205069922987614,-4.61094916656852
"P23634",0.703594515013481,0.696234883369288,1.93581387163583,0.0673500263358376,0.206391038785644,-4.61801250764341
"P45880",0.527797429063169,-1.15846076861615,1.93495707451349,0.0674614156386162,0.206391038785644,-4.61942635130389
"O43920",1.26293508982327,-1.22574167332617,1.93491940742414,0.0674663163535276,0.206391038785644,-4.61948849802353
"P68871",1.0638732766277,0.00793287006710123,1.9337756625216,0.0676152747284979,0.206528217262849,-4.62137517023529
"Q14254",0.625149663074503,0.16239782202589,1.93334876192986,0.0676709477839972,0.206528217262849,-4.62207917537158
"P17858",-0.572745993508465,0.0867246737760119,-1.9282984754219,0.0683326548085457,0.208301783820862,-4.63039972590599
"Q16773",-0.600272699022584,0.408774771450803,-1.92760964382563,0.0684233505931324,0.208332581016781,-4.63153347087375
"P51649",0.424519087934605,0.153793854732061,1.92588442119327,0.0686509717581031,0.208595915979394,-4.6343718121693
"Q92854",1.46608808771904,-0.814054429307731,1.92573113692446,0.0686712280458276,0.208595915979394,-4.63462391321602
"Q9UNF1",0.541522003545389,-0.180776727393638,1.92002238730209,0.0694294068054476,0.210651427924979,-4.6440032621466
"O43670",0.447400726739478,-0.130422681661185,1.9188625853018,0.0695843417479128,0.210874001662784,-4.64590649708932
"O60493",-0.588334759882006,-0.535234892294939,-1.91772954760465,0.0697359964266755,0.210888114994344,-4.64776506251758
"Q9NZN3",-0.716005036259929,-0.347057370424794,-1.91760890168463,0.0697521618259822,0.210888114994344,-4.64796291902672
"P25786",0.423377378226902,0.253695469901964,1.91068361182531,0.0706856536968029,0.213460764960555,-4.65930613026369
"O95182",0.659329566172065,-0.404812396653239,1.90862625797249,0.0709650918032001,0.214054565124005,-4.66267060190695
"P61163",-0.359843218384156,0.752781875465951,-1.9078937636061,0.0710648173492043,0.214105539449526,-4.66386788588699
"P61081",-0.37687782529289,-0.0745717182424605,-1.90511741199014,0.0714439281343509,0.214997152767517,-4.66840308644519
"Q8TDJ6",-0.609681398761482,-0.3383039335669,-1.90399015133735,0.0715983643292714,0.215211362547868,-4.6702431998064
"Q15818",0.861149189530618,0.426011532592922,1.90230507691195,0.0718297710167847,0.21565616501555,-4.67299249592177
"P49915",-0.460826300229357,-0.237773034482736,-1.90135573780515,0.0719604315284348,0.215797813806269,-4.67454066907371
"Q9ULU8",-0.549028094625006,-0.500069692129876,-1.89995015997146,0.0721542705752694,0.216128377099735,-4.67683190723753
"O75694",1.23513415118662,-0.739548443315364,1.89911173750804,0.0722701140438532,0.21622482037426,-4.67819807440861
"P78344",-0.603772829836552,-0.473502101295573,-1.89496288052427,0.0728457715942658,0.217648449267305,-4.68495238570061
"Q9UBE0",-0.425786767103401,-0.646235037111662,-1.89447065759161,0.0729143354218514,0.217648449267305,-4.68575305352369
"P20700",1.07376110886388,-0.466931051213185,1.8935682461244,0.0730401838655685,0.217772635862162,-4.6872205807153
"Q9P016",0.551962929760848,-0.0748419699390112,1.89295562229515,0.0731257281513907,0.217776506072978,-4.68821657528535
"P84095",-0.750699558449736,0.620409047992546,-1.89008066986402,0.0735283548447262,0.218723587196337,-4.69288769162525
"Q8NFW8",-0.433829057298888,0.107762702291262,-1.88848784504697,0.0737522636415816,0.21913747300401,-4.6954735672049
"P62857",0.530539870382957,-0.0273118741746055,1.88755230724303,0.0738840550478857,0.219143422887202,-4.69699167397577
"P17987",-0.257375729747226,0.119565442562985,-1.88727034653773,0.0739238161538261,0.219143422887202,-4.69744911365017
"Q9Y5S2",-0.66080278383395,-0.106642049869523,-1.88641456180234,0.0740446112748937,0.219250080350058,-4.69883721206148
"Q8WXF7",-0.625454333215235,-0.336583018996244,-1.88522014956111,0.0742134945606838,0.219286370021943,-4.70077385044488
"P07197",-1.05198149675178,0.0165853519583708,-1.88512807420336,0.0742265275702903,0.219286370021943,-4.7009231080035
"O00499",-0.550260239203405,0.964919182936135,-1.88313591328372,0.0745090060420961,0.21986961257856,-4.70415125237456
"P35998",-0.428319692691161,-0.0846275020634014,-1.88195369229807,0.0746770858961137,0.220114329579765,-4.70606584574902
"Q12906",0.360407137333845,-0.271197796519763,1.87843771325195,0.0751789355471561,0.221341171286331,-4.71175506212839
"O15394",0.562619823847976,0.519564005688959,1.87679567098769,0.0754143249212726,0.221781604006245,-4.71440955485714
"Q9P0M6",1.11273011664825,-1.21924957242958,1.87341207197305,0.0759014129461001,0.222767885003591,-4.71987438411506
"P06744",-0.581845470857496,0.0224340689025452,-1.87326911674579,0.0759220528774328,0.222767885003591,-4.72010512094001
"P36957",0.64448768633934,-0.434261915666168,1.87172593869521,0.0761451716366058,0.223169238866923,-4.72259511573223
"Q13098",-0.453323864016507,0.0198173063622589,-1.86859364326819,0.0765998228596071,0.224106826936552,-4.72764488666911
"Q96AC1",0.444378233428969,0.327621912469999,1.8683281657166,0.0766384661554785,0.224106826936552,-4.72807261194765
"Q06787",1.81843764087087,-0.0183117398209538,1.86703070354154,0.0768275729577684,0.224379015997975,-4.73016242098071
"P36776",-1.27897241215671,-1.54397988738855,-1.86593071648745,0.0769882182215487,0.224379015997975,-4.73193337475465
"O94979",-0.448382961644904,-0.44163336135695,-1.86585600249057,0.0769991403529817,0.224379015997975,-4.73205363645754
"P51570",0.648132036228417,-0.454869323467082,1.86531171179467,0.0770787490159387,0.224379015997975,-4.73292964146488
"P07602",0.582575131137727,0.863924825053023,1.86203283310787,0.0775598519067815,0.225525553632205,-4.7382030777161
"O43633",0.476188572489383,0.310741072150936,1.86100215885087,0.0777116237436157,0.225588831755223,-4.73985939208956
"Q8WVY7",-1.03652518884114,-0.972814504658867,-1.86070011491117,0.0777561505198852,0.225588831755223,-4.74034466271676
"Q7Z6G3",0.655590888169894,0.926926440931967,1.85821787791944,0.0781229257097286,0.226192729331702,-4.74433061744449
"P10636",0.504355632289818,0.54612169631437,1.85775893033994,0.0781909056826455,0.226192729331702,-4.74506718825
"O43837",-0.680073092262309,-0.581911790507645,-1.8573779973986,0.0782473693941819,0.226192729331702,-4.74567845673141
"Q96T17",-0.372929013883057,0.437875106386288,-1.85692669039311,0.0783143105423106,0.226192729331702,-4.74640253946953
"P62993",0.484737412063523,0.660468462062171,1.85603030683918,0.0784474175725746,0.226211027136181,-4.74784034738851
"P30085",-0.75620803594249,-0.629425384629134,-1.85536220116064,0.0785467557756994,0.226211027136181,-4.74891168262239
"Q92896",0.703674846654714,-0.465863622933552,1.85511745975738,0.0785831730631685,0.226211027136181,-4.74930406876597
"Q96A23",-0.548539068429192,-0.436029044498194,-1.84995534625596,0.0793547449524038,0.228177992994398,-4.75757195782909
"P22748",0.765527430057742,-1.03405824767634,1.84903768214479,0.0794925989291334,0.228320409146455,-4.75904005881796
"O43149",0.730036240430495,-0.325790386359637,1.84814950480678,0.0796262229537734,0.228450373291348,-4.76046050429291
"P27694",-1.23218249221328,-0.320800082432224,-1.84550040991623,0.0800259410691947,0.229342635990985,-4.76469433477686
"O15079",-0.677485805424639,-0.545316625596369,-1.84418672206021,0.0802248120511044,0.229657961408754,-4.76679232723196
"P02768",0.828655955669355,0.286204381034687,1.84293767631197,0.0804142981388313,0.229945752974424,-4.76878612027185
"P18124",0.419313717124391,-0.0886302589030282,1.84117399340912,0.0806825237411888,0.230457816432014,-4.77159980231938
"P48681",1.03701543369035,-0.460516025032287,1.8367167712048,0.0813638798254003,0.232147493762318,-4.77870223554026
"P34913",0.421863378790051,0.118258990652958,1.83422428006795,0.0817470842356607,0.232662416901805,-4.78266869712514
"P50990",-0.246550942928045,0.158695993541888,-1.83383644526031,0.0818068528823022,0.232662416901805,-4.78328554529187
"P00491",0.728650707056483,-0.429558206874477,1.83378770850812,0.0818143663302674,0.232662416901805,-4.78336305425967
"Q15233",-0.529004971152857,-0.450586601016714,-1.83221191225541,0.0820576222837624,0.232784986766036,-4.78586836111604
"Q9UN36",0.367923484699444,0.235102971997591,1.83195636192606,0.0820971311066473,0.232784986766036,-4.78627451029154
"Q7Z434",0.565389290534381,-0.205124382282696,1.83175284590226,0.0821286071574179,0.232784986766036,-4.78659793238356
"Q14980",0.681845977095301,-0.0698027935317789,1.83087679125567,0.0822642192537567,0.232784986766036,-4.78798984744738
"Q12792",0.976755235788366,-0.351398094872932,1.83015296633595,0.0823764138692259,0.232784986766036,-4.78913954154373
"P29692",-0.502806995263654,0.100385783980134,-1.83001521609656,0.082397780615444,0.232784986766036,-4.78935830238961
"O00193",0.453361935597584,-0.216277510666115,1.82910901964912,0.0825384634187231,0.232927868927292,-4.79079714357592
"Q5T1M5",-0.699558701789186,-0.541206900001834,-1.82830426496732,0.0826635736026106,0.233026540635495,-4.79207449910624
"P56556",-0.511414813411655,-0.91633781898687,-1.82736010429467,0.0828105673635118,0.233186619427754,-4.79357262629407
"Q9Y2X7",-0.680508636461938,-0.486480969969053,-1.82579003460768,0.0830555122813005,0.233621870780372,-4.79606270066744
"Q8N135",0.807811367652764,-0.329637647444571,1.82427228738605,0.0832928951140136,0.233848503612777,-4.79846836674606
"P68366",-0.709119213427551,-0.524986667345162,-1.82411831359857,0.0833170103780919,0.233848503612777,-4.79871234051623
"Q96RL7",0.856175438590104,-0.743390539020857,1.82291744275189,0.0835052989775585,0.234122774248361,-4.80061464245931
"P05166",0.37625894404674,-0.277248087975347,1.81918569271629,0.0840927830423948,0.235514457383088,-4.806520499628
"Q8NBS9",-0.683171548474604,0.216867430795212,-1.81839612519778,0.084217544325414,0.23560860614848,-4.80776897671613
"Q9UPY5",0.610050674543547,0.258422308411327,1.81693286107491,0.0844491844430963,0.236001234362599,-4.81008170601284
"Q6P2Q9",-0.580336516340376,-0.610593061035473,-1.81535984716907,0.0846988173684174,0.236443242869718,-4.81256643653697
"P49721",0.530501448638691,0.0948030262229278,1.81425560182714,0.0848744418461349,0.236677920358424,-4.81430979565781
"P20339",-0.434311679649446,0.77457172775674,-1.81289735620649,0.0850908987044605,0.236919546365848,-4.81645314010438
"P10253",0.482007769035869,0.395724674761773,1.81232241585171,0.0851826688153944,0.236919546365848,-4.8173600691057
"P29972",1.09125319782863,-0.267529446544677,1.81198825739457,0.0852360456944832,0.236919546365848,-4.81788708798507
"Q9BV23",0.80417373541647,0.112346440176752,1.81070976808061,0.0854405344347872,0.237232848027846,-4.81990282804921
"P60228",-0.551081128465917,-0.506703279548538,-1.80984789002274,0.0855786289255686,0.237361325936261,-4.82126114840695
"Q8TDQ7",0.560319153018177,0.11851346508897,1.80903118620359,0.0857096646023577,0.237469971057979,-4.82254785302595
"Q13177",0.516559958082799,-0.004202236294765,1.80788402388188,0.0858940154292946,0.237725942060735,-4.82435449766384
"Q5JU85",1.41594959293254,0.233056637176222,1.80527109345051,0.0863152059695177,0.238636157680431,-4.82846653113622
"P12111",0.99808557062853,-0.648783938664806,1.80402333789944,0.0865169705765261,0.238938428355043,-4.83042867185683
"O43592",-0.409896431947651,-0.215159627344439,-1.80332846882628,0.0866295100342483,0.23899389908061,-4.83152096263728
"O15260",0.547559718993392,-0.559549339642033,1.79968866517741,0.0872210865054416,0.240101704399648,-4.83723763978318
"P22307",0.431675380678224,0.111955234158335,1.79926935501091,0.087289461923653,0.240101704399648,-4.83789568301897
"Q9H4A6",-0.582397447995355,0.23479769411442,-1.79914523484632,0.0873097106907813,0.240101704399648,-4.83809044981068
"Q9UQ13",-0.51027640111662,0.0390927940275741,-1.79630480947146,0.0877742099468082,0.240638097284232,-4.84254498304012
"Q6PKG0",-0.531924382509789,-0.199059615917141,-1.79628607693822,0.0877772804194237,0.240638097284232,-4.84257434400524
"Q96JC1",-0.636515820149417,0.0255980214446631,-1.79624488134616,0.0877840331679036,0.240638097284232,-4.84263891231604
"Q9NR46",-0.360017371405652,-0.226331173532031,-1.79370465780693,0.0882012972457185,0.241380824520349,-4.84661832574142
"Q9NXJ5",1.38488404544997,-0.387911764398085,1.79345904917543,0.0882417327550213,0.241380824520349,-4.84700287449033
"P05455",-0.419864111444608,-0.457799274450594,-1.79234556498338,0.0884252519591896,0.241627141981506,-4.84874578437713
"P32004",0.501542957773301,-0.47304797845776,1.79076333119677,0.0886865981198341,0.241955383225447,-4.85122109351629
"O43396",-0.329868669108141,0.037867958864864,-1.79048540528852,0.0887325738095644,0.241955383225447,-4.85165573133745
"Q8IY17",1.03187939074276,-0.294368617560916,1.78957180740459,0.088883850849204,0.242112491512321,-4.85308413447744
"P07686",0.46570068157099,0.231225128946344,1.78882932487877,0.0890069587474428,0.242192619328568,-4.85424461810663
"P68133",0.836248277552608,-0.387749907246958,1.78575084441091,0.0895189681174728,0.243329687259377,-4.85905255704
"Q9Y4E8",-0.726063910932554,0.067905824476169,-1.78323468518488,0.0899393479597294,0.244215561424265,-4.86297788641645
"Q96MS0",-0.655284841079299,0.213621864008772,-1.77893674073297,0.090661372725246,0.245917784359665,-4.86967375311128
"P48163",0.453662757456356,0.633087667694833,1.77711881288498,0.09096827994059,0.246491618078014,-4.87250247197686
"Q9NV70",-0.659735847358958,-0.140160307443874,-1.7683381714739,0.0924633480158743,0.25020555627398,-4.88613611396126
"P22102",-0.604235096958617,-0.0929880996956606,-1.76791582783929,0.0925357925748987,0.25020555627398,-4.88679066420376
"Q8NCA5",-0.800377642630838,0.366407982579277,-1.76737116470689,0.0926292910461116,0.25020555627398,-4.88763462021478
"P56377",-0.699921830180955,-0.697699032892435,-1.76614772353295,0.0928396084125088,0.25051188700035,-4.88952966304161
"P16930",0.774633112250186,0.0696818614549642,1.76148948585587,0.0936441716075844,0.252419378108035,-4.89673638853799
"Q14683",1.28358338234793,-0.479760391029756,1.7588889293795,0.094095950196522,0.253372949227093,-4.90075373713666
"Q16629",0.569930769530143,-0.486353787125579,1.75789380938077,0.0942693234794869,0.253575651607153,-4.9022898717867
"Q9UNM6",-0.380757408529662,-0.0351970667524987,-1.75563101725405,0.0946645818594434,0.254374162273037,-4.90578054011072
"O60313",-0.551594396645226,-0.574304530879378,-1.7542785507011,0.0949015093309901,0.25465416287171,-4.90786535865064
"Q8N3F0",-0.476790171477051,0.436289832794817,-1.75391201511076,0.0949658077401659,0.25465416287171,-4.90843017138816
"O95248",-0.415531336111272,-0.140480086937614,-1.75334194910884,0.0950658845511179,0.254658353952995,-4.90930844500608
"P35579",0.32275134889051,0.0825956656152916,1.75231870705875,0.0952457460245051,0.254876038792283,-4.91088438875352
"Q9NRX4",-0.803835477045076,0.422321705159965,-1.74871239398573,0.095881991632381,0.256313286835269,-4.91643334688641
"Q16531",0.337115919653721,0.196592062715452,1.74786252087017,0.0960324633305061,0.256450328212147,-4.91773982623497
"Q99536",0.543272099018868,0.527275438573067,1.74708833894995,0.0961697108693488,0.256529030788819,-4.91892954862033
"P26639",0.358646707001939,-0.0498923969202437,1.74634725492241,0.0963012491215241,0.256529030788819,-4.9200680508342
"P55786",0.225950533357041,0.416826126281417,1.74601851890005,0.0963596475419509,0.256529030788819,-4.9205729649547
"P46940",0.509073195454338,0.176155153739179,1.74244344781896,0.0969967150426599,0.257959370766745,-4.9260595658309
"Q96PY5",-0.566902737753839,0.624090681585545,-1.74125269878985,0.0972097069005629,0.258028324624363,-4.92788517995773
"Q8N0W3",0.941209058584705,0.170238028276704,1.74078567732505,0.0972933539209483,0.258028324624363,-4.92860095376415
"P58549",-0.996931483040765,0.469731510905115,-1.74062528673616,0.0973220953612201,0.258028324624363,-4.92884674201471
"O43427",-0.634612724218962,-0.511403630665414,-1.73749154623363,0.09788511909662,0.259255156623732,-4.93364570198673
"Q8TE82",-0.599532938915616,0.581129942763298,-1.73657388960484,0.0980505195971993,0.259427423908659,-4.93504979884589
"Q16566",-0.492848343755844,-1.53487552380426,-1.73150750007193,0.0989680314642373,0.261587281528684,-4.94279212684005
"Q8N684",0.526710391913894,0.155728008139591,1.73015557731273,0.0992141057104908,0.261969829685004,-4.944855320525
"Q9UII2",0.557221769489895,0.327046491852933,1.72545922896758,0.100073015416203,0.263968106990699,-4.95201338257138
"P60520",0.331347655337946,0.232444805328216,1.72243127012533,0.1006301746966,0.265167177972183,-4.95662100366519
"Q5TF21",-0.358588058697157,-0.204131812597511,-1.72170608079614,0.100764007619961,0.265249449793888,-4.95772364196483
"O00194",1.07381470384206,-0.369027623958669,1.72071232326608,0.100947652583346,0.265365633934099,-4.9592340831179
"O95298",0.479095291205862,-0.973836079598708,1.72035661883409,0.101013456012051,0.265365633934099,-4.95977457391158
"P17612",-0.40320280984814,0.151239747831942,-1.71843145326586,0.101370240364023,0.266032559737056,-4.96269843492915
"P22059",-0.383182908351869,0.155330880298082,-1.71763157867322,0.101518795933574,0.266152218547961,-4.96391254738763
"P48444",-0.54057400419635,-0.39189543410751,-1.71615958667545,0.101792667520879,0.266599843507065,-4.96614577204697
"Q9UJU6",-0.508670050500182,-0.150969292277622,-1.71482712049168,0.10204112563598,0.266980070616404,-4.96816610788075
"Q6L8Q7",-0.739686608772319,0.0375136588922517,-1.71201302722628,0.102567563767832,0.267913771183141,-4.9724291670935
"Q14141",-0.62856689647107,-0.417394469113726,-1.71181192091162,0.102605274070139,0.267913771183141,-4.97273362592085
"Q9H444",0.408758372331065,0.351877263296639,1.70926040039748,0.103084752836722,0.268734633651386,-4.97659414663993
"Q68D91",0.467426329657389,0.0192475854281673,1.70903307023444,0.103127565408965,0.268734633651386,-4.97693789854899
"Q9NUB1",-0.443238768398015,0.120689228768664,-1.70811809413673,0.103300034780339,0.268912980772585,-4.9783211187352
"P28070",0.431575913042358,0.441568802345637,1.70515992903781,0.103859328014266,0.270096944584384,-4.98278942021729
"Q9BRX8",0.489944772124145,-0.597981551066794,1.70372657630842,0.104131259382643,0.270447685522951,-4.9849524499791
"Q8TC12",-0.637615167553097,0.637255216492551,-1.70334664468433,0.104203440921029,0.270447685522951,-4.98552556929988
"P13473",0.552662321797554,0.834966181843464,1.70276220371668,0.104314559856682,0.270464530821988,-4.98640700346291
"P10155",0.390052249096149,0.287078678692336,1.7015708494995,0.104541384279826,0.27057326274789,-4.98820307487929
"A6NGB9",0.868445508252824,0.442160590636373,1.70080373689018,0.104687659599454,0.27057326274789,-4.98935907531128
"P30043",0.517835735107223,0.0907099919598617,1.7003194793729,0.104780089355182,0.27057326274789,-4.99008862974732
"Q15555",-0.473933942671746,-0.334685886343158,-1.70022698070749,0.104797752419517,0.27057326274789,-4.99022796550991
"A1L0T0",0.281335514666922,-0.133856202483725,1.69979722961984,0.104879848848505,0.27057326274789,-4.99087524973804
"O60784",-0.382555596167119,0.0291862418830498,-1.69879116411049,0.10507225512882,0.270799381363908,-4.99239009847484
"P42566",-0.756322398774727,0.438476856461009,-1.69565753278603,0.105673485050116,0.272077648261505,-4.9971042229143
"Q9NPJ3",0.40956839076421,-0.00171665320148432,1.69360545996482,0.106068793877764,0.272823713605991,-5.00018781207882
"Q8N9N7",-0.489219301712806,0.244691940812662,-1.69146511281616,0.106482452720447,0.273614859922794,-5.00340111294892
"P09429",0.66380179707839,-0.646299688294616,1.69091976142392,0.106588071157545,0.273614859922794,-5.00421936886373
"P28072",0.363541155871509,0.157579267500893,1.69036312942429,0.106695966526414,0.273620112570218,-5.00505434947543
"P60201",-0.820626625954184,0.874879996192542,-1.68881859635272,0.106995841117184,0.274117194537088,-5.00737017592977
"Q99714",-0.667957195463818,-0.571786919462352,-1.68801508956458,0.107152127981589,0.274245792903373,-5.00857431118975
"Q99523",-0.338766124314566,0.533567520004377,-1.68437127461874,0.107863318251662,0.275792955173637,-5.014029612772
"Q5T013",0.4090922708241,0.549890079136229,1.67933903289089,0.108852112473818,0.277985082503828,-5.02154922861583
"Q9UNE7",-0.449981939103852,-0.100196324761613,-1.67891521725552,0.108935740261655,0.277985082503828,-5.02218176952432
"Q9UM54",-0.43467088814527,-0.0825036424447157,-1.67650777111076,0.109411819370628,0.278924608553326,-5.0257726128963
"P51148",0.336151785893748,0.453173196485516,1.67485102694915,0.109740473227952,0.279486820979564,-5.02824151928924
"Q9P2T1",0.446600870006379,0.0688312713505084,1.6708333540355,0.110540963746333,0.281248416618377,-5.03422118490066
"Q9UHD9",-0.370266264784188,0.447940894843629,-1.66921616604325,0.110864575295686,0.281794421965927,-5.03662509610556
"Q9UJW0",-0.382565663338961,0.299821117928907,-1.66685179519863,0.111339153482341,0.281899688653578,-5.04013655745046
"Q9Y4I1",-0.506956021714742,-0.567687160892812,-1.66648385791877,0.111413161171465,0.281899688653578,-5.04068266863047
"Q8N3E9",1.62724185469876,-0.260044552335975,1.66647438482109,0.111415067162519,0.281899688653578,-5.04069672789662
"Q15813",-0.692021715128242,-0.304248202478555,-1.66642506646441,0.111424990483401,0.281899688653578,-5.04076992156708
"Q9NZ32",-0.331335167815288,0.525493834994286,-1.66629457506025,0.111451250214296,0.281899688653578,-5.04096357686173
"Q7Z3D6",-0.750642541449168,-0.452867040433978,-1.66338693998514,0.112037740367427,0.283106118132745,-5.04527570966622
"Q13303",0.449316299155262,-0.00058824380840749,1.66225798746332,0.112266163494488,0.28340628186841,-5.04694847509174
"P05067",0.558009673693361,0.512281254125494,1.6603139316817,0.112660434985255,0.283987608492805,-5.04982698984887
"O00584",0.861022983464309,0.389680281458297,1.66003960723273,0.112716164918227,0.283987608492805,-5.0502329727125
"Q00610",-0.519499887015787,0.0551523227048998,-1.65874689043964,0.112979099770153,0.284372904484757,-5.0521454375158
"Q9UHL4",0.475083686958542,0.441116328272859,1.65809271294711,0.113112355840137,0.284431361718632,-5.05311281342209
"O95671",-0.625642083641688,-0.0936748674680351,-1.65655257694867,0.113426608560714,0.284944395655438,-5.05538918903904
"Q9ULZ3",0.911645968447482,0.646542308151939,1.654415777481,0.113863832299793,0.285765054849481,-5.05854483415281
"O60506",-0.273429113940647,-0.0695497014259797,-1.64722480347543,0.115345733430449,0.288600188264517,-5.06914211952571
"Q6IQ20",0.803021232542632,0.537680549050757,1.64686456400853,0.115420398600764,0.288600188264517,-5.06967209139296
"P37235",0.58455035780253,-0.808650244481344,1.64680714745052,0.115432302846645,0.288600188264517,-5.06975655261509
"P02794",-0.830656932547443,-0.01599465431916,-1.64595099418158,0.115609933543631,0.288600188264517,-5.07101571376614
"Q16401",-0.750854344138279,-0.531119503243218,-1.64575028925038,0.115651608342827,0.288600188264517,-5.07131082327641
"Q7Z406",-0.467698726889307,-0.133888265183716,-1.6456936870059,0.115663363652627,0.288600188264517,-5.07139404435342
"Q9UFN0",0.449191619295881,0.284131387913386,1.6439979926358,0.116015999537243,0.289200924593802,-5.07388619112141
"Q92973",-0.492860165001888,-0.638589049783959,-1.64169586676774,0.11649620470394,0.290118197649022,-5.0772665157505
"Q9H1K1",-0.448832887460754,-0.0764351962199935,-1.64086583239544,0.116669755282886,0.290270757850107,-5.0784844227302
"Q9BV20",-1.0395281674182,0.133900690271059,-1.63988996875834,0.116874076758571,0.290499508097026,-5.07991571216314
"O14737",0.280014035102094,0.368128991775592,1.63591237380153,0.117710019084139,0.292105499721894,-5.08574298136525
"P15121",0.303684573617724,0.200969221119764,1.63464830238256,0.117976735799456,0.292105499721894,-5.08759264364971
"A6NGN9",-0.89718589417712,-0.719732686209772,-1.63414495636308,0.118083082938851,0.292105499721894,-5.08832886866755
"Q9H0R4",0.342272311504194,0.419104456913586,1.63391519457663,0.118131654014416,0.292105499721894,-5.08866487565685
"Q8TEA8",0.335866935274408,0.655598690122823,1.63377180390778,0.118161975001729,0.292105499721894,-5.08887455421471
"Q8NFX7",0.712094828864225,-0.334902181145271,1.63360052294904,0.11819820220855,0.292105499721894,-5.08912499824682
"Q16181",0.240675262005819,0.311422521739984,1.63238206857299,0.118456185323947,0.292463456602105,-5.0909060296074
"O95202",0.514328661828673,-0.340100934044883,1.63131440354769,0.118682632627113,0.292742944027754,-5.0924658261658
"Q9Y305",0.348262144154788,0.136520167996291,1.63031307009994,0.118895343359674,0.292988048221885,-5.09392801638643
"Q6NVY1",0.405417321996292,0.107237137928799,1.62628277437793,0.119754746282082,0.294824780132555,-5.0998063713179
"Q9Y295",-0.543461873933903,-0.42464010005522,-1.62560824256643,0.119899091318641,0.294899287401225,-5.10078913016156
"P35498",1.71977682654218,0.242942597918734,1.62486084847689,0.120059199734947,0.295012387181406,-5.10187768568062
"Q9Y5R8",-0.547704898132778,-0.182492239236124,-1.6238357162611,0.120279099079933,0.295272052347223,-5.10337014210782
"Q99832",-0.228791916465711,0.16377160434119,-1.62308069311326,0.120441274897306,0.295389654278497,-5.10446889992427
"Q9NZH0",0.585426543206009,0.499847402439538,1.62247511352848,0.120571484062766,0.295428707395498,-5.1053498984929
"P55196",-0.445760127671149,0.0208375878159058,-1.6183740075035,0.121456412913625,0.29731517744481,-5.11130964439013
"Q92581",0.563413509760547,0.0857460756967044,1.6117995518493,0.122886448198776,0.300531190722645,-5.1208398027288
"Q10567",-0.335762428090072,-0.203426683562069,-1.61049907938896,0.123170990957506,0.300942355033226,-5.12272144349316
"P61586",0.295919735385267,0.576749709198029,1.60980421590731,0.123323253776609,0.301029849870194,-5.12372636144544
"P02545",0.503811724374986,0.444360816916687,1.6091244538938,0.123472360605145,0.301109483173867,-5.12470912048996
"Q9Y4D1",0.393997700566989,-0.449446088306881,1.60859380444613,0.123588864698428,0.301109533690327,-5.12547608219063
"P02787",-0.633183947360866,0.585852452007712,-1.6072501029056,0.123884287770115,0.301545088404657,-5.12741730909874
"Q5VUB5",0.926341013615679,-0.252968918056759,1.60626263213321,0.124101768974991,0.301694665344883,-5.12884310749442
"Q8N3V7",-0.54740212240332,-0.130769036734106,-1.60552312213413,0.124264849176878,0.301694665344883,-5.12991044122468
"P22626",-0.410089708826074,-1.22410217103344,-1.60534651568864,0.124303821881725,0.301694665344883,-5.13016528170543
"P62244",0.349055057033099,0.0836335609156969,1.60485393025144,0.124412577662532,0.301694665344883,-5.13087596238563
"Q8WUY1",0.676939862752109,-0.821201259780633,1.60186044554505,0.12507521633612,0.302756005542778,-5.13519125783146
"Q9Y263",-0.662887999551109,-0.456482870599804,-1.60181863348699,0.125084492812258,0.302756005542778,-5.13525148904879
"Q9BX68",-0.431351324867054,-0.177898884694965,-1.59915368357691,0.125676934802998,0.303905403616231,-5.13908793618901
"P42262",-0.67419944716341,-0.878983067025553,-1.5955554497005,0.126480588679372,0.30551221004635,-5.14426019757679
"O75347",0.337481658484175,0.206723630552128,1.59512156466706,0.126577786057888,0.30551221004635,-5.1448832820059
"P24588",-0.71210346891028,-0.176671517993659,-1.59271044215606,0.127119058869754,0.306532432069322,-5.14834343591586
"Q13011",0.376947277834885,0.405156414979116,1.59024993495601,0.127673416674295,0.307582275958111,-5.15187033360485
"Q92686",0.749079938887496,0.358834264918886,1.58828139910112,0.128118389272404,0.308366886656577,-5.15468903287342
"O76094",-0.471925804321543,-0.211129875125049,-1.58496602055626,0.128870740540724,0.30988917609095,-5.1594301976882
"P24043",1.02553997465079,1.3274886462341,1.582631292005,0.129402770891457,0.310879333414885,-5.16276442315089
"Q9UK45",0.703468537430711,0.0938870780046985,1.57940700867017,0.130140529527241,0.31217858869119,-5.16736281880007
"P61020",0.324733978108806,0.230592417574951,1.57921264965381,0.130185113581858,0.31217858869119,-5.1676397788153
"O95848",-1.27616883339973,0.165052513538624,-1.57775477079562,0.130519943906906,0.312691431880772,-5.16971640927743
"Q12846",0.442094260005197,-0.0706705344115862,1.57677974596083,0.130744278733064,0.312832866194617,-5.17110443056412
"Q07954",0.340961201537168,-0.108928442130389,1.5764465408151,0.130821016772294,0.312832866194617,-5.17157862193741
"P02765",1.0291071098425,-0.40000593309025,1.57401200670382,0.131382838981541,0.313885987770132,-5.17504092017505
"Q14247",-0.275491645317744,-0.0781079412998552,-1.57339392250086,0.131525795744867,0.313937379501829,-5.17591927970107
"P21266",0.637899106333223,-0.0871305816957523,1.5723095354385,0.131776917532174,0.314246616070729,-5.17745966054615
"P04271",0.751841184750031,0.24117804686756,1.57047471086324,0.13220273668093,0.314971497069314,-5.18006418120999
"Q8IWA5",0.327143897388599,0.23635234581664,1.56969685198477,0.132383605465332,0.315083872083522,-5.18116763919216
"P05060",0.54936249623529,0.0799961614676247,1.56922388022702,0.132493682380963,0.315083872083522,-5.18183838326446
"Q07157",-0.401452120058264,-0.064527161644243,-1.56797714854068,0.132784205971047,0.31534088189748,-5.1836056868187
"P18206",0.381014497837824,0.0248641252016567,1.56771340694973,0.132845733224896,0.31534088189748,-5.18397941470264
"Q9UBV8",0.312206654902292,0.296447478617167,1.56631983910655,0.133171228077525,0.31582350878936,-5.18595332718743
"P78417",0.32079174054113,0.506552033451842,1.55831750699226,0.135053221490482,0.319703438359323,-5.19726194050055
"Q14108",0.343293244938755,0.312067914663361,1.55807999277713,0.135109416863571,0.319703438359323,-5.19759690285072
"Q9NR31",-0.518666056378897,-0.655455187035904,-1.55778904226522,0.135178281673787,0.319703438359323,-5.19800717168246
"Q16798",0.356251851072731,0.571599889993399,1.55477552956601,0.135893266709367,0.321071365356063,-5.2022530320205
"Q9NR45",-0.615759754675559,-0.0898266891952735,-1.55376590532123,0.136133512158595,0.321071365356063,-5.20367410849929
"Q9NQR4",-0.36359319514455,0.54255183138787,-1.5534840644344,0.136200640716778,0.321071365356063,-5.20407068031854
"P62195",-0.319534167700496,-0.230441956747939,-1.55326223047121,0.13625349624588,0.321071365356063,-5.20438277856797
"P53999",0.424964194883901,-0.0271075105653828,1.55130130721225,0.136721459959034,0.321880668482789,-5.20714009927414
"P31153",0.267688801901136,0.370659178217602,1.55039743007437,0.136937614693644,0.32209620926576,-5.20841016206835
"Q96DE0",0.444085386946178,-0.0584749089369953,1.5495839685687,0.137132389984454,0.322261116463467,-5.20955268838945
"Q5GLZ8",-0.432077451652893,-0.862588496599992,-1.54561151015932,0.138086864719172,0.323978792295522,-5.21512541443198
"O14976",-0.907926578508661,-0.882733948642696,-1.54526713398667,0.138169868194787,0.323978792295522,-5.21560799595327
"Q9Y277",0.540469568456956,-0.879613646284597,1.54467085114458,0.138313685559487,0.323978792295522,-5.2164433819309
"O95352",0.314609695337536,0.323412428600354,1.54429163219896,0.138405213932553,0.323978792295522,-5.21697453331426
"Q12756",-0.400873619742942,-0.152443017498342,-1.54394066886135,0.138489967306209,0.323978792295522,-5.21746601827431
"Q9UKF7",0.782045963253657,-0.0874240513768006,1.53915600274417,0.139649707157727,0.326223759688845,-5.22415774015963
"P61960",0.33604694228633,0.524327783444708,1.5388257977254,0.13973004063804,0.326223759688845,-5.22461896080795
"P35606",-0.612693291155985,-0.224799309536215,-1.53842248858807,0.139828211116147,0.326223759688845,-5.22518218659015
"P62328",0.395117710594094,0.514263267179949,1.53748563334694,0.140056474018797,0.326461663966267,-5.22649007173276
"P15954",-0.380005467571444,-1.18372774726678,-1.5364489023892,0.14030943127417,0.326756648507865,-5.22793666358955
"Q9Y3Q8",-0.839866396763779,0.312733075786091,-1.53489235446002,0.14068993198406,0.327180094018548,-5.23010714847917
"Q9UNS2",-0.489117217300098,-0.0188313039801199,-1.53466983764582,0.140744396343762,0.327180094018548,-5.23041729072066
"Q5JSH3",-0.387548840375745,0.445237879972702,-1.53377751105376,0.14096298223029,0.327393808684008,-5.23166065644314
"P00533",0.625317764520871,-0.767612122828474,1.53169544002243,0.141474103245418,0.328285957710419,-5.23455961501366
"Q16778",0.599212375006284,-0.651411827216493,1.52859541451773,0.142237959909999,0.32950828233003,-5.23887021887456
"P62310",0.396841521318858,-0.0163128944826928,1.52852317716176,0.142255800031069,0.32950828233003,-5.23897058401037
"P31150",0.239910089761373,0.367728044430328,1.52474552685439,0.143191330479142,0.331378325235974,-5.24421400799242
"P19338",-0.365550820934369,-0.372268920885762,-1.52384497544121,0.143415099929,0.331599314236551,-5.2454624860713
"Q99784",-0.589343523131258,-0.386036328857413,-1.52326665077083,0.143558954620659,0.331635297314034,-5.24626394121844
"P67775",-0.284392443014264,0.371890624051073,-1.52038376325701,0.144277834292591,0.332997265872856,-5.25025555708609
"Q9H9S4",0.431824777856317,-0.0660833653360563,1.51987037556431,0.144406164426875,0.332997265872856,-5.25096576697643
"O00625",0.512446122613722,0.124856035158717,1.51396543079732,0.145888992603102,0.33603016904063,-5.25912101987658
"P54727",0.254796509946559,0.239898452507769,1.51330166302406,0.146056457788053,0.33603016904063,-5.26003618439304
"P13591",0.393417450779896,0.659725597270417,1.51290320299167,0.146157063294219,0.33603016904063,-5.26058540660308
"Q8TBG9",0.841561402076183,-0.964671587804049,1.51256947231963,0.14624136950511,0.33603016904063,-5.26104532090308
"Q99613",-0.7084259161968,-0.661791142545245,-1.51135671707449,0.146548070243055,0.336282931356236,-5.26271594800223
"Q99436",0.348802888467582,0.538242511164043,1.51110595635223,0.146611552664789,0.336282931356236,-5.26306125127118
"P20020",-0.457125313872147,-0.420461088002259,-1.51034033410992,0.146805517307949,0.336429310497383,-5.26411525203795
"Q15811",-0.360225304072891,-0.0678483328006194,-1.50871403465902,0.147218229523352,0.337076282832476,-5.26635271842831
"Q96C86",1.45835642418307,0.32531524001498,1.50799338064202,0.147401417920172,0.337197048958979,-5.26734358967891
"P00505",0.396449537923253,-0.159865937229758,1.50599807837484,0.14790959801794,0.33790880425307,-5.27008510928109
"Q9BZ23",-0.579384543376938,0.414326549526193,-1.50574565127131,0.147973990876006,0.33790880425307,-5.27043173729703
"P05771",-0.54229334343315,-0.198313385256022,-1.50398050682787,0.148424915128373,0.338287413199458,-5.27285432096004
"Q5TFE4",-0.525080880868454,0.292910815528852,-1.50367112732574,0.148504065611174,0.338287413199458,-5.27327870031478
"O43678",-0.667276142512661,-0.473456779336435,-1.50356046872382,0.148532384518911,0.338287413199458,-5.27343047526919
"Q96A00",-0.953998151567016,0.964251041505759,-1.50217484245001,0.148887359642167,0.338709651621904,-5.27533020031174
"Q08623",0.372483829149578,0.191110933878753,1.50181431535683,0.148979835162129,0.338709651621904,-5.27582426483655
"P60891",0.269179275813565,0.413681457723249,1.49891809166683,0.149724433836143,0.340103393204243,-5.27978984229497
"O43169",0.574025615906681,-0.400806471532942,1.49820112342132,0.149909232807994,0.340224202641495,-5.28077059959921
"Q9UPQ0",-0.609365837011537,-0.175495868171044,-1.49554531752529,0.150595401602385,0.341481678194881,-5.28440031010957
"Q9NVA2",0.33231701066004,0.323411097654607,1.49403499773389,0.150986765206569,0.34206905176072,-5.28646220716238
"P63220",0.357207198998816,-0.117094088930988,1.4920566586877,0.151500667470149,0.342932771812904,-5.28916055587296
"P01034",-0.630302615816128,-0.123013257349312,-1.49143516396907,0.151662405672277,0.342998529013854,-5.29000765794108
"Q9Y4J8",0.474254775851252,-0.446767665726044,1.490298765046,0.151958509165394,0.343367785133341,-5.29155585655789
"P21926",-0.673345055205858,1.19024688131906,-1.48584762053519,0.153122881023987,0.345696635324896,-5.2976109779875
"Q9UBB6",-0.389957982763231,-0.13888373309782,-1.48368084534926,0.153692326118664,0.346509721251805,-5.30055336152357
"Q96F85",-0.304020737118286,0.394510566858562,-1.48345749806395,0.153751121963567,0.346509721251805,-5.30085646361491
"P21796",0.537972281317793,-0.686866528134491,1.48189236717965,0.154163657299486,0.346918465292726,-5.30297946986045
"O14880",0.470074336402608,-0.482859326302718,1.48175125420198,0.154200896178469,0.346918465292726,-5.30317079380179
"Q86VS8",-0.565614714668241,0.249747826620005,-1.48096424612494,0.154408718010141,0.347083944396709,-5.30423757078136
"P14174",0.408592013744814,0.347450965165732,1.47884001278673,0.154970799636052,0.347833945932468,-5.30711468982061
"P16402",1.08908124981776,-4.15503411826659,1.4786864735921,0.155011491572226,0.347833945932468,-5.30732252040258
"P28161",0.347679831340287,0.261481160027823,1.47499641353184,0.155992086422938,0.349534106843525,-5.3123122267102
"P10412",0.818278584096379,-0.457465035897675,1.47481810789502,0.156039597407129,0.349534106843525,-5.31255308097449
"P68371",-0.436931122088042,-0.357521309725212,-1.47182878045877,0.156837890357745,0.351018135562573,-5.3165875990392
"P25686",0.311905455644593,0.282018209330632,1.47119252441449,0.157008230862614,0.351095395138286,-5.31744547544309
"O94826",-0.496087615376735,-0.505862609341481,-1.46990697224195,0.157352863967511,0.351189360107189,-5.3191779094234
"Q99447",-0.417291507585765,0.0175314567728433,-1.46911524550611,0.157565418565915,0.351189360107189,-5.32024425502683
"O95140",-0.660480296396223,-1.43379434933238,-1.46880278627185,0.157649368852016,0.351189360107189,-5.32066496815706
"P49458",0.289089352018459,-0.419079741053008,1.46815848419551,0.157822592572262,0.351189360107189,-5.32153226857399
"Q96CT7",0.456391590702602,0.268477887513534,1.46805058167735,0.157851617862177,0.351189360107189,-5.32167748742034
"P62633",1.71487350424812,-1.68261008219732,1.46799938420495,0.157865391274489,0.351189360107189,-5.32174638772996
"Q96RQ3",-0.890850968748999,-0.390420003269784,-1.46659425456256,0.158243789526146,0.351475619346321,-5.32363662947104
"P00558",0.273036539088539,0.242206287584296,1.46651184856311,0.15826600422403,0.351475619346321,-5.32374744083351
"P01303",0.485363251240355,0.0679482098249889,1.46473762472137,0.158744910005242,0.352236559968712,-5.32613203586199
"Q9UHY7",-0.460855445374298,0.442685978908592,-1.46386582772771,0.158980661590666,0.352457127111383,-5.32730290622797
"Q7Z7A4",-0.979379407389068,-0.289673784226057,-1.46318481312364,0.159165020230665,0.35250017088301,-5.32821715865897
"Q13332",0.373845106409105,0.0172310300263322,1.46278695948306,0.159272804484083,0.35250017088301,-5.32875111443149
"O75884",0.341502103316724,0.0554267225533091,1.46168956692781,0.159570412188234,0.352856728405975,-5.33022331434053
"P20810",0.285090868089665,0.328523379447062,1.46061822273369,0.159861392608534,0.353166550255567,-5.33165971830387
"Q9BZF1",-0.673833565072175,-0.589837588395459,-1.46016814434537,0.159983764158325,0.353166550255567,-5.33226290969977
"Q9Y2S2",0.443682123948136,0.250908996532873,1.45904537365307,0.16028936618453,0.353539259033285,-5.3337669905864
"P28074",0.294005716098255,0.231662283633434,1.45835524287267,0.160477445611776,0.353652341778721,-5.33469104166376
"Q9UPW5",-0.504982130694503,0.96473585694915,-1.45635152218922,0.161024532252986,0.35437896156346,-5.33737194462702
"Q15459",0.54834421862128,-0.372504239022983,1.4561437572825,0.161081346165209,0.35437896156346,-5.33764975762928
"Q7Z7K6",1.00565579690608,-1.37825476710222,1.45442177930167,0.161552854019401,0.355114054115776,-5.33995108147564
"Q99963",-0.520571483123138,0.46445656435841,-1.45191873315142,0.162240233185921,0.356322007464406,-5.34329237144783
"P84090",0.455025236504621,0.254309649522767,1.44966703271752,0.162860618006972,0.356769944231118,-5.34629420453076
"P50416",0.556599287023763,-0.928534037894734,1.44935696310658,0.162946198660398,0.356769944231118,-5.34670727849046
"Q8IXJ6",-0.602693340857737,1.03780514040713,-1.44913165697398,0.163008407114448,0.356769944231118,-5.34700738633495
"Q9BY67",0.441159774309719,0.0705547957462958,1.44890653984882,0.16307058264865,0.356769944231118,-5.34730720507581
"Q6UW68",0.375710639956222,-0.0228566063644989,1.44867604061877,0.163134264634886,0.356769944231118,-5.34761415320603
"Q01970",0.599712793125052,0.380341665434799,1.44709742725186,0.163570944640554,0.357384601217303,-5.34971528765859
"Q13825",0.347787891111626,-0.152092133186257,1.44607056479405,0.163855507046232,0.357384601217303,-5.35108105542043
"P13639",-0.254199278423737,-0.12916075043891,-1.44599100703727,0.16387757072141,0.357384601217303,-5.35118683792989
"P02686",-0.928434981351677,0.590860216482698,-1.44566383078247,0.16396833154496,0.357384601217303,-5.35162181274269
"P13010",-0.422911191368931,-0.81502276584104,-1.44029390056333,0.165463822498009,0.360340337959016,-5.35874974261785
"Q9BQI5",-0.305620041429778,0.0573033486860483,-1.4391271620286,0.165790209558851,0.360747215243796,-5.36029562799535
"Q96PE3",-0.483861746363815,-0.160743432752864,-1.43661372024253,0.166495100096473,0.361819414674281,-5.36362242262269
"Q07666",-0.396599785332871,-0.851943357126813,-1.43637240990673,0.166562902693383,0.361819414674281,-5.36394157516082
"Q9H115",-0.347694880133252,0.129759633998851,-1.43534555737498,0.16685167444739,0.362142383246434,-5.3652991887156
"Q9BZE9",1.07194647879291,-0.88415802909766,1.43416197973419,0.167185023179813,0.36256148063743,-5.36686304081809
"Q92831",-0.361582510084223,-0.045143383793394,-1.43359440223625,0.167345069668152,0.362604363027806,-5.36761260815494
"P68104",0.334429876059808,-0.0544873875002666,1.43294763960175,0.167527596037876,0.362635603927705,-5.36846645952635
"Q99250",-0.476900672501428,-0.438706964213464,-1.43254943095251,0.167640056748011,0.362635603927705,-5.36899201735681
"P40227",-0.193451708098846,0.0114401208734937,-1.43026428862461,0.168286600139562,0.363665776910921,-5.37200568425147
"Q9NZ45",0.64417943146728,-0.537576174636412,1.42987249560122,0.168397653757204,0.363665776910921,-5.3725219950993
"Q6GMV3",0.45089026945995,-0.223785595227531,1.42897094344371,0.168653423499901,0.363914106633759,-5.37370964116799
"Q86Y22",-0.551911363537055,0.544351692593898,-1.42663320460429,0.169318101399914,0.364646678379502,-5.37678641127
"Q96JE9",0.299549589884411,0.323193726300879,1.42651358454072,0.16935216922864,0.364646678379502,-5.37694373760649
"Q92506",0.325528420725962,0.0769914076307753,1.4262891038601,0.16941611633802,0.364646678379502,-5.3772389496682
"Q9H0C8",1.22284483769916,-0.0362180055284739,1.42506482234923,0.169765216930722,0.365094081336036,-5.37884832873641
"O43390",-0.359911132522045,-0.851873693921639,-1.42299790024777,0.170355912290982,0.365826119445997,-5.38156286819885
"P20073",0.23431626157106,0.296480218283026,1.42288353274447,0.170388645188774,0.365826119445997,-5.38171297691978
"P05129",-0.612666357198486,-0.0995429301004316,-1.42189370054407,0.170672155248072,0.366130723084039,-5.38301173625383
"Q3YEC7",0.292853051370856,0.0713840002513241,1.42100807356825,0.170926141145923,0.366307605149752,-5.38417314870175
"Q99598",0.333429246235191,-0.000491789083976941,1.42061830151932,0.171038019116344,0.366307605149752,-5.3846841109371
"Q92522",0.719614278103875,-0.726210281580673,1.41968636807342,0.171305755508338,0.366577299659813,-5.38590534707721
"Q9BR76",-0.418174348338746,0.155055422989901,-1.41623845416022,0.172299250861454,0.3683983155309,-5.39041796954952
"P23526",0.30169257526715,0.702380169388862,1.41548430083545,0.172517173234695,0.368559415546849,-5.39140382003703
"Q5VW32",-0.605504671816269,0.384403073577896,-1.41312688981512,0.173199809880983,0.369712228358663,-5.39448275145162
"O15484",0.41905826549301,0.522363954319581,1.41009062833244,0.174082224145252,0.371289232190988,-5.39844217663744
"Q96A49",-0.553937462590357,-0.0435341737946648,-1.40819506466238,0.174634954420138,0.371983450191715,-5.4009105768195
"Q96FJ2",0.457763256901291,-0.185809547761654,1.40798766531645,0.174695515873401,0.371983450191715,-5.40118048841489
"P49441",-0.336776583509311,0.39429374803986,-1.40600042985556,0.175276653200691,0.372913702488714,-5.40376506053777
"Q16543",-0.230007770725091,0.110374789835777,-1.40534172058118,0.175469625417394,0.37301725469076,-5.40462111498495
"Q15417",0.450093989128818,0.314904974336826,1.40244103750225,0.176321427140782,0.374520040393526,-5.40838694660101
"Q9P2J5",-0.646283575917425,-0.91250262509391,-1.40075577378965,0.176817837223313,0.375266099525669,-5.41057194669065
"P30086",0.309544262207356,0.394246068879213,1.39647368590689,0.178084212765715,0.376992235799291,-5.41611419796897
"Q9H3P7",0.651570982140286,-0.0011033465656862,1.39614905718251,0.178180513600912,0.376992235799291,-5.41653379739864
"P12956",-0.460337381030792,-1.03378692463045,-1.39603555663452,0.178214193290585,0.376992235799291,-5.41668048398641
"Q7Z4S6",-0.349996795405493,-0.494303500394155,-1.39603448445614,0.178214511468756,0.376992235799291,-5.41668186960908
"Q4VC31",0.434890415586932,-0.521021443069559,1.39510722293591,0.178489854858292,0.377265964684124,-5.41787988536512
"Q86VP6",0.219706995453574,-0.121749138265361,1.39399993339291,0.178819102789156,0.377653088815333,-5.41930964647486
"P49589",-0.22326383531376,0.414374101573484,-1.39350620689769,0.178966067091177,0.377654925249545,-5.41994686075696
"Q14444",-0.53556862269955,-0.278717724668959,-1.38994612138278,0.180028640406538,0.379587304609217,-5.42453613645432
"Q15286",-0.342762284576704,0.0701663159302919,-1.3867788981048,0.180978195848728,0.381193373773783,-5.42861092369797
"Q7Z4G1",-0.646323364201304,0.196886876850039,-1.38642253746281,0.181085285490989,0.381193373773783,-5.429068923977
"Q9HCM2",-0.543302258578285,-0.091433407559756,-1.38537014763665,0.181401834096747,0.381329656542523,-5.43042091058856
"Q52LJ0",-0.372860390712829,-0.472378938672785,-1.38522655708834,0.181445059012496,0.381329656542523,-5.43060531379853
"Q92777",0.525667227049679,0.50315008378601,1.38383144901508,0.181865455713752,0.381811658749776,-5.43239613948704
"P05388",0.363454316040205,-0.182619247337968,1.38348553722981,0.181969811829681,0.381811658749776,-5.43283993976613
"O43488",0.339566604078936,0.357752936819735,1.38076875698208,0.182791085908783,0.383223809468129,-5.43632237834612
"Q9GZN7",-0.610513266524314,-0.83746116548086,-1.38001015907931,0.183020935525122,0.383394747433096,-5.43729376843883
"Q15046",-0.314578089017827,-0.700998708547878,-1.37853449658332,0.183468711395939,0.384021553812551,-5.43918211328715
"P43686",-0.330746571484842,-0.0106671528039442,-1.37779501273841,0.183693429402438,0.38418083738293,-5.4401277783565
"P13521",0.477619555302134,0.465113434535758,1.37651796561864,0.184082021831554,0.384682317247022,-5.44175991037224
"Q16698",0.355164860051226,-0.0949276715495191,1.37493176580712,0.184565598922098,0.385381319235559,-5.44378542885071
"Q99435",-0.661294794772436,0.614934281227692,-1.36971102592646,0.186164375734721,0.388192938310466,-5.45043859492591
"Q6ZMI0",-0.633415081238807,0.357745288234298,-1.36955451949722,0.186212473309469,0.388192938310466,-5.45063772175658
"P33402",-0.401706583685268,-0.425019236044476,-1.36867552202935,0.186482790753851,0.388230453225192,-5.45175574394541
"Q12974",-0.42409461265124,0.0709240449746095,-1.36851938347178,0.186530840582471,0.388230453225192,-5.45195427943243
"Q4J6C6",-0.372598980176326,-0.275603991229364,-1.3675831376254,0.186819166093579,0.388517734796381,-5.45314435771344
"P07741",0.379658357049695,0.227489917983905,1.36559551070475,0.187432449576064,0.389479808805568,-5.45566864667214
"P43121",-0.507451524026782,-0.152124577625211,-1.36117131454515,0.188803285726679,0.392013247874269,-5.46127654446312
"Q14232",1.0374479470811,-0.823939639343034,1.35931270207896,0.189381547009744,0.392604393574407,-5.46362796561457
"P13667",-0.314749828659016,-0.190590940235828,-1.35927994247062,0.18939175194866,0.392604393574407,-5.46366938767048
"A1Z1Q3",0.300991663245439,0.0761360602294569,1.35869368356257,0.189574451166926,0.392668234187903,-5.46441052890043
"A6NL28",0.636499524815072,-0.736593772550105,1.35712712929969,0.190063331846924,0.393080105173989,-5.46638965542162
"P48643",-0.220460583649591,0.0788271806838648,-1.35708203212848,0.1900774202969,0.393080105173989,-5.46644660166337
"Q96DB2",-0.511490207282074,0.75084065613552,-1.35284611188493,0.191404428301297,0.39550795136599,-5.47178853560285
"Q9UPN3",-0.332151945227673,0.0984356779837108,-1.35163513559552,0.191785143628808,0.395978112045102,-5.47331317050239
"P39656",0.500489178142156,-0.636143770112908,1.35002766208033,0.192291439066078,0.396706600148294,-5.47533526002352
"P49593",-0.45945240735412,0.450533960244205,-1.34914623117459,0.19256950660935,0.396963456606993,-5.4764431953629
"O00232",-0.312672268305648,-0.298644293624789,-1.34232237262598,0.194733033207476,0.400874640021911,-5.48500036866832
"Q9NVE7",-0.313718297736431,-0.000595295895549527,-1.34218431877505,0.194777001109292,0.400874640021911,-5.48517311899513
"O95834",0.496549330665697,-0.336420618065525,1.33993615750276,0.195494108368233,0.40203044561009,-5.48798423134129
"Q02818",0.322622986023234,0.225045149851076,1.33907465465407,0.19576945822859,0.40224973289479,-5.48906042494555
"P26368",0.319282628690811,-0.357868781830747,1.3386291803394,0.195911958883768,0.40224973289479,-5.48961668883348
"P60983",0.322226209618414,0.498400593637785,1.33599577043883,0.196756021192182,0.403342555540187,-5.49290189590976
"Q15637",0.516070778827938,-0.341336107433277,1.33599498996696,0.196756271774149,0.403342555540187,-5.49290286876214
"Q96KN2",-0.571744205691203,1.27278445728183,-1.33536751530385,0.19695781321393,0.403435774293193,-5.49368485882534
"Q01968",-0.484466366690527,-0.17709979269719,-1.33354022234722,0.19754565730862,0.404319496550105,-5.49596038687827
"Q9BXJ9",-0.691112403804188,-0.825306232163565,-1.33275471334319,0.197798781963111,0.404517287479939,-5.49693778704577
"P61158",0.233326537091725,0.258552587576376,1.33080585577838,0.198427891205527,0.405097960340524,-5.49936066543823
"P14415",0.282856018982118,-0.83656852537477,1.33074034844258,0.198449064929665,0.405097960340524,-5.49944205501285
"Q5T5C0",-0.350791658207796,-0.333913594486721,-1.33041933925605,0.198552849420288,0.405097960340524,-5.49984084472446
"Q6ICL3",-0.397958096403,0.622862436295855,-1.3297683882575,0.19876343761707,0.405207796719343,-5.50064927593902
"Q7LBR1",0.358320371561041,0.324965441253069,1.32803795487074,0.199324102824121,0.406030579826913,-5.50279674382465
"Q9NZR1",0.222659062601542,0.286133331651863,1.32450463050308,0.200472774697024,0.408008983591451,-5.50717438289665
"Q9Y394",0.284017268909421,-0.365748153054416,1.32408054249836,0.200610993479588,0.408008983591451,-5.50769915823958
"Q9NRD5",1.55880628441594,-0.940364408333855,1.32307150099683,0.200940161539762,0.408099074471658,-5.50894720531698
"Q96QR8",-0.507230464496808,-0.664928834888937,-1.32294967954058,0.200979930663539,0.408099074471658,-5.50909782834323
"Q9Y4C0",0.416471770545413,0.0288603678777698,1.32249350544249,0.201128905561661,0.408099074471658,-5.50966175064861
"Q96GW7",0.339928264713208,0.608717777624371,1.32162874759337,0.201411551718581,0.408352047994142,-5.51073031993496
"Q9Y342",-0.640473083093569,0.936398632367593,-1.31842840976851,0.202460297423642,0.410156637022034,-5.51467987142172
"Q9Y3C0",0.589882958182332,0.213073059428227,1.31491819337743,0.203615513761001,0.41217392566342,-5.51900267143056
"P61604",0.3400858569759,0.263850154374065,1.31399394611817,0.20392054274282,0.412468390446158,-5.52013927575394
"P62820",0.38190364322343,0.0866790929963248,1.3121379997615,0.204534141807751,0.413386048923407,-5.52241963500234
"Q86UW7",-0.467207070523334,-1.12065674134829,-1.31066046808562,0.205023665767772,0.414051700007572,-5.52423312174053
"Q07021",0.394820496859221,0.172286793892732,1.30983290504646,0.205298247962923,0.414182445150985,-5.5252481074566
"Q6PI48",0.953124861927602,-1.25679104335942,1.30901028664561,0.20557147482896,0.414182445150985,-5.526256498185
"Q9NZD2",-0.651079154980535,1.05027397594867,-1.3086449025532,0.205692925826074,0.414182445150985,-5.52670422746387
"O43707",-0.257329322456512,0.374458221311915,-1.30853548189198,0.205729307378671,0.414182445150985,-5.52683828751943
"Q8IY45",-0.665209868335555,-1.00198894211957,-1.30726413034941,0.206152391579651,0.414711231310038,-5.52839523607067
"Q8N8N7",0.462162802737795,0.341134806654109,1.30631530597348,0.206468587606189,0.414852501936917,-5.52955638072131
"O75190",0.356855273754887,-0.617961291928989,1.30609042132701,0.206543586070721,0.414852501936917,-5.52983148495202
"Q9UM19",0.433411174793632,0.378547753029147,1.30507683534827,0.206881878916159,0.415209361023502,-5.53107092611761
"P59768",0.654970716699005,0.832544912516224,1.30395292258514,0.207257500634718,0.415439157810493,-5.53244433726628
"Q9Y2E4",-0.46024593956054,-0.347335031545174,-1.30377264613385,0.207317800222645,0.415439157810493,-5.5326645413546
"Q5XKP0",0.849040075980905,-0.183944181631832,1.30159141486539,0.208048474220277,0.4165804073272,-5.53532685330602
"Q96I99",-1.02041118879674,-0.560198089724925,-1.30101097689036,0.208243249192699,0.41664767737084,-5.53603468116388
"Q8NF91",0.826400274835909,-0.801850797338066,1.30052170657339,0.208407542033541,0.416653902673397,-5.53663112734942
"P55263",0.243097666725368,0.610068901935519,1.29751640639909,0.20941891745308,0.418352319641586,-5.54029062475416
"P05165",0.272505609633608,-0.197014155735608,1.29616611714159,0.20987457607797,0.418938825607377,-5.54193253716802
"P30520",-0.318253050738716,0.18976945514808,-1.29346364321019,0.210788854742422,0.420439189436081,-5.54521436206679
"Q9HCB6",0.342881366039421,0.54207364253535,1.28561009643062,0.213463418073081,0.425445594232008,-5.55471890145393
"P13798",0.304288545553934,0.384228547037145,1.28399432933555,0.214016934433349,0.426130527523569,-5.55666830644203
"Q9BTM9",-0.434297103530324,0.707642534451018,-1.28364494020205,0.214136771858072,0.426130527523569,-5.55708956946052
"Q9NZL4",0.368311560210631,0.579321692083516,1.27906008185451,0.215714172598974,0.428684101771684,-5.56260865336738
"P33176",-0.466348639633119,0.0276259419229419,-1.27795457773222,0.216095862379573,0.428684101771684,-5.56393693083289
"Q9ULB1",0.437445731153594,0.39774459182573,1.27757253494601,0.216227889384267,0.428684101771684,-5.56439573524503
"P42858",-0.322621062693438,-0.647280235438095,-1.27742446604625,0.216279076107956,0.428684101771684,-5.56457352369145
"P53365",0.399771716915989,-0.0547611525952158,1.27732775879565,0.216312512423123,0.428684101771684,-5.56468963209931
"Q9Y265",0.272725568964392,0.0614188663845261,1.27703143284381,0.216414991416653,0.428684101771684,-5.56504536008156
"Q8NC96",-0.351296729440938,0.104128514205816,-1.2758737324874,0.216815722094848,0.429149036458791,-5.56643446851372
"Q15599",0.463415354287089,-0.0220493934967205,1.27498196577037,0.217124793495541,0.42943197489363,-5.56750376291572
"Q16537",-0.455503496043765,-0.100282097049972,-1.27376725060592,0.217546342538793,0.429936770231483,-5.56895928240785
"Q27J81",-0.475172178865502,0.223884242936405,-1.27313437128878,0.217766225071343,0.430042545308954,-5.56971715974038
"Q13153",-0.333345667710358,0.541512137929725,-1.27100439470125,0.218507511634162,0.431030875809445,-5.5722654871448
"O95294",-0.304834781958525,0.784096398424973,-1.27073850516774,0.218600184984983,0.431030875809445,-5.57258334752662
"P59998",0.273812247043737,0.0242639724578234,1.267976653076,0.219564602753478,0.432602513809254,-5.57588171166663
"P46379",0.740116670097818,0.011065587961798,1.26481171920197,0.220673815212224,0.434456825836709,-5.57965400520071
"Q7L014",-0.846581197038963,-1.1470512823357,-1.26126342325177,0.221922525816729,0.436582746755132,-5.58387375122568
"P35754",0.418317115163013,-0.63084362676789,1.26005880217229,0.222347691737754,0.436972357840204,-5.58530404437388
"Q9H0W9",0.376636511374168,0.758285994055996,1.25974470306579,0.222458654900468,0.436972357840204,-5.58567679625487
"P62191",-0.273702995551843,-0.0696081571864063,-1.25619978362558,0.223713946599017,0.438923171408493,-5.58987821452108
"P08195",0.322635299865762,0.102696503646141,1.25598159101149,0.223791388749088,0.438923171408493,-5.59013648752378
"Q8TDC3",-0.378039858338383,-0.668571346953886,-1.25470396883003,0.224245264154161,0.439000541493465,-5.59164803648464
"O94919",0.30622432953849,0.318686725912819,1.25420378357455,0.224423147977299,0.439000541493465,-5.5922394482195
"Q6EEV4",0.311348275943356,0.332442800593139,1.25320894558236,0.224777270965929,0.439000541493465,-5.59341513588708
"Q14168",-0.361245237254313,-0.685155926806533,-1.25298410609923,0.224857364487664,0.439000541493465,-5.59368073891533
"Q9BZG9",-0.390168014821027,0.0334170928600219,-1.25277330669304,0.224932476526962,0.439000541493465,-5.59392971968622
"Q6BCY4",-0.573541193161238,1.21127679984902,-1.25272703505006,0.224948966621864,0.439000541493465,-5.59398436759652
"P30040",0.33424942699597,0.0505835624023241,1.25213781235462,0.225159032706266,0.439000541493465,-5.59468010391445
"P48634",-1.16227499838388,0.0162299360330585,-1.2516207771992,0.22534348723419,0.439000541493465,-5.59529037468028
"Q9Y3D6",0.270347853799238,0.276719246119431,1.25157654636775,0.22535927217092,0.439000541493465,-5.59534257161572
"Q96HS1",0.330542872109805,0.00409925674640796,1.24912524124249,0.226235415391884,0.440324922718041,-5.59823291688743
"Q8NEB9",-0.433539064060235,-0.315825113581323,-1.24872193516206,0.226379815200107,0.440324922718041,-5.59870799622996
"P00441",0.275599449836039,0.557886793197506,1.24608598539255,0.227325336277608,0.441714000630792,-5.60180983725938
"P15056",-0.620074368864089,0.448080654507674,-1.24577880537048,0.227435719473727,0.441714000630792,-5.6021709476397
"Q04760",0.255986647650656,0.350869125314714,1.24480091751259,0.227787391351227,0.441956008196377,-5.60332001560156
"Q8TCZ2",0.49624513230209,-0.0508258212824255,1.24448173730332,0.227902266509002,0.441956008196377,-5.6036949025946
"Q14152",-0.410957100440033,-0.314177312796595,-1.24297901264761,0.22844370503345,0.442673896185508,-5.60545880094982
"P40926",0.33701523092494,0.19870923786519,1.242096078474,0.228762290188766,0.442959191114577,-5.60649434406788
"Q14677",-0.368796668811869,0.145975073297221,-1.24008874526111,0.229487855040536,0.444031515927983,-5.60884630163411
"P49902",0.356857662620389,0.69129975651074,1.23920360610885,0.229808354736735,0.444308969188432,-5.6098823755779
"O14775",-0.400732872404265,-0.234494275690861,-1.23825362823639,0.230152713334317,0.444308969188432,-5.61099364408731
"Q6VY07",-0.265289225141092,-0.126008654470341,-1.23823977353627,0.230157738463851,0.444308969188432,-5.61100984572078
"Q9NPQ8",0.607421007377013,-0.251595885257106,1.2377959206828,0.230318769327853,0.444308969188432,-5.61152880388715
"Q14894",-0.263495630595923,0.635883478581878,-1.23624252108861,0.230883025883677,0.444750907844511,-5.61334381010301
"P61978",-0.241171170169137,-0.520749241459861,-1.23621794699547,0.230891960668214,0.444750907844511,-5.61337250710064
"P60866",0.238899164320054,0.137344455062477,1.23110118985728,0.232758109790822,0.448011700528127,-5.61933713552735
"P60033",-0.302219565768608,0.704427931970977,-1.22839271313122,0.233750582219532,0.449436693101727,-5.62248587964832
"Q07020",0.265028687010974,-0.385603917809095,1.22813231329504,0.233846171072272,0.449436693101727,-5.62278829607542
"P49368",-0.175040109984107,0.0530135767872538,-1.2263216199864,0.234511674720046,0.45006992456569,-5.62488963868055
"Q96Q06",0.310039971495331,-0.0107576163505594,1.2262884922044,0.234523863980652,0.45006992456569,-5.62492805941634
"Q96CV9",-0.433937980924845,-0.0229203266104225,-1.22563375120624,0.234764873028911,0.45019821719565,-5.62568722903543
"P55290",0.538757941475381,0.308236345297039,1.22497519979647,0.235007475238754,0.450329372492349,-5.62645046748441
"Q15120",-0.346842470938392,-0.255305955538694,-1.22445487187737,0.235199292812174,0.450363090310718,-5.627053261843
"O95197",-0.31269072096574,-0.0486431909102284,-1.22337729243608,0.23559691938553,0.450790552636265,-5.62830093032604
"P62333",-0.292704165052914,-0.092574948396012,-1.22233092871275,0.235983517571221,0.450885221947779,-5.62951155747624
"Q8NCB2",0.550937725752275,-0.0891244382248126,1.22229921093623,0.235995243827987,0.450885221947779,-5.62954824064161
"P61018",0.334222994407225,-0.0306188231465455,1.22119570584777,0.236403492949721,0.451104818241889,-5.6308239917497
"P41252",-0.437890431846285,-0.794458636722603,-1.22104524466365,0.236459198730275,0.451104818241889,-5.63099786208259
"Q16143",0.505545931386407,-0.0350863147507205,1.22047202509061,0.236671515467609,0.451176893424608,-5.63166009682038
"Q6UWR7",-0.777713271556836,0.8122848439926,-1.21564720605361,0.238464353428868,0.454259656310702,-5.63722361539117
"Q9BRT3",-0.323487507853584,0.306478561568908,-1.2145927714338,0.238857538896663,0.454643387517637,-5.6384369760673
"P50914",0.208774637497334,-0.167158653454637,1.21416403873868,0.239017548795539,0.454643387517637,-5.63893007014498
"P06865",0.990473682947475,-0.494782188470667,1.21338654845265,0.239307928404116,0.454861025679883,-5.63982389687527
"P61106",0.251125148553876,0.122663661447599,1.21255955023207,0.239617092502425,0.455114022129882,-5.6407741010185
"Q15942",-0.384867353390719,-0.176327655867337,-1.21135798458078,0.240066824967394,0.455398184826862,-5.64215368611387
"P22570",0.57168549770465,-0.628125739384549,1.21121858290147,0.240119042908709,0.455398184826862,-5.64231366512081
"Q9BUP0",0.74053187560435,-0.00376425655801079,1.20833754187841,0.241200172612207,0.457113230353779,-5.64561644654607
"Q99653",0.368657967103618,-0.397166075708611,1.20355599040849,0.243002624097201,0.460191782630963,-5.65108304525031
"P50991",-0.236933849013696,0.28733938730759,-1.20206133827703,0.243568135227496,0.460925058245298,-5.65278801551238
"Q9UBC2",-0.392164571893781,-0.922470856380938,-1.19803982040227,0.245094646902931,0.46318734323782,-5.6573663738906
"P25713",-0.565854315649399,0.174405174455099,-1.19796801885607,0.245121967330498,0.46318734323782,-5.65744799757079
"P09874",-0.387588862854834,0.0416009681824234,-1.19711465219785,0.245446848889929,0.463462457545994,-5.65841777877441
"P62701",0.2613204804249,-0.0280155306181476,1.19032089361324,0.248044884104745,0.467798687063265,-5.6661171032821
"P23381",-0.283232371719716,0.54920325342256,-1.1901637504943,0.248105222423109,0.467798687063265,-5.66629474593275
"P62906",0.258772681779338,0.11516541768431,1.18329239275928,0.250754450357387,0.472194720914487,-5.67404269846565
"Q13151",-0.537076662378345,-2.28633437508071,-1.18252407910053,0.251051988657359,0.472194720914487,-5.6749066209859
"Q96C23",1.255682603083,0.338670780692356,1.18242646682127,0.251089809130767,0.472194720914487,-5.67501634543625
"Q8NE86",0.411174349009444,-1.68135839307108,1.1822262319943,0.251167404741749,0.472194720914487,-5.67524140182256
"Q93100",0.655869182362745,0.165180946426533,1.18157984644373,0.251418017061964,0.472322364902019,-5.67596769013287
"Q9BU02",0.450718146873506,0.0492868685988989,1.18006983336962,0.252004201552963,0.473079782871756,-5.67766302596106
"P27824",0.346819304760636,-0.527307939710186,1.17957412204566,0.252196859507772,0.473097882313201,-5.67821916715978
"Q92688",0.472862365052435,0.192284666411366,1.17742381479837,0.253033856035673,0.474323798297472,-5.68062927013706
"Q9H3H3",0.280473670070987,0.507605158236613,1.17671257176244,0.253311162223145,0.474499532135383,-5.68142560734622
"A0FGR8",0.25456811294494,-0.798610388723498,1.17561560398117,0.253739305369539,0.474957352918362,-5.68265300209175
"P49411",-0.514386711553266,-1.36195504225733,-1.17493609339198,0.25400478834522,0.475110258952527,-5.68341280825908
"P00846",0.417181661537195,-0.974612781806885,1.17290998528806,0.254797619630772,0.476248623821798,-5.68567607846193
"O60869",0.317695877850336,0.331285602392843,1.17134643964106,0.255410713230796,0.477049634177462,-5.68742033029842
"Q12768",0.345927528758428,0.0681518066558067,1.16988835146637,0.255983449959312,0.477377441510229,-5.68904512079557
"Q16204",0.222760203068605,0.276295662120955,1.16979048089481,0.256021927899795,0.477377441510229,-5.68915411806907
"Q96SZ5",0.367045013947286,0.323353555592196,1.16948962595823,0.256140236508583,0.477377441510229,-5.68948912711302
"Q9NQW7",0.202614037380815,0.59052337901193,1.16619525170394,0.257438398331548,0.47945119573995,-5.69315260418441
"O95865",0.441256720295603,0.505070457220297,1.16538951659468,0.257756648870472,0.479698299013801,-5.69404725055068
"P04843",0.314109096104557,-0.664918187635217,1.16466540252658,0.258042911344628,0.479861341002014,-5.69485081164752
"O94967",-0.43613347926414,0.101434639702279,-1.16395974733363,0.258322104945897,0.479861341002014,-5.69563347183957
"P26992",0.306726921545153,-0.0978542790030257,1.16376005270536,0.258401155386771,0.479861341002014,-5.69585488354915
"P51674",0.378176225496183,-0.0210865789818125,1.16275905570415,0.258797678929712,0.48016421641528,-5.6969642437125
"Q8N490",0.51190117935176,-0.358355496574423,1.16241076951839,0.258935751521432,0.48016421641528,-5.69735003944792
"Q7Z6G8",-0.510443984625016,-0.538038684555238,-1.15644895445059,0.261307751004571,0.484215438241445,-5.70393836306698
"A8MSI8",-0.613148679583703,0.423564130043237,-1.15416178280905,0.262222020709848,0.485561549810141,-5.70645807283406
"O95870",0.345395570815683,-0.793977364675479,1.15338566843272,0.262532803603317,0.485719892182094,-5.70731210955612
"P23588",0.205304750269842,0.0313731640514865,1.15301000520277,0.262683330472173,0.485719892182094,-5.70772531013945
"P41091",0.220726198402004,0.0277654218483351,1.14893008011783,0.264322277788241,0.488401063675913,-5.71220536871223
"Q9GZM8",-0.347735523252829,-0.228510109647414,-1.14795595149555,0.264714716167642,0.488776815209538,-5.71327298919127
"Q4KMP7",-0.431491802998335,-0.67260198404883,-1.14664377923182,0.265244022764462,0.48889806813148,-5.71470985019743
"Q14123",-1.02511957970741,-0.259825917990969,-1.14662188428778,0.265252861447543,0.48889806813148,-5.71473381355873
"O43414",0.258433514986596,0.5065010931331,1.14638680956642,0.265347771600954,0.48889806813148,-5.71499107069272
"Q01484",-0.261270515569358,-0.0194569784291541,-1.14327718041765,0.266605639829369,0.490858549107795,-5.71838980826886
"Q3LXA3",0.204557620498833,0.233806355176475,1.14281840734803,0.266791590520871,0.490858549107795,-5.7188905531264
"P28331",-0.228994180581967,-0.934161209339011,-1.14056702181411,0.267705519249327,0.491925583532045,-5.72134537037127
"P35580",-0.195603198052572,0.146263679424995,-1.13977777876088,0.268026453230689,0.491925583532045,-5.7222049284535
"Q9BXW6",-0.374486389020074,0.193199876633982,-1.13965059852349,0.268078195822609,0.491925583532045,-5.72234339082521
"P05386",0.264421750372578,0.303622465760924,1.13938469310648,0.268186401893327,0.491925583532045,-5.7226328410938
"P14927",0.302773078605383,-0.846171341514482,1.13904901860904,0.268323045562933,0.491925583532045,-5.72299815403723
"P31930",0.272443699982768,-0.591611923511247,1.13477006523447,0.270069403423009,0.494776334407143,-5.72764668275209
"Q9UKU0",0.244244468686313,-1.03351376987998,1.13415954119365,0.270319258115273,0.494787158842394,-5.72830869223423
"Q08AM6",-0.268115142858026,-0.311668494216543,-1.13382039570027,0.270458125897216,0.494787158842394,-5.7286763033406
"Q9BTU6",0.475670719571986,-0.249378438701422,1.1287099632338,0.27255704426175,0.498274370167343,-5.73420403326324
"Q8IZP0",-0.283687451903801,0.0697481177319341,-1.12705079455348,0.273241061325346,0.49917183288058,-5.73599398538677
"O75251",-0.342243208416073,-0.595226666588188,-1.12581690406282,0.273750570473949,0.499749452454207,-5.7373236425141
"Q96A26",0.324323049307086,-0.523549266699853,1.1250653576781,0.274061248395905,0.499963533594505,-5.73813289416976
"Q15651",0.46624491487815,-0.274471732278197,1.12426097386066,0.274394055994223,0.500217654968312,-5.73899851589105
"Q6P9B6",-0.429306576507369,0.150713527303964,-1.12244372800536,0.275147022156392,0.501236823308155,-5.74095211236109
"P06576",0.401574640939432,-0.151717060298452,1.12147174798094,0.275550380110085,0.501618121538429,-5.74199588476882
"P27144",0.751279460839378,-0.377124974337933,1.12069407591489,0.275873415906671,0.501852765741551,-5.74283042651289
"Q9Y4E6",-0.390688115738614,-0.377516911356964,-1.11926937618437,0.276465941151394,0.502576974596591,-5.74435799521253
"Q9BYT8",0.368855105880294,0.272699409039444,1.11872911487097,0.276690877313555,0.502632408893562,-5.74493681994139
"P47736",-0.473636367755902,0.490686151336301,-1.11613080834187,0.27777455177726,0.504246640691163,-5.74771716671822
"Q5TZA2",0.784053774864723,0.112703238613182,1.11464575337748,0.278395319657816,0.505018878116109,-5.74930371827588
"Q86UP2",-0.290570904541319,0.041989715385311,-1.11373437752677,0.278776787221693,0.505356237705524,-5.7502764641902
"Q5VWJ9",-0.524529574295557,-0.584466845714383,-1.11168418713417,0.279636319483129,0.506559135153391,-5.75246215589412
"Q9BWM7",0.526331407133668,-0.338312130145956,1.10828747182678,0.28106464410017,0.508765099314247,-5.75607557890413
"Q8WZA0",0.408032463200366,0.139873745860797,1.10785303753698,0.281247708673137,0.508765099314247,-5.75653702866037
"Q8TF61",-0.443897077564506,-0.216401385866726,-1.10688367824477,0.281656497484399,0.508996033622936,-5.75756609442059
"Q15223",-0.285883634622983,0.397275722168079,-1.10661666114499,0.281769177607126,0.508996033622936,-5.75784941893742
"P09960",0.244681723453328,0.169451567241424,1.10454071014023,0.282646344311056,0.510041115760754,-5.76005010246129
"Q05193",-0.428484826366183,-0.604794004055474,-1.10431383471712,0.282742328388843,0.510041115760754,-5.7602903891998
"Q9H1Z4",0.843099275571828,-0.585391250907902,1.10381793103618,0.282952212988679,0.510063787012368,-5.76081545605425
"P46777",0.237897532708036,0.00153183843449259,1.10314480938871,0.283237284668102,0.510221868200031,-5.76152783064175
"Q14558",0.237931443073998,0.0699996927149319,1.10262161266688,0.283459006849481,0.510244735872514,-5.76208127326206
"A6NDG6",-0.316121981695028,0.232473508363302,-1.10218353920226,0.283644752591413,0.510244735872514,-5.76254449388018
"O60762",0.705584107434975,-1.24273270863787,1.10153363938969,0.283920477525918,0.510385559391166,-5.76323140194549
"P08754",0.539825687477076,0.593092195678619,1.10049987324535,0.284359463384481,0.510529785895279,-5.76432330030068
"Q14240",-0.239387422477009,-0.493055151974378,-1.10041458523886,0.284395702781123,0.510529785895279,-5.76441334402424
"Q9UBT2",-0.362761408281491,-1.53929308145093,-1.09983392093359,0.284642520104893,0.51061826125687,-5.76502622317322
"P62068",-0.32371658866313,-0.0532163375170347,-1.0986216011887,0.285158332251052,0.511188827232295,-5.76630488291275
"P23434",0.310847965411435,0.10780215288137,1.09723667778063,0.285748415931144,0.511891652932784,-5.76776407073399
"Q5SW79",0.367044973121282,-0.115683114971966,1.0965178778552,0.286055030145673,0.512086047733078,-5.76852077566941
"Q8NBJ7",-0.419534814388052,0.628010344878298,-1.09600575041344,0.286273631363759,0.512122724619596,-5.76905964281407
"O75608",0.362055874116327,0.0637521731544102,1.09404170570704,0.287113109516092,0.513269286375586,-5.7711241779419
"Q8N0U8",0.361440514622235,-0.836086757120005,1.09083828692662,0.288486163295897,0.515367472093915,-5.77448448959422
"O43242",-0.225967882992556,-0.0863487228321898,-1.09012338768705,0.288793234289885,0.515497595182635,-5.77523321518492
"Q16568",0.754169105701999,0.776803001192839,1.08974039333405,0.28895783962075,0.515497595182635,-5.77563415312034
"O60831",0.403050885355367,0.00216921695401249,1.0886239449225,0.289438061316814,0.515998198968252,-5.77680219808088
"P36969",0.219837057881784,0.342974443728324,1.08397208744738,0.291445212843131,0.518988524495397,-5.78165765343483
"P31942",-0.354013714771319,-1.18336299336072,-1.08373263564049,0.291548802044969,0.518988524495397,-5.78190708796085
"Q9NZJ7",0.924837675707002,-1.07763795320146,1.08334228736846,0.291717727695091,0.518988524495397,-5.78231360534933
"Q9UPT6",-1.10987482623741,0.594029193166844,-1.0823892343918,0.292130465025559,0.519365372827421,-5.78330559183852
"P09104",0.231176262522299,0.151413388351715,1.08045440906871,0.292969676743739,0.520499391328224,-5.78531708194307
"Q9BSU1",-0.38117486252622,-0.150015234896811,-1.07939047536346,0.293431889985468,0.520962524459089,-5.78642181556313
"P04264",0.989629305609509,0.826145573182393,1.07794618458861,0.29406018796315,0.521135250769625,-5.78791995070673
"Q99816",-0.482439098729497,0.510536152919374,-1.07771310185482,0.294161675053078,0.521135250769625,-5.7881615565391
"Q9UKG1",-0.390963017491735,-0.385853846079996,-1.07733158691461,0.294327845948546,0.521135250769625,-5.78855692244236
"Q6UUV9",0.472415054765653,-0.31743954011542,1.07681359341653,0.294553569318919,0.521135250769625,-5.78909352337568
"P30046",0.378911683619628,0.318553775359784,1.07660394212473,0.294644963514368,0.521135250769625,-5.78931064082371
"Q99685",-0.265127172728116,-0.601507483916946,-1.07613277373584,0.294850436702882,0.521135250769625,-5.78979845195505
"Q13404",0.211066509063033,0.414333288262538,1.07571118637269,0.295034375626753,0.521135250769625,-5.7902347704187
"Q02487",0.327172763580192,-0.572349774169475,1.07546465537973,0.295141975677652,0.521135250769625,-5.79048984552222
"P13797",-0.347575730593937,0.707410889463536,-1.073101144081,0.29617498290239,0.522602273585446,-5.79293264084366
"P80303",0.453411235340897,0.187947630068182,1.07168791951218,0.296793897438258,0.523337124746179,-5.79439099638474
"Q9BXP5",-0.355318504263503,-0.252292171603225,-1.06992306624709,0.297568113863238,0.524344631449536,-5.79620981691868
"Q13423",-0.315456179434079,-0.643920300792236,-1.06784926987365,0.298479716326793,0.525519661451743,-5.79834362954011
"P61160",0.187381487574219,0.261808438312938,1.067481613572,0.298641540685729,0.525519661451743,-5.79872154257187
"Q92974",-0.409794476798354,-0.685550607677804,-1.065728821277,0.299413901877163,0.526520364865624,-5.80052164553922
"Q7L2H7",-0.365172194580847,0.231112912386513,-1.06437070015024,0.300013339214512,0.527215827239642,-5.80191461862884
"Q02790",-0.277837682930514,-0.189804745152172,-1.06196031604337,0.301079338258504,0.528447706848899,-5.80438297280009
"O75348",0.403570899908081,-0.0327400740469779,1.06186126919914,0.301123200072893,0.528447706848899,-5.8044842953858
"Q9UKU7",0.296938763114318,0.0820480649951069,1.06134855950627,0.301350321267124,0.528487503714732,-5.80500865106118
"Q04837",0.169276257907611,0.236651510748603,1.06016426951917,0.301875410214386,0.529049447731653,-5.80621898132232
"Q15773",0.91070516676545,-1.75135681277835,1.05827068990934,0.302716345628046,0.530163789599254,-5.80815170110191
"Q9Y4F5",-0.659035336514906,-0.299701088361428,-1.05232665256765,0.305366980599775,0.534443903080853,-5.81419862988937
"P23610",-0.520846635947016,-1.15189219865674,-1.05156717083955,0.30570684931763,0.534676729016288,-5.81496907367394
"P23763",0.639404398932232,-1.09487890693547,1.05026401557587,0.306290641906176,0.535185289163297,-5.81628988378553
"O43295",-0.268473112195479,-0.589292686129409,-1.04999402326811,0.306411693602197,0.535185289163297,-5.81656335143068
"P84085",-0.272296276154975,-0.246340169540737,-1.04950521944087,0.306630936853962,0.535206598087435,-5.81705828776856
"P61019",0.250986118664211,-0.00383629121187149,1.04604949812799,0.308184126164255,0.536381322313991,-5.82055150482032
"Q08380",-0.447537391719958,0.807543980963215,-1.0460441673676,0.308186526422602,0.536381322313991,-5.82055688548682
"Q9ULF5",0.402474987977546,0.0593818212336271,1.04601234261149,0.308200856294626,0.536381322313991,-5.82058900767476
"P51665",-0.233596226037049,-0.32018533877258,-1.04596678477122,0.30822137064895,0.536381322313991,-5.82063498977858
"Q9NS86",0.212839552010286,0.406960794005764,1.04570016127429,0.308341448726727,0.536381322313991,-5.82090406043257
"P31323",-0.345939827888116,0.0671577262110118,-1.04442275244636,0.30891721229451,0.537021515656562,-5.82219234501529
"P00403",0.263639478043715,-1.04074621459568,1.0430201418679,0.309550289275322,0.537760415172518,-5.82360527926191
"Q7Z2K8",0.313032714652053,0.374396359283823,1.04212333187009,0.309955553717757,0.538102824956617,-5.82450780209516
"O60331",-0.372770026915392,-0.586925174575296,-1.0415799649323,0.310201282398428,0.538167996644252,-5.82505429330119
"Q15173",-0.504504131443717,-0.392804486377877,-1.04054288054852,0.310670671175834,0.538620848416855,-5.82609663454721
"O76054",-0.284088353186527,0.226237215987572,-1.04003086052412,0.310902599729805,0.538661675805326,-5.82661090812332
"O60925",-0.187661676798507,0.424826907520554,-1.03938387500994,0.311195839281479,0.538808603176573,-5.82726041798245
"Q9UHV9",0.227193519111801,0.374496346189438,1.03244639561647,0.314352535090466,0.543909841505257,-5.83420226488318
"Q6DD88",0.450194905057278,-0.13365599402261,1.03193611871731,0.314585614307151,0.543949038785275,-5.83471122200195
"P06307",0.386077465798021,0.170725030477946,1.02868234099178,0.316074721211905,0.545810571025114,-5.83795128967098
"P62249",0.18715421118906,-0.147406306200082,1.02812341370841,0.316331017936701,0.545810571025114,-5.83850694021449
"Q3ZCQ8",0.39945151504241,0.0400820458237735,1.02781247855314,0.316473661195345,0.545810571025114,-5.83881593546834
"Q9UHX1",-0.346072131318219,-0.300220489020862,-1.02764191007791,0.316551929759739,0.545810571025114,-5.83898540423959
"Q13740",0.270419516385416,0.879139593734223,1.02728024277249,0.316717932896584,0.545810571025114,-5.83934465646714
"P18507",0.445170206354899,-0.973903249125536,1.0267529927142,0.316960047752457,0.54586390635583,-5.83986818289443
"O75170",-0.619367984824477,-0.402066888913971,-1.02527495392507,0.317639464850125,0.546396844070686,-5.84133450008854
"Q16774",-0.229147969670055,-0.114737719722336,-1.02516022400476,0.317692246281718,0.546396844070686,-5.84144824101252
"Q2TAY7",0.362322262556567,-0.352900021357262,1.02339603825465,0.318504638738024,0.546901286710093,-5.8431957832268
"Q9Y566",-0.602598087312984,-0.492688170937492,-1.02315642093089,0.318615093440968,0.546901286710093,-5.84343293193734
"P05141",0.287922220482035,-1.04146440719306,1.02283899114591,0.318761458413253,0.546901286710093,-5.84374701482864
"Q3KQU3",-0.240555187312289,0.0593622639489089,-1.02268644379462,0.318831813954394,0.546901286710093,-5.84389792268892
"P82909",0.313224944981553,-0.0753123777964423,1.02073908373942,0.319730907797875,0.548018758634703,-5.84582258083969
"Q9H4A4",0.31516549106663,-0.160943103671126,1.02035753977261,0.319907275350007,0.548018758634703,-5.8461992915274
"P20340",0.212810796549762,0.283406831488676,1.01936222541437,0.320367679034111,0.548444006823296,-5.84718140308746
"Q9ULR3",-0.222776853664441,-0.198131981894351,-1.01811703844211,0.320944323420358,0.549067555288965,-5.84840886217327
"Q08828",-0.456307634766762,-0.411187073014699,-1.01281952869059,0.323405756054777,0.552912618651851,-5.85361589937285
"P22695",0.26283491814715,-0.502379614696746,1.00907323944958,0.32515441326653,0.555196414511237,-5.85728347961633
"P40763",0.432460423735735,-0.650472230673434,1.0088188684439,0.325273386011756,0.555196414511237,-5.85753206349793
"Q8N8S7",0.373423167572882,0.103446133000816,1.00857835301643,0.325385906376992,0.555196414511237,-5.85776705520849
"O95747",0.212647192372694,-0.246705128468052,1.00559307780999,0.32678477860076,0.556750925557806,-5.86067957633181
"P61328",-0.31444015783211,0.0477201784640775,-1.00536212533323,0.326893175943013,0.556750925557806,-5.86090457667019
"P49821",-0.182637019246579,-0.560952292444037,-1.00525578166313,0.326943096710541,0.556750925557806,-5.86100816400496
"P20337",-0.467187237902435,0.140284406797338,-1.00104148661353,0.328925702535448,0.559524350994854,-5.8651052891714
"O75431",0.387976486136031,-0.759320456374292,1.00074242221935,0.32906671515128,0.559524350994854,-5.86539544989113
"O43236",-0.365560211402127,-0.0259657816349212,-1.00041510475655,0.329221097819409,0.559524350994854,-5.86571293305537
"Q15293",0.386049836125255,-0.678617498971269,0.998153896445064,0.330289001306186,0.560738349282295,-5.86790364774734
"Q9HCH3",0.346461832289865,0.440416295965229,0.997763497150076,0.330473619934365,0.560738349282295,-5.8682814242014
"P11137",-0.330399622145218,-0.254217771920765,-0.997525574706087,0.330586168010142,0.560738349282295,-5.86851158855965
"Q969L2",0.447844322678445,-0.256326730831044,0.99505723365618,0.331755381680588,0.562352565012668,-5.87089652392617
"Q99719",-0.326151266959589,0.0612978287552165,-0.991968305419046,0.333222610081233,0.564324637961358,-5.8738735712432
"P35219",0.482545019588966,-2.5415684131698,0.991689201868323,0.333355405093614,0.564324637961358,-5.87414215441369
"Q9NZL9",0.176640362769674,0.10085363127666,0.990622180942527,0.333863423441409,0.564571917979375,-5.87516832694855
"Q14166",0.43487623320962,-0.26308027021221,0.990108249732424,0.334108302632357,0.564571917979375,-5.87566222781731
"P06396",-0.382376988555923,0.719125077602741,-0.990006736908903,0.334156686463615,0.564571917979375,-5.8757597568489
"Q01814",-0.388134839283816,-1.05373369026888,-0.988442923327492,0.334902658524971,0.565462686013749,-5.87726105925297
"P09972",0.213656714055643,-0.348022588197062,0.986570701127181,0.335797267482778,0.566240417413587,-5.87905562374878
"Q8N183",-0.480821997110092,0.148390887067117,-0.986562108506383,0.335801377135407,0.566240417413587,-5.87906385287442
"P63000",0.219565219406607,0.554605375437352,0.984071163876262,0.336994209483914,0.56788137647713,-5.8814466927224
"O15083",-0.451895669535297,-0.205143526286717,-0.981145607571845,0.338398907248267,0.569789006734102,-5.88423833077706
"Q9NV96",0.380500581997446,0.459923184295314,0.980795908675696,0.338567084852449,0.569789006734102,-5.88457151934067
"P61088",-0.187628905540788,0.180191200363662,-0.979300589117269,0.339286867679145,0.570628856831874,-5.88599502877168
"Q04323",-0.329396323536126,0.0350629025535969,-0.976781020207215,0.340502071075232,0.572042677048961,-5.88838915528449
"Q14832",0.296366512592423,0.101282094429203,0.976640177428919,0.34057008896648,0.572042677048961,-5.8885228211915
"Q96B36",0.268008837953409,-0.37143036189346,0.975892588649076,0.340931282663339,0.572277510184891,-5.88923202333964
"P21283",-0.175401293575354,0.387659324425111,-0.974049136777632,0.341823066079626,0.573402093326304,-5.89097871825051
"Q6DN90",-0.288331577083429,-0.529501788867649,-0.970942303595781,0.343329655304238,0.57489242519278,-5.89391571544305
"P62861",0.317362181116503,-0.300257630932851,0.970847625963937,0.343375638764278,0.57489242519278,-5.89400508403538
"Q16563",0.467668138930618,-0.183111952928774,0.970841351221218,0.34337868645944,0.57489242519278,-5.89401100664349
"Q9UJD0",0.483282179268605,-0.698720340758811,0.969661651671034,0.3439520072156,0.575162995196287,-5.89512388590897
"Q13642",0.277236347167435,0.360866006292804,0.969593195889394,0.343985296159946,0.575162995196287,-5.89518842659135
"P21281",0.191374069405755,0.268494855247249,0.968815003448819,0.34436387439422,0.575423797872695,-5.89592182260534
"Q9H9B4",0.188483627361578,-0.77141078983486,0.967699707007114,0.344906947687272,0.575592810553319,-5.89697198660639
"P78356",-0.283015407601796,-0.517346113388079,-0.967692716580732,0.34491035340313,0.575592810553319,-5.89697856533909
"P50151",0.38672775935704,0.237233499505656,0.966610810318192,0.34543773362444,0.576084699984081,-5.89799623446921
"P41567",-0.374401445078661,0.262820802530805,-0.965757126153518,0.34585425665148,0.576084699984081,-5.89879850328405
"O94772",0.324991197979826,1.08096610627075,0.965338393817332,0.346058687309812,0.576084699984081,-5.89919178136089
"Q92520",0.424117793684435,-0.210498387141436,0.965088855760379,0.346180554519289,0.576084699984081,-5.89942607671773
"Q14642",-0.32338557210389,-0.288351657048807,-0.964200979541457,0.346614406536509,0.576084699984081,-5.90025927261069
"O15240",-0.330639708428003,-0.0408594437945944,-0.964175345595551,0.346626937850592,0.576084699984081,-5.90028331754312
"P12036",-0.60160825699432,-1.32574818184244,-0.963892756794795,0.346765103742836,0.576084699984081,-5.90054835060792
"P10619",0.227041494097633,0.114043354776389,0.962005544667455,0.34768878505991,0.577032206665385,-5.90231651271116
"P45954",-0.241681923280872,-0.181320022776171,-0.96181551483591,0.347781887034689,0.577032206665385,-5.90249438069993
"P35612",-0.220566645136704,0.385768323893884,-0.961212817219261,0.348077281758171,0.577151875141033,-5.90305829487068
"O14980",-0.245101076041002,-0.573722589610944,-0.959416314066019,0.348958804901264,0.578242635044722,-5.90473728940469
"Q96EV8",0.819208139037675,-0.303613235456923,0.958328079051088,0.349493531559588,0.578757706009952,-5.90575295606657
"P62330",-0.232363608338565,-1.09297803097726,-0.957764710351878,0.349770574412828,0.578845668922637,-5.90627834550739
"P12955",0.221552076561058,0.126131127830269,0.956522671596177,0.350381891181965,0.579486365134601,-5.90743566118539
"Q14515",0.266712215585469,-0.160014827611755,0.955466908005455,0.350902099267233,0.579975656397568,-5.90841833503155
"P14868",-0.227073468101665,-0.263505279001124,-0.95386231932477,0.35169374041359,0.580912663878038,-5.90990995031919
"P42345",-0.34933711507968,-0.633782221425504,-0.952535844114731,0.352349090817875,0.581623499210861,-5.91114131204894
"Q03001",-0.273883153602034,0.208498923147499,-0.951934399134333,0.352646511366529,0.58168505693021,-5.91169911759884
"P61224",0.201424297874191,0.368008386200616,0.951550527625531,0.352836429116661,0.58168505693021,-5.91205496876822
"O75363",-0.473116343039852,0.855187956117669,-0.950366804734005,0.353422506620481,0.582279910525139,-5.91315146486753
"Q8IWT6",-0.308614409751504,-0.186592044884263,-0.948848082854066,0.354175417423165,0.582992361768857,-5.9145564555807
"Q15631",0.177394584577323,0.380257113966243,0.947830279743793,0.354680606865347,0.582992361768857,-5.91549689489562
"Q9NRV9",-0.383132002631586,0.80530800719858,-0.947704056946093,0.354743292058271,0.582992361768857,-5.91561345939487
"P10644",-0.340061749523147,0.24121580772325,-0.947676347586933,0.354757054182751,0.582992361768857,-5.91563904660156
"Q9H269",-0.33173004780454,-0.0199736002332558,-0.946103239628143,0.355538949219645,0.583906088775593,-5.91709055933986
"Q9Y2Z9",0.34749840128357,-0.250537399036492,0.94347415201853,0.356848319467989,0.585417412255853,-5.91951152619224
"Q96C19",0.24933202473924,0.417825209136636,0.943346205340144,0.356912124454632,0.585417412255853,-5.91962918791024
"P31040",-0.238544268099399,0.0511868941622567,-0.941835453103323,0.357666098176971,0.585923716595693,-5.92101739926025
"P11233",-0.208453908868866,0.564525177320151,-0.941819372191166,0.3576741295118,0.585923716595693,-5.92103216490359
"Q9UBF2",-0.654109027914894,0.492925354215759,-0.93957500687995,0.358796238836788,0.587059222521677,-5.92309070777455
"Q15121",0.263390272247773,0.675531193482409,0.939169192706935,0.358999386981183,0.587059222521677,-5.92346244451938
"Q2M389",-0.27870840971378,0.0866797247850818,-0.939070907015712,0.35904859992525,0.587059222521677,-5.92355245484068
"Q86UW8",0.661888235091465,-2.62732685446534,0.938452865975412,0.359358165924541,0.58719396897278,-5.92411826177553
"Q00535",-0.537031971147881,-0.60354455155609,-0.937659646685819,0.35975574035802,0.587472260786786,-5.92484394386326
"P49591",-0.156686037562718,0.257494987769954,-0.936435403727945,0.360369934876012,0.587744477715075,-5.92596285229629
"Q02543",-0.187360643081812,-0.572765207397657,-0.936420980925187,0.360377174923943,0.587744477715075,-5.92597602620532
"Q12979",-0.180853012435488,0.11174660628637,-0.935268369897551,0.36095608779321,0.588317457090446,-5.92702823221068
"P07910",-0.250542590185167,-1.00317567838846,-0.934702483717679,0.36124054091563,0.588410080823506,-5.92754439070006
"P55789",0.27777844362456,-0.28723824112832,0.933439434487786,0.361875982047091,0.588446324151767,-5.92869542007151
"P39748",-0.31681979531947,-1.08865851331401,-0.933316591923958,0.361937824493704,0.588446324151767,-5.92880729191874
"Q14344",-0.401800798604379,0.656360632456288,-0.933300933137621,0.361945708085613,0.588446324151767,-5.928821551298
"Q15029",-0.273663930528177,-0.400526316141466,-0.932147476395914,0.362526747644487,0.589020517071653,-5.92987132435745
"P62318",0.254511249874133,0.283612983463791,0.930797628748942,0.363207515506344,0.589755921849183,-5.93109832944147
"Q9UN86",0.398464383948446,-0.467995017958346,0.929633197495264,0.363795464499966,0.590339783887265,-5.93215548714056
"Q96S52",-0.476180653562393,-0.698086623394023,-0.928505182780075,0.364365637158673,0.590894085354561,-5.93317843033858
"P35222",-0.216027739117431,-0.283357032249787,-0.92795564939469,0.364643625287194,0.590948963284435,-5.93367636507885
"Q9H313",0.184998795484518,-0.15165166265981,0.927534647692849,0.36485669067774,0.590948963284435,-5.93405765442034
"Q9Y6R0",-0.25879366526233,0.596871757973458,-0.926692171168744,0.365283312479129,0.591269482002848,-5.93482018673607
"Q9P2R3",-0.33490376490977,-0.233318435967837,-0.926043631933266,0.365611954884385,0.591431103489447,-5.93540675338662
"P10809",0.210106583298123,0.091886606713911,0.92477918027175,0.366253277945567,0.591832302383549,-5.93654929804018
"P13987",0.197372375398491,0.557048919680692,0.924311294346638,0.36649077870347,0.591832302383549,-5.9369717128004
"P53041",-0.189999939410379,0.271120889265707,-0.924200930828284,0.366546814745092,0.591832302383549,-5.93707132222402
"Q8N465",0.349915665278198,-0.0878498557719036,0.923369775935053,0.366969010763382,0.59214412785477,-5.93782113788024
"Q9UID3",-0.379317658189862,-0.238069125466295,-0.92097172980138,0.368188959427298,0.593576606039158,-5.93998104517715
"P27635",0.151761825186558,-0.238709448183969,0.920722301322568,0.368316006223137,0.593576606039158,-5.94020540899905
"Q8NDA8",0.702848023864318,-0.173966405986547,0.91845647779359,0.369471453414183,0.59506773026521,-5.94224099588211
"O95571",0.194373700615235,-0.199715605575622,0.916498106466597,0.370472070714285,0.596307785053815,-5.94399667185172
"Q6YN16",0.224267502618898,0.375768524035513,0.915695460746094,0.370882700816058,0.596422674134183,-5.94471525052828
"P50453",0.272909642152414,-0.41464673475049,0.915245901084577,0.371112826552282,0.596422674134183,-5.94511747250474
"Q8N608",0.345442989246899,0.505296242540874,0.915006091764263,0.371235621927234,0.596422674134183,-5.94533195640477
"Q13451",0.816592176498823,0.19216916684734,0.914288619506344,0.371603168814658,0.596642354898069,-5.94597335143964
"Q5JVS0",-0.909267918531727,0.652590002433963,-0.912418343793055,0.372562416972607,0.597617182296735,-5.94764314492722
"Q96S19",0.971744582836202,-0.292268674941994,0.911883949199881,0.372836806718116,0.597617182296735,-5.94811968000819
"Q14914",0.25082494177252,0.294698550933701,0.911345050774798,0.373113645546634,0.597617182296735,-5.94859997211512
"Q7L266",0.225008574220317,0.137356902651181,0.911303374611058,0.373135060822797,0.597617182296735,-5.9486371050668
"Q96CW1",-0.248768351138824,0.06004477318886,-0.908323525820195,0.374668379974357,0.598826120762665,-5.95128807765779
"P25685",-0.187773721463498,-0.226149357454385,-0.90765909440674,0.375010843121428,0.598826120762665,-5.95187809210385
"P11279",-0.268022608738084,0.332690016769952,-0.907501338915202,0.375092184519411,0.598826120762665,-5.95201812064094
"P61225",0.361201943786296,0.464737517388675,0.906157652421081,0.375785488065228,0.598826120762665,-5.95320991212291
"Q9Y262",-0.355537989104128,-0.138651529559205,-0.905731060852782,0.376005775228214,0.598826120762665,-5.95358794138551
"Q16795",-0.20287837675187,-0.732887982352743,-0.90548458817675,0.37613309013097,0.598826120762665,-5.95380628165804
"P09471",0.277740350779498,0.161053240567383,0.90499801062632,0.376384514818342,0.598826120762665,-5.95423716110472
"P57088",0.573735691962763,-0.211198765603247,0.904353787464918,0.37671757012363,0.598826120762665,-5.9548073135442
"Q9BRA2",-0.244967472501023,-0.0242374093796381,-0.904211047029422,0.376791391641628,0.598826120762665,-5.95493359170155
"O95881",0.216315701183257,0.288004391591409,0.904157283957584,0.376819198950127,0.598826120762665,-5.95498114952532
"P16219",0.245501418683633,-0.29235581648974,0.903623448525703,0.377095383037026,0.598826120762665,-5.95545322965394
"Q9Y287",0.423373207274517,0.154626929895463,0.902925121400115,0.377456871208139,0.598826120762665,-5.95607038624073
"A8MVW0",0.387759807387134,-0.374399156700128,0.90264409092783,0.377602411204564,0.598826120762665,-5.95631862730784
"Q13148",-0.220900702149965,-1.25022000486207,-0.902601477551895,0.377624483062917,0.598826120762665,-5.95635626254588
"Q9BTW9",-0.262070593070252,0.0134774183238373,-0.902529931743058,0.377661542578082,0.598826120762665,-5.95641944663121
"P23515",-0.315399640813598,1.16550909778769,-0.902126458838946,0.377870579901945,0.598826120762665,-5.95677567861965
"Q53GS9",0.305113023816027,0.0393745308651773,0.90123255135727,0.378333982488742,0.598826120762665,-5.9575644011852
"O76021",0.323471413698018,-0.265081621428215,0.900702446768579,0.378608967295313,0.598826120762665,-5.95803178981294
"Q9NQW6",-0.562464115168769,0.683606093704099,-0.899974725661603,0.378986678932816,0.598826120762665,-5.95867300376181
"P07954",0.202990041961202,0.0367559960235218,0.899927697765854,0.379011096577878,0.598826120762665,-5.95871442488133
"P45974",-0.231886249642524,-0.469052441770764,-0.899654123265831,0.379153161569834,0.598826120762665,-5.95895534375253
"Q6GYQ0",-0.275895113377962,-0.343377033570883,-0.899630022713867,0.37916567848021,0.598826120762665,-5.95897656428049
"Q13162",0.280348213152016,0.379806878527545,0.899529413352967,0.379217934115467,0.598826120762665,-5.95906514514764
"Q9UPY6",0.188023879433283,0.33698169332454,0.897194950755992,0.380431774099057,0.60018079534498,-5.96111795121305
"Q9H299",0.26073982671653,0.219866393493659,0.896552472423985,0.380766291531301,0.60018079534498,-5.96168205311558
"P62879",-0.239836805503907,0.0732782016865513,-0.896357011793807,0.380868100086713,0.60018079534498,-5.96185359564947
"P35659",0.311660206197103,-1.11832722781684,0.8960951548415,0.381004520371803,0.60018079534498,-5.96208335583694
"P11142",-0.164522497924971,0.162827967367313,-0.894547980564161,0.381811215334146,0.601085256783659,-5.96343962744455
"P39023",-0.215652694914641,-0.225092212800435,-0.893086403480731,0.382574316258407,0.60127671558932,-5.96471888347374
"P16615",-0.2682791849566,-0.969385250804608,-0.892531780849756,0.382864152571545,0.60127671558932,-5.96520381732185
"Q9BPU6",0.185473206664043,0.776678097887936,0.891774879920298,0.38325992992525,0.60127671558932,-5.9658651658001
"P63027",0.392771457382634,0.0554587477503893,0.891200430827596,0.383560484847644,0.60127671558932,-5.96636675084885
"Q969T9",-0.215612846610093,0.312228690208274,-0.890862447593975,0.383737392170726,0.60127671558932,-5.9666617247647
"P50395",0.20074832713724,0.54539033367832,0.889860676105346,0.384262055913928,0.60127671558932,-5.96753541304027
"Q13564",-0.166142967525403,0.260709460546295,-0.889561909480491,0.384418622242721,0.60127671558932,-5.96779580517473
"Q7L5D6",-0.513901751665678,-1.09856686049488,-0.888709462544777,0.384865571524694,0.60127671558932,-5.96853831874095
"Q5H9L2",0.301728244853736,-0.572683443500408,0.888677080656163,0.384882556526872,0.60127671558932,-5.9685665116712
"P15104",0.36161780819006,-0.507846653190406,0.888458396475215,0.384997274045322,0.60127671558932,-5.96875688185269
"O75947",0.228129576852243,-0.711997757737977,0.888033838120736,0.385220053497672,0.60127671558932,-5.96912634760093
"P61221",-0.170539999657484,0.263624873073424,-0.887755402096575,0.38536620393783,0.60127671558932,-5.9693685642185
"O95861",0.163752348187711,0.372478836121718,0.887659038024116,0.385416793724805,0.60127671558932,-5.96945237680442
"P78310",0.375520073603252,0.675295791599464,0.887425225684259,0.385539560099414,0.60127671558932,-5.96965570009952
"Q99689",0.466437365808076,0.174041495963324,0.887222864524877,0.385645833379315,0.60127671558932,-5.96983163361579
"Q86V88",0.441703888758007,-0.407298992676528,0.887082627664848,0.385719492375253,0.60127671558932,-5.96995353436705
"P42025",-0.223150638167224,0.394227451899767,-0.886763651491221,0.385887068148039,0.60127671558932,-5.97023073799737
"Q9H9P8",0.201103763516214,0.0183594415067846,0.884545120570595,0.387053909798997,0.602731540259281,-5.97215619341484
"P11586",-0.291099861526866,-0.232656826215756,-0.883046224137894,0.387843569197465,0.60359760769142,-5.97345456483297
"P00568",0.32291599590841,-0.0169871573762684,0.880862538100171,0.388995886190491,0.604506385545104,-5.97534248088276
"Q9P0L0",0.21228305122819,-0.257023820520375,0.880717249873436,0.389072633434977,0.604506385545104,-5.97546793759812
"P63172",-0.545568316772648,0.536767144461121,-0.879730452367962,0.389594163362628,0.604506385545104,-5.97631953452515
"P51531",0.299656787177142,-0.358083183293581,0.879576818158302,0.389675401401964,0.604506385545104,-5.97645204018938
"Q08378",-0.405711098460099,-0.0569328127287895,-0.879019346197608,0.389970272247156,0.604506385545104,-5.97693266657616
"Q86T65",-0.446846819681744,0.513276844898858,-0.878984580092727,0.389988666373127,0.604506385545104,-5.97696263098401
"O00487",-0.28553164292167,-0.0101455253217372,-0.878841320420677,0.390064468506473,0.604506385545104,-5.97708609291049
"O75436",-0.199552091204481,-0.0539675153625611,-0.876543707640734,0.391281508964501,0.606029179552567,-5.97906365087148
"Q9Y5K8",0.206799972122219,0.210435395910866,0.874049574177088,0.392605454683051,0.607454756564469,-5.98120494635346
"P07437",-0.342354093632886,-0.146442333695878,-0.873924518460762,0.39267191420473,0.607454756564469,-5.98131216250944
"Q9C005",0.188185272668423,-0.142935500364787,0.873439463783801,0.392929760836839,0.607490090767482,-5.98172788871944
"Q00325",0.252432034807857,-0.74970861957181,0.872693925907045,0.393326291304823,0.607739667078881,-5.98236645197016
"P51659",0.14374054617954,-0.0640415404717094,0.87081079913962,0.394329035556759,0.608439472280605,-5.98397713295007
"P39687",-0.243397583454857,-0.491306144468193,-0.870639682876426,0.394420235617666,0.608439472280605,-5.98412333328228
"P62888",0.208320791331246,-0.0081852428100712,0.870007584979821,0.394757244861003,0.608439472280605,-5.98466316242504
"Q9Y5X1",-0.473705030164311,0.476009174152348,-0.869800815167745,0.39486752694864,0.608439472280605,-5.98483967095815
"P23246",-0.207782104845096,-0.486213348729876,-0.869634836171081,0.394956067499751,0.608439472280605,-5.98498133046698
"P42658",-0.248235137073731,-0.0474402806461989,-0.869109690732869,0.395236288535213,0.608508520466662,-5.98542936627519
"Q9UPR5",0.252664828343311,-0.323610417671567,0.867988205527019,0.395835153771459,0.608964551456103,-5.98638534106356
"Q13765",0.22893120121685,0.296432784988742,0.867672882044869,0.39600364061807,0.608964551456103,-5.98665392317693
"O43505",-0.315236050788999,0.419081566935567,-0.865826240063406,0.396991293807786,0.610078402547618,-5.98822502059317
"Q14376",0.309875771386878,-0.196764325505712,0.865348553263676,0.397247039025141,0.610078402547618,-5.98863092609538
"P40925",0.181870567222654,0.342799583005131,0.864995757716518,0.397435988352104,0.610078402547618,-5.98893057459199
"Q96DD7",0.206758363277697,-0.0894268674675477,0.863833919721986,0.398058655218087,0.610671586788579,-5.98991658811618
"O95622",0.266040335307185,0.399660404049897,0.861702974575884,0.39920234328945,0.610885926953498,-5.99172186458271
"Q96GD0",0.16967982603708,0.505994131512223,0.861580658498619,0.399268055493628,0.610885926953498,-5.99182536211243
"Q5T440",-0.512012834615913,-0.121621292210708,-0.861432024531432,0.399347915968749,0.610885926953498,-5.9919511101805
"Q9H7C9",0.30167112821299,0.516148944888392,0.861199168999602,0.399473049193712,0.610885926953498,-5.99214807144573
"P29401",0.182768297315737,0.146887316243352,0.860678485243102,0.39975294912424,0.610885926953498,-5.99258831444357
"Q86WG5",-0.526263407166654,0.185468578285436,-0.860525867960059,0.399835014492328,0.610885926953498,-5.99271730709156
"P49755",0.280312901759395,-0.634048913011938,0.86049315424343,0.399852606733199,0.610885926953498,-5.9927449540811
"P60842",-0.521488783514203,-0.227869792841357,-0.857285745442405,0.401579868412051,0.612251438334962,-5.99545087248609
"Q14498",-0.230273403646665,-0.118583028953882,-0.857223406386465,0.401613487131853,0.612251438334962,-5.99550337190865
"Q9NP72",0.187621248689517,-0.172858836296506,0.85713628532433,0.401660473545018,0.612251438334962,-5.99557673580811
"Q92598",-0.174159405793543,0.403883075189211,-0.85707452030523,0.401693787008161,0.612251438334962,-5.99562874341817
"Q8N111",0.32677958958222,-0.387065658110949,0.856570253894854,0.401965834007767,0.612305056517429,-5.99605321784658
"O14734",-0.395102236102454,-0.620985884991193,-0.854571958803464,0.403045066111459,0.613552819679701,-5.99773303975616
"P08574",0.226874262307335,-0.725663022817731,0.854175016977853,0.403259667557374,0.613552819679701,-5.99806628727983
"Q9NW68",-0.650737251087693,1.05405381491513,-0.852172148047023,0.404343617192321,0.614840147318911,-5.99974558235998
"Q8NFF5",0.590799248368546,0.0109937014356007,0.851491102101036,0.404712625782759,0.615039469517009,-6.00031576936155
"P07237",0.172420804752259,0.0502239773309167,0.850952520449184,0.405004597085017,0.615121553152038,-6.00076638281328
"Q9H0Q3",0.446847220511635,0.456127200090547,0.850090161429642,0.40547237429373,0.615286566666636,-6.00148733962417
"O75380",0.251905169076389,-0.76724359353637,0.849874728066162,0.405589288046402,0.615286566666636,-6.00166734227014
"P26373",0.210998890013597,-0.240001060999105,0.846466471760108,0.407441804507409,0.617581852988217,-6.00450943782572
"P18621",-0.18123323664593,-0.104397264537717,-0.84578190514015,0.407814546980043,0.617581852988217,-6.005079010253
"P50150",-0.253434335348851,-0.31922445129446,-0.845364870355267,0.408041727242059,0.617581852988217,-6.00542578151925
"Q9UBQ7",0.179981383545843,0.475810710851412,0.845335092993708,0.408057951606914,0.617581852988217,-6.0054505358133
"Q9H6R3",0.291571759117703,0.188406354222359,0.844786663801461,0.408356840416747,0.617672576054588,-6.00590630717845
"P26196",0.245565233581421,-0.665729025062632,0.844039292322176,0.408764377031004,0.617927435453301,-6.00652696730675
"Q01844",0.340232481812183,-0.104419090292591,0.842670138340643,0.409511643868362,0.61869526557552,-6.00766266848812
"P16104",0.37046222795649,-0.529033226340049,0.84129306732714,0.410264114218001,0.619212609736772,-6.00880320998877
"Q96FN4",0.493552053378351,0.902382416502952,0.841080277058623,0.410380467734963,0.619212609736772,-6.00897929629953
"P23471",0.174297285528442,0.595446516802475,0.840728814017572,0.410572693651384,0.619212609736772,-6.00927004527864
"Q9UPR0",-0.367372370176884,0.698322528792556,-0.839465634624118,0.411264040884678,0.619893612645419,-6.01031408282401
"O95822",0.345954935290742,0.0746278332743635,0.838571687695855,0.411753754159305,0.620270078381004,-6.01105206273788
"P49006",0.26157132816691,0.764005233468689,0.837721834962625,0.412219657652241,0.620610259191056,-6.01175296416826
"P49789",0.185908915175932,0.415294553445976,0.835185832541775,0.413611937526193,0.62132565141076,-6.01384056221529
"Q9NRF8",-0.359342509814033,0.830519722211923,-0.834825562041265,0.413809971167637,0.62132565141076,-6.01413665404282
"Q9UIA9",-0.23472113216834,-0.322993147458063,-0.834787188672709,0.413831067819718,0.62132565141076,-6.01416818457132
"Q9H074",0.218941330542109,0.346914221403487,0.834746144987385,0.413853633299656,0.62132565141076,-6.01420190774726
"O75643",-0.197809811682012,-0.416137556501573,-0.834667955342736,0.41389662349297,0.62132565141076,-6.01426614730183
"P38919",-0.309199605608215,-0.023641898141366,-0.830693048234917,0.416085855454916,0.624071203076837,-6.01752450307469
"O00571",-0.234552010605446,-0.610732217459682,-0.830470914393452,0.416208415514301,0.624071203076837,-6.0177061662475
"Q9NQX3",0.187860330769655,0.0127641503593994,0.826990239924545,0.418131838766058,0.626547225871139,-6.02054678973882
"P62753",0.15080887512765,-0.381835169839526,0.826606041922073,0.418344492012992,0.626547225871139,-6.02085965810925
"O75390",0.242628764397536,-0.160718847352943,0.823730527060647,0.41993826425491,0.628384531203506,-6.02319701038582
"Q9UIC8",0.302809588557951,0.233591562963378,0.823397432310359,0.420123132301603,0.628384531203506,-6.02346727499335
"Q9GZY8",0.448541752337264,-1.28625460037007,0.822634208747758,0.420546916657388,0.628384531203506,-6.02408615119093
"Q9BY11",-0.23653420372607,0.513462501209953,-0.822458456682466,0.420644542322932,0.628384531203506,-6.02422858778228
"Q6PIU2",0.302848372826663,-0.610825495720405,0.822202578543295,0.420786701552522,0.628384531203506,-6.02443591109392
"P55084",-0.256671777489202,-0.212550733770583,-0.821362389986804,0.421253702112198,0.62855294851328,-6.02511624472004
"Q13813",-0.127731603858365,0.178970206412399,-0.821124860431981,0.421385787146427,0.62855294851328,-6.02530846418913
"P46776",-0.210289498386616,-0.163975181518056,-0.819422275099908,0.422333324066474,0.628975593128869,-6.02668475499213
"P00352",0.394248861838224,-1.45119239641447,0.819344122404489,0.42237685052524,0.628975593128869,-6.02674786607655
"P45381",-0.444112658455153,0.933109046902168,-0.818645298300521,0.422766180362899,0.628975593128869,-6.0273119419876
"Q9NY65",-0.33078771785438,-0.996448884989183,-0.818432940778666,0.422884534129006,0.628975593128869,-6.02748326355143
"P21291",0.274224644934829,0.691656210765298,0.818430816914213,0.422885717933452,0.628975593128869,-6.02748497679111
"Q68DU8",0.239416603350586,-0.0660224386090898,0.817706892149554,0.423289342597307,0.629213887644645,-6.02806869750865
"Q9UPT5",-0.418126849167802,-0.628647342867027,-0.815723546284238,0.424396402304983,0.630103181924677,-6.0296654567166
"P56385",0.547148848365015,-1.26695256165866,0.815297219466218,0.424634606434164,0.630103181924677,-6.0300082131561
"Q9NUQ9",-0.163022587551586,0.154691963419643,-0.815263378703762,0.42465351809147,0.630103181924677,-6.03003541314916
"P48739",-0.236766895702504,0.695911342617193,-0.814889290706671,0.424862609707819,0.630103181924677,-6.03033602151058
"Q14318",-0.564095514055498,-0.947309482286212,-0.809832008502355,0.427695668033698,0.633941113455911,-6.03438729796237
"Q92736",-0.196040421251552,-0.395019525392118,-0.809386061639501,0.427946052262191,0.63394873644571,-6.03474340645101
"Q8N6T3",-0.532544518338022,-0.935565631204578,-0.80886355117721,0.428239541334005,0.634020168584424,-6.03516042135167
"O14672",-0.245878320852486,0.583116595567584,-0.808154854599416,0.42863781096018,0.634246560579317,-6.03572562924836
"Q9Y608",-0.2911185482426,0.539300455809245,-0.80608547264295,0.429802079364114,0.635605477778166,-6.03737337804453
"Q5TDH0",-0.200283255428564,0.294309927220772,-0.805553372144869,0.430101767487498,0.635685002261396,-6.03779642601183
"Q8TC26",-0.377003284028206,-0.930934521242468,-0.801870044270302,0.432179863322114,0.638391398107236,-6.04071770670414
"Q14257",-0.431831923064554,0.312449864464942,-0.799715719729422,0.43339821064544,0.639825456606775,-6.04242051914859
"P99999",-0.239436119930956,-0.154462278993355,-0.797918749796933,0.434416096743569,0.640962106211259,-6.04383759508687
"Q9UBV2",-0.280983163073615,-0.217233131718492,-0.796895374326008,0.434996447943491,0.64145226351051,-6.04464328776149
"Q49A26",0.364834641801406,-0.592869750414694,0.79611696725912,0.435438201498113,0.641737600269453,-6.04525547150183
"Q13555",0.214440484593868,-1.15114104732667,0.793444969054381,0.4369567066988,0.643575611079202,-6.04735262281132
"Q15185",-0.256662947322863,-0.443561620792424,-0.793046783636462,0.437183277777593,0.643575611079202,-6.04766457850141
"Q6UWE0",-0.260942187754189,0.0467922254147418,-0.792555830226777,0.437462734978099,0.643620472349679,-6.04804901079803
"Q96MR6",-0.263039567682698,0.421358787792066,-0.791637162395983,0.437985950387852,0.644023709756882,-6.04876775833508
"P14854",0.19096547648314,-0.514326108612167,0.788401297754148,0.439831981763834,0.646370479169704,-6.05129321513206
"P06241",-0.218849279349881,0.0444252120180211,-0.785047519465152,0.441750350779625,0.648820827707574,-6.05390046757442
"Q86UY8",-0.268018644580192,0.292589911125377,-0.783718913448312,0.442511741932099,0.649570047072389,-6.05493045405884
"P30622",0.439797885495738,0.55267160715857,0.782928566795384,0.442965053436898,0.649692562632327,-6.05554238505078
"Q9BXF6",0.327745306898928,-0.505352430680138,0.782547546412113,0.443183693776686,0.649692562632327,-6.0558371856558
"P54687",-0.247432942773765,0.346084221900899,-0.782259199841844,0.443349199413317,0.649692562632327,-6.05606019380514
"P05230",0.387666594029508,0.32809392099215,0.781554491434704,0.443753849214489,0.649917110605922,-6.05660489305148
"Q92538",0.415109801835555,-0.0560302689308778,0.78013495663002,0.444569648354833,0.650743228197759,-6.05770071380997
"Q8N7J2",0.240610135990263,0.123120513769433,0.779457664451196,0.444959209285767,0.65094485342598,-6.05822289596367
"Q92616",-0.305748892769478,0.0779588472474593,-0.776256723620135,0.44680314381581,0.652897794504216,-6.06068501297139
"P58546",-0.190252422590921,0.931219428371375,-0.775977090119527,0.446964451776087,0.652897794504216,-6.06089965118959
"Q96IJ6",-0.230705080590296,-0.0279206975168131,-0.775328883682415,0.447338510097913,0.652897794504216,-6.06139691557375
"P43243",0.207881798304947,-1.02070625344141,0.775264777432833,0.447375514096328,0.652897794504216,-6.0614460727671
"Q5T848",-0.215815769022092,-0.632709719488578,-0.774746461289446,0.447674770172035,0.652897794504216,-6.06184338159787
"Q9UNF0",0.193059668176343,0.0263466742461833,0.77451302093079,0.447809589808888,0.652897794504216,-6.06202224090992
"P68036",0.190466152362632,0.719231710245735,0.773273616199712,0.448525803893989,0.653413192367444,-6.06297101054234
"Q96GG9",0.330998738786122,0.0490742741575986,0.772670728738168,0.448874447329887,0.653413192367444,-6.06343200743466
"Q96ID5",0.192850965465647,0.21422587181592,0.772589551163898,0.448921404117826,0.653413192367444,-6.06349405392722
"O43324",0.330914247063582,-0.348529147024446,0.771799653409127,0.449378473562667,0.653438451954357,-6.06409747707175
"Q15404",0.18452933112598,-0.209741527678927,0.771685899210962,0.449444320145008,0.653438451954357,-6.06418432904366
"Q9NY59",-0.355351152818055,0.244064530494191,-0.770716767290492,0.450005540893777,0.653486321960007,-6.06492377889484
"Q9H9S3",-0.370468656490042,-0.281015410561533,-0.770262032113656,0.450269023815927,0.653486321960007,-6.06527044184893
"P53992",-0.176187459045153,-0.324381511946001,-0.770023011874852,0.450407554814424,0.653486321960007,-6.06545257950995
"Q9NVT9",-0.354918269139004,-0.269611554529265,-0.769883468431238,0.450488443223494,0.653486321960007,-6.06555888952493
"O00743",-0.700489534999227,1.68057089235987,-0.768985377056298,0.451009247189843,0.653699333003516,-6.06624265962029
"Q9BXS5",0.228501506631612,-0.178881362266531,0.768758195081326,0.451141048386179,0.653699333003516,-6.06641550780176
"P25398",0.158633819251245,0.319785487964085,0.765064316658164,0.453287371066487,0.656441374905808,-6.06921920387364
"P08865",0.171554727747702,0.0920294647002174,0.76407022218215,0.453866047151888,0.656879170055647,-6.06997156384858
"Q7Z3J2",0.408337702998817,-0.431898771216364,0.763672140034825,0.45409790208489,0.656879170055647,-6.07027258608438
"O75688",-0.125042395230753,0.00918986866439177,-0.762991232399785,0.454494649790991,0.657015751621558,-6.07078713348043
"Q13496",-0.244056452237426,0.178721510211714,-0.762637832809487,0.454700649768266,0.657015751621558,-6.07105401977441
"Q09470",-0.304374088760072,-0.702603644130035,-0.76093845420966,0.45569202500135,0.658080382474017,-6.07233576016246
"O00408",-0.309073410993732,0.394923503818419,-0.755938138442491,0.458616675825266,0.661165052713105,-6.07609158597452
"P11532",-0.304219196600242,-0.302732412818697,-0.755800530663422,0.458697321715553,0.661165052713105,-6.07619461587956
"P62158",0.1635420074003,0.105618965773797,0.755581933742011,0.458825449403555,0.661165052713105,-6.07635824776823
"Q9BUL8",-0.274491867875241,-0.2866557295072,-0.755037117649247,0.459144880184506,0.661165052713105,-6.07676587868274
"P07737",-0.227593968983614,0.487952454894971,-0.754489272562295,0.459466222225058,0.661165052713105,-6.07717549654466
"P07738",0.217756024756956,-0.10003516731796,0.754345442647475,0.459550609068267,0.661165052713105,-6.07728299019158
"Q9Y376",0.133716370002744,-0.0333492603845433,0.754229886987161,0.45961841382029,0.661165052713105,-6.07736933862097
"P42766",-0.25405743901768,-0.0580124888582902,-0.752505992631917,0.460630662088906,0.662182448024229,-6.07865603042103
"P61026",0.133816477380131,0.113955097719008,0.752153174663825,0.46083799767721,0.662182448024229,-6.07891902697174
"Q86UR5",-0.218033710141646,-0.201356597366362,-0.751615139086447,0.461154285708202,0.662268793642057,-6.07931986407103
"O43290",0.292693876182293,0.0435218342337759,0.74984535673435,0.462195586481741,0.663232975198612,-6.08063644619493
"P35052",0.171709986810729,0.472220551832171,0.749602125132239,0.462338809016595,0.663232975198612,-6.08081716308532
"Q96AX1",0.267222616508623,0.0523183816495519,0.74831359406519,0.463097982216589,0.663743567726313,-6.08177359717879
"P50502",0.160800156436078,0.43642768137352,0.747803473961183,0.463398740159199,0.663743567726313,-6.0821518136839
"Q641Q2",0.168648903903223,0.165082612912215,0.747343403508941,0.463670090252823,0.663743567726313,-6.08249271341121
"Q13491",0.157617979576295,0.635154205945736,0.746756828038996,0.46401619142679,0.663743567726313,-6.0829270629114
"Q8N573",-0.153170312233693,0.181207807259799,-0.746710327381554,0.4640436351597,0.663743567726313,-6.08296148212082
"P26012",0.393240387192469,0.46534128317834,0.746140117867745,0.464380240272631,0.663743567726313,-6.083383379698
"Q8WW22",0.210892092125972,-0.0289423371132627,0.745869955459912,0.464539773193427,0.663743567726313,-6.08358316648863
"Q9NVJ2",-0.246818814737886,0.00927723818435577,-0.745292646996307,0.464880788260936,0.663743567726313,-6.08400986090307
"Q86X10",0.300865848254521,-0.21870618988105,0.745081333235697,0.465005648414837,0.663743567726313,-6.0841659670594
"Q9BPX5",0.178019611091077,0.242574380802868,0.744534126075323,0.465329073169538,0.663838661226962,-6.08457001732104
"P54920",-0.119282830813835,0.00189126931794048,-0.743547013237244,0.465912843144998,0.664304853574087,-6.08529817937489
"O15294",-0.471579280198606,-0.915691807930059,-0.742532679416682,0.466513167734488,0.664794122708739,-6.08604547157779
"Q13363",0.221822405868736,-0.314541583844693,0.742033450119862,0.466808802006905,0.664800937481399,-6.08641291616027
"Q71UM5",0.231986602619701,-0.555003628251893,0.741656156224915,0.467032302694863,0.664800937481399,-6.08669045860788
"Q13557",0.308361414069612,-0.574364893487413,0.740997799534092,0.467422451977717,0.664903925677296,-6.08717443543964
"P38646",-0.170494740460865,-0.172745912358779,-0.74024977540594,0.467865975323205,0.664903925677296,-6.08772383683648
"Q9ULH1",-0.303793840633851,-0.495214822931927,-0.740232363908582,0.467876302052999,0.664903925677296,-6.08773661882128
"Q96I15",0.209937534907652,-0.0494161978420141,0.737014018053414,0.469787433219248,0.667253030149317,-6.09009436674243
"O00291",-0.399285388836175,-0.0973132823625343,-0.733114030037198,0.472109558532187,0.670041022695694,-6.09293847317932
"P30531",0.23664489350919,-0.245298055490416,0.732497281842923,0.472477405007439,0.670041022695694,-6.0933869369152
"Q92905",-0.213479626627876,-0.0944892257919938,-0.732305672110568,0.472591721216604,0.670041022695694,-6.0935261918125
"Q96S97",-0.183589532060253,-0.102857056503035,-0.731978142550276,0.472787166497851,0.670041022695694,-6.09376414846949
"Q96DB5",0.219553830147528,0.294400465536382,0.730870188453321,0.47344866639294,0.670471040874209,-6.09456835267485
"Q14839",0.247656810888062,0.174354949825821,0.730270773438589,0.473806773450685,0.670471040874209,-6.09500295550979
"P46020",0.308695233762953,0.265401714481448,0.730167143927367,0.473868700842236,0.670471040874209,-6.09507805737215
"Q86SK9",0.349235241847623,-0.262121363514153,0.729200526830362,0.474446567125702,0.670921431083118,-6.09577809371723
"P62847",0.778744367861583,-0.455640964361064,0.728032468190602,0.475145416092426,0.671542318534129,-6.09662284603425
"Q99623",0.186301580560448,-0.618670389087372,0.727241298927555,0.475619117910256,0.671844491692902,-6.09719430013249
"P47755",0.158959966879959,0.129730582080889,0.725786438685374,0.476490923738298,0.672708376768706,-6.09824359722203
"Q9NZC3",0.303463815831149,-0.244301222447203,0.724702288676591,0.477141199293311,0.673032912344788,-6.09902423168162
"Q9Y4D8",0.687190256454667,-0.203223442761846,0.724439293063806,0.477299023489706,0.673032912344788,-6.09921343331123
"Q8TBF2",-0.206058355527188,0.240443434178267,-0.724101330723813,0.477501880557192,0.673032912344788,-6.09945647129338
"Q13838",-0.144679508431298,-1.03122379146689,-0.721153379123175,0.479273500110611,0.674872212580143,-6.10157187057383
"O75531",0.232843429057567,0.0694310820839288,0.720755552196096,0.479512876416199,0.674872212580143,-6.1018567184562
"Q8IVF2",-0.218467165551399,0.453673081066101,-0.720627335811081,0.479590040429293,0.674872212580143,-6.10194849089084
"Q9UQB3",0.134863298762425,-0.108558058666463,0.719043560227176,0.480543800257223,0.675846422015736,-6.10308082203755
"Q63HM9",0.246897736049228,-0.34020540620125,0.717940038153633,0.481209006143823,0.676413964590421,-6.10386839738912
"P23469",0.26610534663323,-0.468133844060699,0.71600993335266,0.482373775818742,0.677682723093178,-6.10524314272746
"Q92558",-0.183378871793864,-0.0155493539777497,-0.714430944041162,0.483327882979042,0.678654306084097,-6.10636519216068
"Q9Y266",0.115072878241936,0.255814729529483,0.713486238806861,0.483899250264942,0.679087710062364,-6.10703538855172
"Q01658",0.580919225646638,-1.39415972032754,0.711478286261427,0.485114990692571,0.680093121213791,-6.10845708460864
"P29144",-0.199378826389502,0.192470535608005,-0.71143393659202,0.485141862869722,0.680093121213791,-6.10848844273247
"P37840",0.307958699772945,0.778418821004725,0.709800520060753,0.486132181085973,0.680308405278417,-6.10964208351254
"Q8NC44",-0.185020202132006,-0.352369286751934,-0.709760913338348,0.486156208723737,0.680308405278417,-6.10967002550021
"Q6PHR2",-0.267771959639733,-0.203520876231586,-0.709611173237102,0.486247055640182,0.680308405278417,-6.10977565167515
"O75077",-0.213109121913517,-0.093195224710949,-0.7094445839423,0.486348136539464,0.680308405278417,-6.10989313836868
"P51572",0.186624652202463,-0.555094524017056,0.705626820676465,0.488667981637369,0.682828508757183,-6.11257843214717
"P47985",0.21389769663077,-0.308497639193547,0.705610285661447,0.488678043017713,0.682828508757183,-6.1125900324415
"O43181",0.166854105372332,-0.893210896416164,0.703901431818686,0.489718510812321,0.683912669070692,-6.11378750321677
"Q8IUD2",-0.207994741075559,-0.604184046212477,-0.699796238493416,0.492223277788515,0.686263746458171,-6.11665292692445
"P49770",0.432369781607915,-0.910046687489323,0.69971364321908,0.49227374884276,0.686263746458171,-6.11671041500684
"Q9H4G0",-0.228551942077623,-0.384573441659821,-0.69955726254337,0.492369315740301,0.686263746458171,-6.1168192416519
"P24666",0.212038703463754,0.202769083111247,0.699402463921177,0.492463926375206,0.686263746458171,-6.11692694456971
"Q12765",-0.177844983782888,0.184745335114343,-0.697788732168221,0.493450840649293,0.687268546917253,-6.11804836814499
"P38606",0.139196473890188,0.400839003324162,0.696389820986767,0.49430729917237,0.687660053216482,-6.11901851514349
"P29992",0.182205488477016,-0.87086665261806,0.696377630772026,0.494314766178232,0.687660053216482,-6.11902696094228
"P17174",0.145876646640515,0.1563510716468,0.696026304702406,0.494529995717385,0.687660053216482,-6.11927031129695
"O95502",0.298044931669601,0.576752152006602,0.694276085361305,0.495603019937142,0.688781616418017,-6.12048088278608
"Q08495",-0.161226313454426,0.259897322239037,-0.693014859507096,0.496377081747397,0.688942040704708,-6.12135143612435
"O75038",-0.223758077667422,-0.334474671323576,-0.69291911208861,0.496435873905738,0.688942040704708,-6.1214174637086
"Q8NAT1",-0.285387912672986,-1.55122392810784,-0.692218794494658,0.496866014270691,0.688942040704708,-6.12190014008864
"P55145",0.1953407398955,0.127872368761481,0.691976163089289,0.497015090223178,0.688942040704708,-6.12206725943192
"P62760",0.252425928162628,0.0663956807040791,0.691917679050015,0.497051027432991,0.688942040704708,-6.12210753365694
"Q8NFZ8",0.223613961428256,-0.0641754615655693,0.687913480073823,0.499515067752048,0.691986307684376,-6.12485726769082
"P28845",0.678070385936477,-3.56072647062417,0.686386067160622,0.500456821397513,0.692565158821348,-6.12590215950765
"P60660",0.114362959161221,0.0608823528619094,0.686366732221128,0.50046874919856,0.692565158821348,-6.12591537222514
"Q96AG4",0.177136195072035,-0.731311339189332,0.685763123971202,0.500841199207834,0.692709737802167,-6.12632767554944
"O43768",-0.166674875800848,0.407190615911141,-0.684673915133151,0.5015136842335,0.693268916440426,-6.12707080143692
"Q9H0U4",0.183536222962152,0.0860134386509321,0.681602212343694,0.50341294691416,0.695522430664406,-6.12916044784063
"O95169",-0.209302820819961,-0.640704206630804,-0.680903684548464,0.503845423805977,0.695748087894472,-6.12963439968291
"P27361",0.216738466972966,0.552495237971801,0.679047782318405,0.504995487371782,0.696876744043223,-6.13089138186919
"P54652",-0.322970158005729,0.91201334905658,-0.678714873811039,0.505201941329594,0.696876744043223,-6.13111651132784
"P32418",-0.24276251770412,-0.579223421857174,-0.675944656070899,0.50692175466866,0.698876125769859,-6.1329857906574
"O43491",-0.191197260041758,0.343895152225647,-0.674470256355203,0.507838445252811,0.699766727600489,-6.13397770968544
"Q9ULC4",-0.197515541336098,0.811964269937802,-0.673682323827973,0.508328717087874,0.69981158470288,-6.13450695333558
"P35244",-0.199240186670863,-0.116997194565679,-0.673542294557977,0.508415874876063,0.69981158470288,-6.13460094736585
"O43809",0.138717651213084,0.010504166640794,0.672535119623828,0.509043014948247,0.69981158470288,-6.13527646002451
"O60613",0.395721385966546,-0.111770712431492,0.67184170663921,0.509475037818038,0.69981158470288,-6.13574097196313
"Q9Y5J7",0.142596876725426,-0.356652421286395,0.671695577256431,0.509566108409092,0.69981158470288,-6.13583880457964
"P22392",0.154394824534833,0.400778764151252,0.67165263684995,0.509592871427002,0.69981158470288,-6.13586754902703
"Q9P2U7",0.295144548073786,-0.101931219347119,0.671374823779909,0.509766040230376,0.69981158470288,-6.13605347563654
"P20472",-0.626615050188166,-4.29885551848232,-0.670691017997546,0.510192417195149,0.700025158412664,-6.13651080056687
"Q9UK22",-0.218321387203313,0.0321916763932693,-0.669392621316333,0.511002566084062,0.700715797528342,-6.13737793620282
"Q08257",0.23310807266036,0.2084155927406,0.669015663322111,0.511237908757622,0.700715797528342,-6.1376293876718
"Q92529",0.381894816323386,-0.304067196676096,0.66437923389573,0.514137510149194,0.703950367346888,-6.14071107910282
"Q9NYB9",0.183164439177051,0.169466478924481,0.663949595020707,0.514406670237218,0.703950367346888,-6.14099561084397
"A6NKN8",0.322463394828052,-0.647007260946114,0.663300164709052,0.514813675025156,0.703950367346888,-6.14142536753172
"Q1KMD3",-0.235524314827692,-1.06964671781812,-0.663239200391473,0.514851891257415,0.703950367346888,-6.14146568968753
"O95858",-0.292086413566875,0.695017094798363,-0.662721666760231,0.515176377538881,0.703950367346888,-6.14180784687894
"P61204",-0.269317996149827,0.438092626268627,-0.662443250567476,0.515350987893374,0.703950367346888,-6.14199181073561
"Q05469",0.278473347257412,-0.188676240996828,0.662042820505706,0.515602178005554,0.703950367346888,-6.14225626594399
"P46779",-0.16738479294625,-0.105969019601512,-0.661765150733756,0.515776400678919,0.703950367346888,-6.14243955714014
"Q9HDC9",0.142413577479204,-0.752622857671854,0.660596049661561,0.51651030888376,0.704119179379515,-6.1432104808128
"P48539",-0.433287367573858,-1.88124933184128,-0.660402020666767,0.516632167825497,0.704119179379515,-6.1433383005804
"Q14D04",0.272698290091872,0.274974586816871,0.660266569263408,0.516717246917965,0.704119179379515,-6.14342751013882
"Q7RTR2",0.303671101079378,-0.503321682977677,0.658378154055849,0.517904203664776,0.704797689140751,-6.14466941668507
"P25705",0.199805157220068,-0.14600222019226,0.658193618141955,0.518020274527381,0.704797689140751,-6.14479059345466
"P54725",0.443781776249629,0.382419946700716,0.657692880966234,0.518335305191978,0.704797689140751,-6.14511924236645
"P05937",0.289905541777293,-2.94263330531434,0.657657419883206,0.518357619002338,0.704797689140751,-6.14514250748018
"Q9Y3C8",-0.141517991357227,0.0642184627085998,-0.657306575731759,0.518578415762363,0.704797689140751,-6.14537262277866
"Q9NYI0",-0.23013663506087,-0.874643568034792,-0.655525321818236,0.519700219765436,0.704958206008135,-6.14653911914659
"P52907",0.207157481724201,0.613248648542806,0.655283802412463,0.51985242845918,0.704958206008135,-6.14669705086907
"P40616",-0.25995864729889,-0.565808000933152,-0.654942368604956,0.52006764678203,0.704958206008135,-6.14692022258298
"O60231",-0.262554414085836,0.137021463852889,-0.654293998233802,0.520476474769603,0.704958206008135,-6.14734371140845
"Q9H254",-0.374614199689465,-1.57411199310088,-0.654121015582362,0.520585578610461,0.704958206008135,-6.14745662877175
"P37837",0.240325806318041,0.192902347871116,0.653968331948069,0.520681889978082,0.704958206008135,-6.14755627188392
"Q15008",-0.112703177519198,-0.224321622544297,-0.653691487268179,0.520856546162299,0.704958206008135,-6.147736887201
"Q99962",-0.252962652397218,-0.0208532025740134,-0.653462570740635,0.521000989916489,0.704958206008135,-6.14788617863031
"P04156",0.178669900180583,0.476795957787748,0.652914857365635,0.521346681083821,0.704958206008135,-6.1482431753465
"Q8N145",-0.307736101981535,-0.186700365031483,-0.652588726711828,0.52155257996585,0.704958206008135,-6.14845560960554
"O75489",0.153958809829166,-0.903401939615483,0.652361056701504,0.521696343556504,0.704958206008135,-6.14860384861766
"Q14289",-0.206012335161864,-0.428188907038702,-0.650142825063441,0.52309820802369,0.706466785198334,-6.1500455793454
"P02647",0.341388447812275,-0.0019164253944731,0.649427706613858,0.523550588003798,0.706466785198334,-6.15050936619971
"P11940",0.127407760593248,0.0332544779791703,0.649244730498774,0.523666372420377,0.706466785198334,-6.15062795606348
"P61313",0.185155487878925,-0.130236222368543,0.648415918277835,0.524191008980863,0.706466785198334,-6.15116472255358
"P02511",-0.280346097175144,0.419760810005144,-0.648320539566959,0.524251402142673,0.706466785198334,-6.15122645089235
"P24539",0.160442876321926,-0.585365063570172,0.648002960646874,0.524452518683019,0.706466785198334,-6.1514319227853
"Q9H2U2",0.161800034696932,-0.0431851583576597,0.647383350399973,0.524845028357351,0.706627290783204,-6.15183252996563
"O75533",0.12661157066454,-0.684200435636052,0.646203677669876,0.525592773293657,0.706930650059736,-6.15259422980936
"Q93034",0.102710618414598,0.101756642507111,0.645823566765935,0.525833834621852,0.706930650059736,-6.15283937933548
"P30419",0.143403183808867,0.152863810757523,0.645733804037197,0.525890769851015,0.706930650059736,-6.15289725094269
"Q14696",0.143434092174927,0.136459663411713,0.644752868848452,0.52651318443044,0.707147759153466,-6.15352917511504
"P51784",-0.284926433474475,-0.501106085225326,-0.644617049794757,0.526599395114284,0.707147759153466,-6.1536165980448
"Q13185",-0.193978076156629,-0.735601635451208,-0.640951882543831,0.528928777676539,0.709834719194158,-6.15596910291149
"Q9Y2Q0",0.257436663802405,0.225978517705829,0.640345228330108,0.52931487875832,0.709834719194158,-6.15635724734233
"P08708",-0.1304917198191,-0.266284523229723,-0.640173636110692,0.529424115515024,0.709834719194158,-6.15646697015562
"O96000",-0.175724461600447,-0.978341262314075,-0.639523514982147,0.529838099019164,0.709949048272026,-6.15688242757683
"P43004",0.285568040076851,-0.167192274349866,0.63915535095717,0.530072616749744,0.709949048272026,-6.15711752200504
"Q01081",-0.285179535635479,-1.53843507893769,-0.638746195657666,0.530333312268194,0.709949048272026,-6.15737863958234
"Q8N0X7",-0.20805776645889,0.0492167206827481,-0.637568454119835,0.531084108138682,0.71058613847748,-6.15812936439814
"P62873",0.168132239952603,0.309549355850832,0.634041904428322,0.533335710378358,0.713229597169196,-6.16036934148165
"Q9HAU5",0.403564077679297,-1.06918558495833,0.63127082050769,0.535108611272583,0.715030804338243,-6.16212110631625
"Q9H7Z7",0.163510720718061,-0.326728093314743,0.631072175418438,0.535235824523984,0.715030804338243,-6.16224639884841
"O95782",-0.16044644435657,-0.0313756744764671,-0.629083267183662,0.536510435777896,0.715540817738424,-6.16349878849862
"Q8NAV1",0.407027773294898,-0.270656629479471,0.629059658753268,0.536525575347902,0.715540817738424,-6.16351363164156
"O94856",-0.125535033789249,0.539355799430167,-0.628676465466646,0.536771341203468,0.715540817738424,-6.16375447899945
"Q5M775",0.502684128586941,-0.746900060818366,0.628468982897352,0.536904438225125,0.715540817738424,-6.16388482864552
"Q9C0C2",0.304350890636126,-0.304373601131565,0.628317506342295,0.53700161950195,0.715540817738424,-6.1639799667835
"Q92752",0.113178292328676,0.46522153678275,0.626990229920637,0.537853554134562,0.716306768386318,-6.16481265023671
"O43581",-0.21466286286595,0.0493785652006976,-0.626397649613256,0.538234147723736,0.716444527222378,-6.16518386720398
"P00918",0.241647027246886,0.656898768032717,0.624058945535907,0.539737635674052,0.718076061872067,-6.16664563959172
"P02652",0.426747948003343,-0.201443304308369,0.620783888828135,0.54184688046101,0.720480496699235,-6.16868384059544
"P20916",-0.367311172590941,0.863969293932777,-0.620387688736368,0.54210234664604,0.720480496699235,-6.16892971359063
"P04075",0.11917994730575,0.609513744157258,0.619187744319469,0.542876454543167,0.721138558578667,-6.16967345254097
"Q8N5S9",0.17224835696992,-0.0571730652436359,0.613529763835331,0.546534509196089,0.72562491333944,-6.17316168579407
"Q8TF74",0.169482812526496,0.304456409832306,0.612957587270264,0.546905169959422,0.725649747227957,-6.17351272772476
"P12429",-0.216610934287009,0.224677612666588,-0.612634319169887,0.547114645008622,0.725649747227957,-6.17371092003453
"Q9H936",0.185422117485247,0.330309832575933,0.61080534311537,0.54830061164682,0.726849785183092,-6.17483035257709
"Q9C0H9",-0.14435107820632,-0.225314759132178,-0.610317850137792,0.54861694853815,0.726896366976482,-6.17512818138352
"Q00587",-0.355784248898398,0.0427629216161104,-0.609052705630886,0.549438360550073,0.727611763330912,-6.17590004127278
"Q9UNW9",-0.494441634109121,-0.686038159475249,-0.607689010634958,0.550324489039817,0.728222591001117,-6.17673030084773
"Q08209",0.155503289735145,0.264290687434165,0.607475904245075,0.550463033971444,0.728222591001117,-6.1768598848167
"P61266",-0.217155257191028,-0.669718776817135,-0.606243121895311,0.551264854552854,0.728838326133654,-6.17760864661008
"Q8WXD9",-0.110507471823936,-0.247142948670623,-0.605893501017286,0.551492365925504,0.728838326133654,-6.17782073133902
"Q7Z3B1",0.242293724170037,0.380096387803872,0.605430990163869,0.551793415411019,0.728863555869946,-6.17810111573449
"P10301",0.354420806652402,-0.0953510698320902,0.60411362711831,0.552651366855147,0.729623995567189,-6.17889860113636
"P48426",-0.264862744104304,0.968602907690505,-0.602621944755266,0.553623696877444,0.730534587252778,-6.1797995945088
"P06730",0.16920366869782,-0.350686609842633,0.598978366847712,0.556002497081201,0.733299211711686,-6.18199133920352
"Q13630",-0.122946006092002,0.115065794416826,-0.596802456190012,0.557425653384712,0.734801281998715,-6.18329412253099
"P49756",-0.33347610065016,-0.994276235584473,-0.595639833156892,0.558186850625174,0.735124822281106,-6.18398834750022
"P83916",0.230144642580761,-0.49404351006426,0.595558906725676,0.558239855372461,0.735124822281106,-6.18403662169694
"Q8ND76",-0.151373151015549,-0.0939621397547244,-0.594791476338445,0.558742633725029,0.735412275040326,-6.18449409472188
"Q00169",0.089280353942303,-0.0450328712142737,0.59421395785571,0.559121148452928,0.735535963740875,-6.18483798446518
"P35241",0.217350027787001,0.910311620475604,0.591747977959005,0.560738898451956,0.736473789471228,-6.18630275629574
"P08621",0.219730418335545,-0.137595016905454,0.591289054335575,0.561040234213578,0.736473789471228,-6.18657470503748
"P62837",-0.171737103168484,-0.327445428747614,-0.591090916613844,0.561170360349811,0.736473789471228,-6.18669205452108
"Q15349",0.158003063192549,0.123384939667969,0.59091575173676,0.561285412268625,0.736473789471228,-6.18679576647644
"Q13435",-0.310208251633882,-0.522898456461129,-0.590789134793375,0.561368584555331,0.736473789471228,-6.1868707156235
"P16157",0.542710166435725,-0.948378522606774,0.590522948836808,0.561543458045567,0.736473789471228,-6.18702823021488
"Q02878",0.148843719081454,-0.0331356575054066,0.589214335139425,0.562403577320282,0.737227813069436,-6.18780160224791
"Q9NVP1",0.188944991000175,-0.490989315596826,0.58778902932159,0.563341174781933,0.737436150847751,-6.18864205504919
"P84098",0.152288856766383,-0.180220157221665,0.587714168648734,0.563390442215817,0.737436150847751,-6.18868614349292
"Q8N126",0.173315029436036,-0.188334761434738,0.587267448885837,0.563684484714226,0.737436150847751,-6.18894912202163
"Q13442",0.130052462562679,0.239335863463683,0.587238395959934,0.563703610860795,0.737436150847751,-6.18896621844787
"Q15366",0.135743343309465,-0.64986873978408,0.586701611127681,0.564057048118225,0.73752527535944,-6.18928194696866
"Q92859",-0.13788799220141,0.31474539399694,-0.585381804953455,0.564926541759978,0.738229749942686,-6.19005705207605
"P23368",0.129851030103103,0.217653559828919,0.58486376614857,0.565268017543213,0.738229749942686,-6.19036082929441
"P11217",0.145841512441195,-0.332105326172597,0.584548578047424,0.565475832466606,0.738229749942686,-6.1905455281681
"P32929",0.310501728129894,-0.2659797904625,0.584122801151192,0.565756625379068,0.738229749942686,-6.19079487904908
"P06132",-0.216583659997201,0.314105419305222,-0.583717868708106,0.566023738640775,0.738229749942686,-6.19103185997152
"Q7Z6Z7",0.117855568917756,-0.390550459432008,0.58180284045834,0.567287868097506,0.7391557769765,-6.192150454075
"O14525",-0.258285880295767,0.407691441642366,-0.581775944015655,0.567305633083705,0.7391557769765,-6.19216613938824
"P47897",-0.193739352375795,-0.393366621786494,-0.578685094179445,0.569349036705492,0.741444463417479,-6.19396398061638
"Q9HB71",-0.109782291081779,0.144319006117244,-0.578244089702478,0.569640899266914,0.741451019438556,-6.19421974395077
"Q14157",0.163835123953934,-0.685599064373857,0.575739651758531,0.571299826651476,0.743236060339238,-6.19566863711458
"P48637",0.10687665511834,0.485155344253178,0.57277845030834,0.573264502805982,0.745416871103352,-6.19737394304277
"P35573",0.121330127827123,0.0842882614605238,0.566088611365505,0.577715700473384,0.750827091867118,-6.20119521572219
"Q15717",-0.125697343193635,-0.885231698019395,-0.565556171998722,0.578070719967278,0.750910960359504,-6.20149748309375
"Q9P121",0.134379371276496,0.123927832381623,0.564193248431308,0.578979992563194,0.751685090773437,-6.20226996532884
"P62899",0.128844967981532,-0.030178605358982,0.563791374746256,0.579248240162741,0.751685090773437,-6.20249739642484
"Q92841",-0.139070795135385,-0.84505582076348,-0.562676013330148,0.579993064550628,0.752273994913886,-6.20312778800067
"P51513",-0.307506484747226,-1.5389843807465,-0.561100613072743,0.581045920789933,0.752726461349831,-6.20401613128197
"Q9NTX5",0.18527026341195,0.226754385765726,0.56086921955217,0.581200644611862,0.752726461349831,-6.20414640743563
"Q15042",0.332510289532075,-0.0744058794676915,0.560847033863303,0.581215480407838,0.752726461349831,-6.2041588954002
"Q9BRF8",-0.258251014394331,0.778018163508686,-0.559043298649184,0.582422294792247,0.753911683544295,-6.20517258925445
"Q15041",-0.154200084782709,-0.231297457018306,-0.558342190564687,0.582891721025988,0.754141691117206,-6.20556575692884
"O00442",0.154587067447225,-0.650956303088882,0.557170673829375,0.583676533066923,0.75477930864332,-6.20622165476296
"O75663",-0.139880639739334,0.222823583766047,-0.555087974947581,0.585073064497871,0.756206935863498,-6.20738440332472
"Q9H4A3",-0.152516416844562,0.397485772186025,-0.552399966323882,0.586877949725029,0.758160669684757,-6.20887885630268
"Q02246",-0.144185083116154,0.127981731507482,-0.551466342018111,0.587505489118394,0.758592252433091,-6.20939627954379
"O95741",-0.177224573981076,0.354632709009832,-0.549141941500556,0.589069296295945,0.759794874081934,-6.21068080019772
"P36955",0.339343541245216,0.111268256018165,0.54857113603916,0.589453638407448,0.759794874081934,-6.21099543723901
"O60884",0.0889441909156364,-0.211419615310668,0.548453247796255,0.58953303196598,0.759794874081934,-6.21106037960442
"O76070",0.145375128561746,0.217776761910358,0.548335139176252,0.589612579268224,0.759794874081934,-6.21112542980725
"Q96F07",-0.105993157810659,0.125226965980543,-0.546987867523701,0.590520356916858,0.760307557681288,-6.21186650028699
"P14649",-0.219898097419068,-0.100201005084877,-0.546684285015693,0.59072500332031,0.760307557681288,-6.21203324274748
"O00483",-0.146870110718883,-0.947564318358322,-0.546116611496981,0.591107769043863,0.760307557681288,-6.21234479623338
"P19367",0.164556573832277,0.0242057945646506,0.545999245181386,0.591186921059725,0.760307557681288,-6.21240917067508
"O75822",0.11331187851789,0.320500149522453,0.543588074284841,0.592814179031393,0.76202120974448,-6.21372870921884
"Q9BS92",0.451172255601806,0.38857729593496,0.542397698601581,0.593618358224758,0.762675673961729,-6.21437806690642
"Q9H845",-0.162254042484942,-0.522720174729933,-0.540189945798564,0.59511126722722,0.764213922395611,-6.21557875562423
"Q9Y2I8",-0.172958300237342,-0.402304037887784,-0.538989911412873,0.59592351903541,0.76487700928825,-6.21622940285187
"P18085",-0.120477162822127,-0.337944839396315,-0.532564469719083,0.600281862148833,0.770018598679496,-6.21968932729298
"Q9Y6V0",0.179082149171115,0.0527593465510598,0.53161781208866,0.600925285985923,0.770018598679496,-6.22019567228685
"Q9Y3B4",0.200748665908629,-0.421459053718077,0.530968261872436,0.601366966093585,0.770018598679496,-6.22054259550844
"P63098",0.148786934637773,0.148789982873685,0.530941288679932,0.601385310695391,0.770018598679496,-6.22055699292026
"P62942",-0.137019542599775,0.848330639737362,-0.530723215890037,0.601533633073333,0.770018598679496,-6.22067336699263
"P46939",-0.197857040203747,0.112998543880957,-0.530454152505263,0.601716661250515,0.770018598679496,-6.2208168881114
"Q99574",0.196688405622883,0.554317202814527,0.528610743538727,0.602971352561956,0.771242427695525,-6.22179828007649
"P63215",-0.174590554786654,-0.501028894540311,-0.527795709536296,0.603526498604156,0.771456031505699,-6.22223112908877
"P09622",-0.124120043679514,-0.0749459638977572,-0.527489365996785,0.603735223108715,0.771456031505699,-6.22239365455139
"Q9BUR5",0.225840561829157,-0.28600050654302,0.526791328583884,0.604210955345151,0.771553050937177,-6.22276364428801
"P15880",0.0854243688480715,0.00107968333307437,0.526502143912298,0.604408095995274,0.771553050937177,-6.2229167851228
"P41217",0.282449246578863,0.199974618713858,0.52559785725268,0.605024759669841,0.771959034425735,-6.22339513264273
"Q16799",0.116608784771356,0.00443817124433542,0.524118349893116,0.606034340716118,0.772526433507392,-6.2241760361938
"P67936",0.114432191001069,0.130707696133591,0.524070275110607,0.606067159440229,0.772526433507392,-6.22420137481931
"Q02252",-0.173535720685615,-0.0247609204521111,-0.522615640848178,0.607060584803193,0.773344368489307,-6.22496699619887
"Q9Y3B8",0.199827190212575,0.389289860083848,0.522254734272963,0.607307182991603,0.773344368489307,-6.22515663285896
"P61278",-0.167364389527374,0.105701054145689,-0.51954782566791,0.609158278172284,0.775205883496823,-6.22657490584743
"Q9NXR7",0.263414395369495,0.680996452551769,0.518874752238334,0.609618972974342,0.775205883496823,-6.22692644744109
"O14994",0.263645694677381,-0.037766283358072,0.518252695725553,0.610044896833032,0.775205883496823,-6.22725094926427
"Q8NI08",-0.147648865183736,-0.0636940792045488,-0.517996400942085,0.610220424013829,0.775205883496823,-6.22738453782879
"Q9Y2G0",0.304095638043325,-0.637474476275498,0.517926265525326,0.610268461476223,0.775205883496823,-6.22742108332389
"P17252",-0.12977870002365,-0.416263058029807,-0.51582155838783,0.611710867724024,0.776656479895188,-6.22851554497131
"P20042",-0.100830709740754,0.0757043654409402,-0.514845088201091,0.612380618046463,0.776755581001086,-6.2290218439458
"P32969",0.098375175317925,0.00134237947867276,0.514831568869521,0.612389893261204,0.776755581001086,-6.22902884715872
"Q08211",-0.0830887737633179,-0.403665279359491,-0.513480031635043,0.613317480700044,0.777259192286189,-6.22972806047006
"Q9BW30",0.238692352225694,0.776696141716729,0.513376886484619,0.613388298748095,0.777259192286189,-6.22978134883644
"O15145",-0.0979636984827308,0.289558886419774,-0.512509481651363,0.61398400081401,0.777548564381204,-6.2302290682123
"Q6IQ22",-0.15894535574511,-0.0750541527216652,-0.511830795716586,0.614450289144687,0.777548564381204,-6.23057886483634
"P11277",-0.204432207723883,-1.21977583531177,-0.5111409635392,0.61492440759975,0.777548564381204,-6.23093394406804
"P35232",0.124796631741011,-0.633756455788596,0.510751836073705,0.615191929599115,0.777548564381204,-6.23113403515341
"Q5T0D9",0.244599761508672,-0.0443120898310181,0.510699179603982,0.615228134734379,0.777548564381204,-6.23116109995496
"Q8NHP8",-0.127500370847307,0.447273070095092,-0.510418096328119,0.615421416914484,0.777548564381204,-6.23130552749178
"Q96TC7",0.153817292459149,-0.0211096348774049,0.509294497643891,0.616194327754799,0.777875217781303,-6.23188208734795
"Q9NP97",-0.163236747298806,0.694141118413995,-0.509167383125741,0.616281797298301,0.777875217781303,-6.23194723662336
"Q969P0",-0.121535122135696,0.12745171560295,-0.508298606449305,0.616879773633716,0.777947311950845,-6.23239208196048
"O75340",0.119180855006655,-0.0156332241575546,0.508154174362518,0.616979212362317,0.777947311950845,-6.23246596477134
"Q8IU85",-0.161571598363926,-0.459475562379728,-0.507424422575198,0.617481748213449,0.777947311950845,-6.2328389495874
"P50993",0.0986667183543743,-0.302697463049031,0.506866119905965,0.617866347787747,0.777947311950845,-6.23312395240073
"P40939",-0.147053394137887,-0.132031213736179,-0.506497886766677,0.618120075408669,0.777947311950845,-6.23331176119238
"P53680",0.145433242679696,-0.378228999720973,0.506462305051351,0.618144595259975,0.777947311950845,-6.23332990178243
"O75306",0.105341907700031,-0.427123649391852,0.505654160762833,0.618701622016511,0.778269436940477,-6.23374158304361
"P46108",-0.128441687713656,0.128860690075431,-0.502557600424287,0.620838160867018,0.780447063476254,-6.23531309277968
"Q9NYF8",0.342822320430548,-0.0463456224931861,0.502194171401812,0.621089143231271,0.780447063476254,-6.23549691718193
"Q9Y2W1",0.310758886644499,0.36804173453594,0.501774935925724,0.621378724299914,0.780447063476254,-6.23570880790572
"P62917",0.0976691195860219,0.18640603201236,0.499781090685103,0.622756809594541,0.780447063476254,-6.23671418112439
"Q6UVY6",-0.200917372036218,0.351492118000707,-0.499653953972928,0.622844731020562,0.780447063476254,-6.23677815607065
"Q96BJ3",-0.193623939333565,0.256479463271573,-0.499589403788223,0.622889372935553,0.780447063476254,-6.23681063152848
"Q9BZV1",-0.108711927606024,-0.744132608554136,-0.499541886822115,0.62292223589303,0.780447063476254,-6.23683453489331
"Q86TV6",0.0952861161694845,-0.254964816077133,0.499039287554645,0.623269885457684,0.780447063476254,-6.23708723134738
"Q92747",-0.0913654625615602,0.276039801108779,-0.498835703944178,0.623410730662871,0.780447063476254,-6.23718951842267
"Q16720",0.134160264347605,-0.272265361942824,0.49877618635441,0.62345190950811,0.780447063476254,-6.23721941432733
"P55795",0.370415914718388,0.466165738936984,0.49812293965669,0.623903959142738,0.780634914997086,-6.23754731411558
"Q9UI40",0.300485636832457,-0.573138522173334,0.497251639552423,0.62450714028122,0.781011590530698,-6.23798401492733
"P13611",0.205086312985514,0.764410284184895,0.4961393971448,0.625277514339579,0.781539985425806,-6.23854039484
"Q86UE4",0.116296133324365,-0.649616231442224,0.495768763531642,0.625534324892067,0.781539985425806,-6.23872552812138
"Q8WWI5",0.187981816226241,0.804769266513969,0.494318081798204,0.626539967221604,0.782028732112834,-6.23944885374729
"Q9UDR5",0.2249471689475,0.366550569958831,0.493830969390783,0.626877811519455,0.782028732112834,-6.23969126988514
"O00244",0.101098570794274,0.474152343698427,0.493758162823414,0.626928314881256,0.782028732112834,-6.23972748275362
"Q9UK76",0.120347557148641,0.187077793046804,0.49345934537412,0.627135613798802,0.782028732112834,-6.23987605544089
"P16298",0.119413635027351,0.199424288336717,0.491545697209495,0.628463922384545,0.782894467089735,-6.24082544646102
"P15531",-0.118759074807976,0.470826677691858,-0.491515006012169,0.628485236454346,0.782894467089735,-6.24084064354187
"Q9NY35",-0.186903147516999,1.16018682010137,-0.490755817794678,0.629012574952415,0.782894467089735,-6.2412162693246
"Q9BV79",0.138698055549696,0.0101962772131785,0.49063917711882,0.629093612626242,0.782894467089735,-6.24127392979547
"O95057",0.365353508972461,-1.1725337155224,0.490278571068568,0.629344178960336,0.782894467089735,-6.2414521082388
"O14950",-0.0758114332901995,0.0319774346579724,-0.487649250584441,0.631172545191725,0.784791259894473,-6.24274741498227
"P63173",0.143288269969905,0.141550719230073,0.486948146688803,0.631660487653412,0.785020365665418,-6.24309165896591
"P14314",0.0822004735019529,0.0498162872165229,0.486175169438245,0.632198651800145,0.785024039055951,-6.24347063294541
"P46781",0.103535177455824,-0.375929724001712,0.485647394742231,0.632566221081272,0.785024039055951,-6.24372905198438
"P05090",0.155679326336472,0.293926909619269,0.485635514146536,0.63257449646172,0.785024039055951,-6.24373486603487
"Q96CS3",0.286785178797495,-0.661124536377311,0.484879036141944,0.633101520161516,0.785301069874049,-6.24410478069234
"O75208",-0.140779073097288,-0.177218823329596,-0.484395299606731,0.633438635364283,0.78534238485212,-6.24434103093141
"O75110",0.111184540522459,0.259762850791903,0.48086386438576,0.635902168316151,0.787738235769483,-6.24605876230405
"Q8TAF3",-0.177420695284817,0.204692914279412,-0.48034553324862,0.636264123186546,0.787738235769483,-6.24630985213498
"Q8TAC9",-0.28421670644234,-0.435323333960316,-0.480315247082251,0.636285275159257,0.787738235769483,-6.24632451517726
"Q9UPW8",-0.218485637182278,0.332727702040992,-0.479514989575207,0.636844293748509,0.788052895806556,-6.24671163270342
"Q9BQG1",-0.280816477676408,-1.16738463259315,-0.477782323085421,0.638055408300342,0.789173794476739,-6.24754763533214
"Q9UDY2",-0.218506551245404,-0.0493400903346868,-0.476473645632173,0.638970850001221,0.789928095290845,-6.24817710657554
"P30048",0.117813848315468,0.224063325781843,0.47581655368241,0.639430720523124,0.790118744049844,-6.24849253065619
"O95630",0.335190048002229,0.507529837684575,0.474344867274748,0.640461232538857,0.790658540975911,-6.24919744237023
"P62280",-0.0972192777772128,-0.186554418414382,-0.474084041484155,0.640643947387322,0.790658540975911,-6.24932215079834
"O95292",0.0940237123764037,-0.35494553977983,0.473882480545829,0.640785161835409,0.790658540975911,-6.24941847707477
"Q15149",-0.169223380427646,0.240375970674594,-0.472962435325189,0.641429927318694,0.791076508644477,-6.24985765987627
"P62826",-0.0836254112120833,0.0662249401937118,-0.471682381145893,0.642327471114692,0.791805680892455,-6.25046730555727
"O75396",-0.121052024069873,-0.6051979544886,-0.469151576174304,0.644103668314258,0.793616670375668,-6.25166788938286
"Q5T4S7",0.154654349874715,-0.222138976221795,0.468714568343475,0.64441059617738,0.793616670375668,-6.25187456163479
"P41222",0.180655098403322,0.507308113654165,0.466484014831929,0.645978218845542,0.795168426531298,-6.25292651514116
"O60641",-0.140057798244543,0.117744001114347,-0.463870086754328,0.647817433269001,0.797052862922593,-6.25415302937941
"P19784",-0.206789954314401,0.153458041471272,-0.463240147161722,0.648261019121876,0.797219188596598,-6.25444760361618
"Q99614",-0.0884609569735588,0.154617636076314,-0.460932844743727,0.649886904988767,0.798726206401775,-6.25552320838217
"P08247",-0.230081341005113,0.0942354545108221,-0.460624354885774,0.650104424862412,0.798726206401775,-6.25566662028434
"P39019",0.0992733008239895,0.228184441787835,0.460043886879954,0.650513806869783,0.798849496797335,-6.25593621578231
"P13807",-0.18703668007176,-0.476959296959741,-0.457754215757065,0.652129732177681,0.800453636125026,-6.25699639916697
"Q15819",-0.10483958887036,0.579810167902601,-0.457313220260006,0.652441165350051,0.800455819852815,-6.25719999836653
"P02689",-0.380367061114207,-0.571665536483466,-0.456526362774132,0.652997010131955,0.800757718781359,-6.2575627985029
"P54829",-0.237826484263192,0.0620750423201065,-0.455185078528187,0.653944986560447,0.801539966931605,-6.2581798215606
"Q9Y2A7",-0.102854031954253,0.0476554095221616,-0.454617161175245,0.654346553702688,0.801557845671248,-6.25844054183685
"P40429",-0.100317892659461,-0.110105704660388,-0.454287455411429,0.654579733931143,0.801557845671248,-6.25859175746167
"Q9NTJ4",0.173216602470089,0.0541755183152982,0.452259577782627,0.656014722613031,0.801957910174182,-6.25951945814411
"P27449",0.357309788246013,-1.09552020347261,0.451769804032244,0.65636150706911,0.801957910174182,-6.25974290766016
"O43464",0.129849208955416,0.184854665190719,0.45153746089386,0.656526045613203,0.801957910174182,-6.25984882670112
"Q96E17",0.205456506784186,-0.176752882324586,0.451428708019128,0.656603067353573,0.801957910174182,-6.25989838590996
"P62266",-0.111037561830685,0.0991792796273323,-0.451411871565815,0.656614991738746,0.801957910174182,-6.25990605731816
"O75781",-0.100307105602311,0.380624515557056,-0.450990444677282,0.656913497206428,0.801957910174182,-6.26009798618056
"P12235",-0.137683249101732,-0.882984751421626,-0.450758114784697,0.657078086556641,0.801957910174182,-6.26020372026485
"Q9NRW7",-0.131152291066863,0.0571920210469751,-0.449380006183087,0.658054747645967,0.802684284522169,-6.26082980529093
"O43175",-0.170465595973441,0.394688610684522,-0.44895926570989,0.658353050504913,0.802684284522169,-6.26102057681303
"P21980",0.198873980054414,-0.613024114141439,0.448604272720308,0.658604784321671,0.802684284522169,-6.2611814011088
"Q12860",-0.0855643478460543,0.529034780647332,-0.446196902534835,0.660313005646623,0.804386955512026,-6.26226873727725
"Q8TBX8",0.237520302396015,0.028272609356175,0.444348387447124,0.661625971260136,0.80510697480782,-6.26309976601709
"Q9P1Y5",0.230961903785547,0.0869005516412296,0.444070927007637,0.661823143173084,0.80510697480782,-6.26322421098004
"P23396",0.0839694810730084,-0.202234726306987,0.443623185214114,0.662141375543289,0.80510697480782,-6.26342486897032
"Q9H1E5",-0.175075489869171,-1.40571298212056,-0.443611227192698,0.662149875605967,0.80510697480782,-6.26343022530576
"Q96B97",-0.148174509273102,0.918525377331745,-0.441870126225455,0.663387994133595,0.806058266705465,-6.2642086038405
"P60953",-0.0823219242344223,0.658088057018883,-0.441426851372728,0.663703370841639,0.806058266705465,-6.26440629579655
"O15511",0.1836183255846,0.0618780936698563,0.441195891151498,0.663867717530342,0.806058266705465,-6.26450922251804
"Q13424",0.103326768780298,-0.133442977713728,0.440088349524607,0.664656064067956,0.806636584796087,-6.26500206159719
"Q9H267",-0.130303363641581,-0.49247845304619,-0.439184077258018,0.665300020349045,0.807039208166252,-6.26540354871101
"Q9Y6M9",-0.153801700365373,-0.950239477248077,-0.438431242521255,0.665836336993725,0.807310943306181,-6.26573718180489
"Q9NQ79",0.0992145504108163,-0.0944370341936291,0.435358201141102,0.668027468371895,0.809196256839775,-6.26709323903691
"Q9P260",0.141621553917025,-0.472994941120364,0.434997270884604,0.668285018516201,0.809196256839775,-6.26725189500906
"Q9NX14",0.127199288082426,-0.703028023651192,0.434933720482009,0.668330370736139,0.809196256839775,-6.26727981682915
"Q9NT62",-0.176837364415299,-0.135255908010348,-0.434410764974288,0.668703623139938,0.809269131936676,-6.26750943327063
"O75962",-0.141252354330835,-0.0968304509530864,-0.433893383920522,0.669072983705295,0.809337231108183,-6.26773633555952
"P22061",0.07257019010235,0.390108183650398,0.432944637035163,0.66975052237929,0.809777876684034,-6.26815172845522
"P09669",0.136027689819188,-0.834434812338475,0.431287773839823,0.670934450132095,0.810830085830512,-6.26887501976625
"O76024",0.242764631585977,0.0941435148017045,0.42956642116465,0.672165392452798,0.811938102565646,-6.2696235825071
"Q00688",-0.0757166455024586,0.349164793761486,-0.428795425076312,0.672717040631961,0.812224918278197,-6.26995791253614
"Q96PU8",-0.19064524023941,0.0542205338682094,-0.428003015316537,0.673284208168617,0.812405380042646,-6.27030091428747
"Q5JWF2",0.0804621401278735,0.00100387138445147,0.427708498501163,0.67349505974135,0.812405380042646,-6.2704282399002
"P52594",-0.126573199193908,-0.395643325426197,-0.425541231514224,0.675047507021191,0.813898230247099,-6.2713625487541
"Q99460",0.0835622031587303,0.202823873117388,0.424164375204801,0.676034545820876,0.814708298809774,-6.27195369220525
"P35520",0.117484972610045,-0.962157784612528,0.421818021173022,0.67771797925135,0.816199048080855,-6.27295675024892
"Q8TCU6",-0.137408084176538,-0.322257159371997,-0.421560234076148,0.677903039160386,0.816199048080855,-6.27306662034334
"Q9HAR2",-0.104280563470633,-0.171592998913047,-0.419589018360745,0.679318824868094,0.817251135344219,-6.27390458209522
"P48047",0.111511592271698,-0.120051523080695,0.419300206234784,0.679526360896894,0.817251135344219,-6.27402703197306
"Q96HE7",-0.118128429479503,-0.0627659236779134,-0.419023370190667,0.67972531566347,0.817251135344219,-6.27414432655666
"P62166",0.132870693018382,0.386179598962212,0.417084346062603,0.68111951424714,0.818546696573155,-6.27496375285506
"Q96KP4",-0.14074856221833,0.702259345622981,-0.414294418703635,0.683127590052859,0.82057637725553,-6.2761362195864
"Q14689",0.194444423958297,-0.178200358221747,0.413587221438841,0.683636986604181,0.82057637725553,-6.27643219126259
"P78357",-0.0827607367721978,0.273168790014598,-0.413055738122198,0.684019917985567,0.82057637725553,-6.27665429734182
"O75899",-0.248964403052116,-0.246301997966597,-0.412974886214828,0.684078179104707,0.82057637725553,-6.27668806064595
"P78527",-0.0921198515862771,-0.64189020396817,-0.410568282231072,0.685813281612,0.82209466808257,-6.27769007174697
"P00813",-0.206438327905958,0.420715235659933,-0.410337226965227,0.685979960949363,0.82209466808257,-6.27778597094271
"O00159",0.18991304675653,-1.79222750559246,0.409674474474848,0.686458150636009,0.822286524279001,-6.27806075123234
"Q16623",-0.176718511154192,0.122173180161482,-0.408562333332426,0.687260887457616,0.822866787437673,-6.27852086942422
"O60220",0.0835309043070398,-0.398660209381651,0.407616005909896,0.687944240285523,0.823303639415776,-6.2789114187328
"Q99729",-0.181161908202139,-0.509730996376886,-0.407039056754809,0.688360996065657,0.823421182244204,-6.27914908888381
"Q01064",-0.172638949306027,-0.104566768021785,-0.404073054510592,0.690505077361831,0.825603896845667,-6.28036568943342
"O75410",0.153493845819349,0.565730865674984,0.401857392340302,0.692108497631823,0.827138449550746,-6.28126880607132
"P52272",-0.124299355451947,-1.156060221622,-0.401337817597505,0.692484716810588,0.827205634452574,-6.28147988099011
"P13637",-0.0983233605751625,0.043765650720053,-0.400864410895858,0.692827577340408,0.82723292721707,-6.28167196654734
"Q15750",-0.284957954673746,0.305707769669253,-0.399102439359044,0.694104264722252,0.82837466496169,-6.28238493026776
"Q6PUV4",-0.158175675190349,0.0995717973814508,-0.396155480454043,0.696241659301739,0.830542080892937,-6.28357048282107
"Q9NZW5",0.143970002884665,-0.625637735813113,0.394922262058715,0.697136871449292,0.83122638962012,-6.28406403740425
"P17900",0.111733762253048,0.586542033422686,0.393822330780471,0.697935712033154,0.831494228762627,-6.28450297086743
"Q96RF0",-0.193265444071826,-0.407426872376619,-0.393727189815091,0.698004826466113,0.831494228762627,-6.28454088077827
"Q86XE3",0.197304263410859,-1.0268953295948,0.393234698699722,0.69836263603797,0.83153727045516,-6.28473697492784
"Q6H8Q1",-0.107737930053007,-0.531264477792295,-0.392062189819705,0.699214789537642,0.831834416503322,-6.28520285835222
"Q9Y3S1",-0.108057260240799,-0.370353841199678,-0.392005805988571,0.699255778360433,0.831834416503322,-6.28522522734334
"Q9BPW8",-0.0898019697467727,0.0278514563555731,-0.391502260557116,0.699621877912382,0.831887099541632,-6.28542485704239
"Q00765",0.114362179661102,-0.18268395932406,0.389188078650568,0.701305355785666,0.833505445841815,-6.28633906303184
"Q9UKY7",0.110937855279914,0.545800638162333,0.388096136796353,0.702100250974716,0.834066704397813,-6.28676857668662
"O00273",-0.121600176976749,0.416988854101259,-0.386205281379936,0.703477557542698,0.835319010678858,-6.28750953195781
"Q9H061",0.13537004450385,-0.068080891128398,0.383278712200038,0.705611349287996,0.837116568017285,-6.28864931916961
"Q9UI09",-0.108451304113696,-0.523135434966806,-0.382592167232201,0.706112278570561,0.837116568017285,-6.2889154659227
"Q96EY8",-0.25338521251188,-0.455907186505147,-0.382328882641585,0.706304417426904,0.837116568017285,-6.2890174064459
"P46459",-0.125465103930775,-0.579212653730661,-0.381901273084816,0.706616519732777,0.837116568017285,-6.28918282427488
"Q15365",0.092780303541433,-0.33994880903719,0.381827515981606,0.706670358710265,0.837116568017285,-6.2892113382696
"Q9NZ56",0.125342004736856,0.649895179496371,0.381465798724581,0.70693441701421,0.837116568017285,-6.28935109717061
"Q9BXK5",0.173179097795538,-0.537813490337039,0.379395826973618,0.708446253451563,0.838522694675957,-6.29014837503125
"Q8WUW1",0.0800172453228526,0.179407153092941,0.378090403559037,0.709400327385233,0.839267664206328,-6.29064897933307
"Q9P0V9",0.144880419539406,0.855868875464868,0.376951584803155,0.710233038961002,0.839868438112621,-6.29108430566983
"P48507",-0.138096397242067,-0.614879457194161,-0.376386093436217,0.710646668519695,0.839953252896185,-6.29129999037915
"P19174",-0.129618486242088,0.291655745969713,-0.375965147778198,0.710954629530698,0.839953252896185,-6.29146033659617
"P20674",0.0931172670246708,-0.827129777067049,0.374951794816032,0.711696200189645,0.840177102109817,-6.29184561689967
"P47914",-0.146818027231696,-0.271813662673656,-0.374462748743661,0.712054188828223,0.840177102109817,-6.29203118731342
"Q8N766",0.165010851576202,-0.587124622441561,0.373938840096799,0.712437773251456,0.840177102109817,-6.29222972165658
"Q9NZQ3",0.142762151771115,-0.429321978014728,0.373930089184329,0.71244418097668,0.840177102109817,-6.29223303547487
"O95670",0.08487675104031,0.252402819009188,0.372717724870437,0.713332127933592,0.840840652397781,-6.29269139795218
"P62241",-0.0746434697532262,-0.168616354809847,-0.371938780137761,0.713902855350001,0.841129845524044,-6.29298512196648
"Q5JTJ3",0.0943608896739244,-0.190678819164112,0.37006956314105,0.715273120964946,0.842360372525916,-6.29368749440214
"O15144",-0.0713366415894739,0.404634048113791,-0.369560028028783,0.715646817306559,0.842416677020698,-6.29387835100375
"P21912",-0.131693307751854,-0.0247590172691516,-0.368063891644934,0.716744517446303,0.843324796358075,-6.29443726067257
"O14561",-0.107594960656875,-0.178828916723828,-0.367375415495561,0.717249857546995,0.843535433011366,-6.29469370275589
"O00401",-0.0963297086733973,0.392003061829981,-0.365331494489847,0.718750876481167,0.844593712736301,-6.2954522288036
"Q08174",0.0947888451791116,0.160811313735017,0.364960442993897,0.719023495706432,0.844593712736301,-6.2955894833365
"Q9ULP9",-0.109881505088767,0.0429513565832573,-0.364815650121422,0.719129888484564,0.844593712736301,-6.29564300591863
"P62750",0.0888154997167679,0.189376545014004,0.36398573873353,0.719739814595415,0.844926167451929,-6.29594937797473
"O75352",0.118245565300653,-0.688664488428889,0.361942309486955,0.721242409385601,0.846305777694861,-6.29670080171983
"Q9NY33",-0.109301565293535,0.312897021394985,-0.359619353557892,0.722951957567095,0.847926864932369,-6.29754994642956
"P62424",0.067559128113399,0.0803399078029355,0.357441094186761,0.724556373342295,0.849423231333258,-6.29834129730439
"P49758",0.15190022568234,-0.76150629180651,0.356594094399197,0.72518059099991,0.849769640858916,-6.29864772712673
"Q15436",-0.0986987924763385,-0.63355829601665,-0.354376282410771,0.726815994495207,0.851300111359361,-6.29944669423346
"Q9UPA5",-0.120565160900867,0.167941955090085,-0.353890783697793,0.727174178180656,0.8513338997269,-6.29962093886896
"Q8IUR7",0.172863117576917,0.072034058410533,0.352748994230329,0.728016802973499,0.851934556671116,-6.30002979578767
"P30711",0.234214112803084,0.323384430622752,0.351163492229575,0.72918746902998,0.852918374408371,-6.30059537618212
"O43143",0.090875870119339,-0.675568126392246,0.349757261646527,0.730226338573933,0.853747211765544,-6.30109490206992
"Q92599",-0.0940131014206109,0.474760455683634,-0.348231019879815,0.731354471689081,0.854624230964984,-6.30163481918748
"P62851",0.0602153598435405,-0.0539150973055952,0.347504667789678,0.731891580416235,0.854624230964984,-6.30189095174452
"Q9NX46",0.0998295932908274,0.178580759274556,0.347234770566949,0.732091194864684,0.854624230964984,-6.30198599066245
"P21964",0.134789208681108,-0.41591884313077,0.346953954135046,0.732298905836534,0.854624230964984,-6.30208479715711
"Q7L1I2",-0.136134823846684,-0.331540853476028,-0.345012408744101,0.733735582555036,0.855789895376136,-6.30276577859296
"P61421",0.145469105512899,-0.167810119016153,0.344709460661466,0.733959844506342,0.855789895376136,-6.30287169480126
"Q9UIL1",0.143734850540767,0.105819570862274,0.344169537162069,0.734359591766514,0.855869948023642,-6.30306023412073
"P04216",-0.107457957704815,0.156729637001853,-0.341512407309712,0.736327999664772,0.857777322728002,-6.3039838405696
"P27695",0.0858803877933976,-0.284061466609666,0.337261806576801,0.739480730548361,0.860932420203109,-6.30544662429508
"P49903",0.146533901284584,-0.917145314236416,0.33696308098948,0.739702477861163,0.860932420203109,-6.30554874561877
"Q9H832",0.209237248278254,-0.654999524293254,0.334506830466311,0.741526662350956,0.862341368060146,-6.30638504022048
"P17812",0.11991302540028,0.363053783323475,0.333967281209814,0.741927579800776,0.862341368060146,-6.30656793377742
"Q86U28",0.198808089086443,-0.148823370684561,0.333853719690455,0.74201197243822,0.862341368060146,-6.30660639108699
"Q8N335",0.0719656505475641,0.308368580279341,0.333536936588001,0.742247405777108,0.862341368060146,-6.3067136005195
"P56211",-0.0850719946085922,0.7389244669171,-0.332706678641108,0.742864577116303,0.86267067917594,-6.30699410873191
"Q86UL8",0.211123748577993,0.613887003762535,0.33016118930307,0.74475787254504,0.863562549963334,-6.30784981155835
"Q9HB07",0.101837938020132,0.258490037164735,0.33007180106276,0.744824388426236,0.863562549963334,-6.30787974261148
"Q66LE6",-0.107840712716064,-0.308991509572109,-0.330020323829955,0.744862694770232,0.863562549963334,-6.30789697578182
"P63010",-0.0911199029490092,0.389505585172518,-0.329877669204606,0.744968853546706,0.863562549963334,-6.30794471876418
"Q7Z6L0",0.116709139273674,-0.175698503076802,0.328059320666377,0.746322464064022,0.86422528170814,-6.30855148702127
"P09110",-0.0722019999351738,0.257220776859599,-0.327931298189894,0.746417798091836,0.86422528170814,-6.30859408212634
"Q53GQ0",0.0816697486914656,-0.310975773150338,0.327368726770828,0.746836775638825,0.86422528170814,-6.30878106369088
"Q969N2",0.1921528961866,-0.463450633953896,0.327313561788214,0.746877864346609,0.86422528170814,-6.30879938175514
"Q9NUJ1",0.0803755047084606,0.18362309215617,0.326023964817702,0.747838619586994,0.864383190258904,-6.30922673500205
"Q15181",-0.0806233503861394,0.000622348762639292,-0.325546701928333,0.748194289598225,0.864383190258904,-6.30938446982628
"Q9P000",0.134861313021073,0.0481754652696889,0.325470532079145,0.748251058903635,0.864383190258904,-6.30940962272483
"Q9P265",-0.0867428099626721,0.0835685703164672,-0.325335276458709,0.748351868394363,0.864383190258904,-6.30945427265146
"P36542",0.0773899225041102,-0.248024284879967,0.323771833413137,0.74951747876618,0.865011530959057,-6.30996905644435
"O43617",-0.0607900444864907,0.109741089694949,-0.323274156247315,0.749888646881785,0.865011530959057,-6.31013240840888
"Q15102",0.100289689260818,-0.295246314828156,0.322261997521922,0.750643708311479,0.865011530959057,-6.31046386120035
"Q96DH6",0.0945721200372491,-0.260186112047531,0.322050225737115,0.750801720776791,0.865011530959057,-6.31053308028537
"Q13554",0.123864200788738,-1.55162622497139,0.321471842771845,0.751233335726475,0.865011530959057,-6.31072189944342
"O00471",-0.122115372930337,-0.557252167431237,-0.32132266365286,0.751344673397048,0.865011530959057,-6.3107705460541
"O14924",-0.175144550065763,0.0802978385304796,-0.321110231111002,0.751503228969022,0.865011530959057,-6.31083978075608
"Q96JJ3",0.112652658224951,0.177076577159053,0.321016915606759,0.751572881444504,0.865011530959057,-6.31087017924964
"Q9UI12",0.0939590264911501,0.0213941971933766,0.320120191442677,0.752242324588787,0.86539671075301,-6.31116185086309
"O00399",0.0865669978137083,0.48224403787856,0.318516283107172,0.753440211815485,0.865577793148294,-6.31168153045544
"P19404",0.0867249974640145,-0.569519882108316,0.318282665935346,0.753614743461839,0.865577793148294,-6.31175700886124
"Q9UMX0",-0.0909231433799196,0.34441914298962,-0.318246111819924,0.753642053683485,0.865577793148294,-6.31176881402128
"Q9UM22",0.103317782729808,-0.572734672273471,0.318116200982008,0.753739115039384,0.865577793148294,-6.31181075789979
"Q13362",-0.119239714535843,-0.252692985237133,-0.317550913140745,0.754161512006828,0.86567828975917,-6.31199307320161
"Q08462",0.116831680152402,-1.19490943089045,0.316700090622865,0.75479741690269,0.866023667418311,-6.31226687355353
"P19022",-0.0541033774184049,0.157905449208748,-0.315280732520555,0.75585864388728,0.866856519276228,-6.31272201452867
"P00966",0.0915506358111325,0.394391502342135,0.314711293091387,0.756284542576111,0.866960329294567,-6.31290404613195
"P30050",-0.0672406286223635,0.081440035751176,-0.313336480902287,0.757313129340356,0.867514501489893,-6.31334218727422
"P30837",-0.123817194684391,-0.652876863686151,-0.313168069914665,0.757439160488467,0.867514501489893,-6.31339572791384
"P04899",0.0619478039679246,0.403663720782316,0.311184758245068,0.758923902961398,0.868830066056339,-6.31402411188622
"Q9BWS9",-0.0908255116204408,0.0218401665749035,-0.309334322576836,0.760310036432161,0.869330166037527,-6.31460683209613
"Q8NC51",-0.070062384917574,0.0974445775907507,-0.309258220811071,0.760367060914644,0.869330166037527,-6.31463072361922
"O94985",0.0954412121485898,0.367073959334367,0.30907147874478,0.76050699619847,0.869330166037527,-6.31468932509076
"Q15691",-0.0705552155810933,0.443809807361701,-0.308806019845024,0.760705932524907,0.869330166037527,-6.31477256834985
"O94973",0.0608457356102206,0.0525244526807045,0.307999743811319,0.761310264617883,0.869636338505182,-6.31502496816606
"P20290",0.0566706545280595,-0.208690446579961,0.307223078688643,0.761892550708541,0.869917068719778,-6.31526748064651
"Q9P2E9",0.113100752803091,0.284132971630462,0.305692135207825,0.763040764138546,0.870564624240541,-6.3157437398452
"P46782",0.0588693610760728,-0.236169413134174,0.305488951393784,0.763193195074656,0.870564624240541,-6.31580677093417
"Q92820",-0.153117837654628,-0.79101709015672,-0.305119988762942,0.763470020562207,0.870564624240541,-6.31592112333225
"Q66K14",0.137636981114408,0.598791247399621,0.302207159595775,0.765656601110296,0.872672977896876,-6.31681908940815
"P24311",-0.138674793690877,-0.674755780774407,-0.300821822639499,0.766697243124545,0.873473941594072,-6.3172431668673
"Q8NBF6",0.102651660495717,0.0354007379039382,0.300365100993866,0.767040424337706,0.873479954587211,-6.31738255481365
"Q9Y4P1",0.246887572851289,-1.09630931889234,0.299376289005503,0.76778358752255,0.873941247796473,-6.31768361382192
"Q15746",0.123766065876179,0.119851785988903,0.29661928449357,0.769856887536782,0.875915516849728,-6.31851783192086
"O75475",0.0745947766686292,-0.419698009270796,0.294685985640914,0.771311810351986,0.877123679702525,-6.31909825043881
"Q9BQI0",-0.127584417932978,0.80391870441483,-0.294306646212898,0.771597387869842,0.877123679702525,-6.31921169502495
"P62277",-0.0658676325422799,0.0918535131185148,-0.29373146248198,0.772030466168828,0.877230221998426,-6.31938343220514
"P56537",-0.143095854255763,-0.150369765838968,-0.29289821236255,0.772657988467283,0.877557513263588,-6.31963163176208
"P0CG30",-0.174816000259953,0.215408626570298,-0.291950204665238,0.773372129758875,0.877582254526873,-6.31991316426228
"P80723",0.118293684609371,0.709126048209293,0.291796976408898,0.773487577181505,0.877582254526873,-6.31995858396345
"P60174",0.0747751050948231,0.133552322134788,0.291517387502169,0.773698242965858,0.877582254526873,-6.32004139840385
"Q0VDG4",0.111123548570394,0.281037404637633,0.289754842301514,0.775026705621264,0.878703523697793,-6.32056165392473
"O95825",0.0627745746984917,0.539897206796494,0.289060609027159,0.775550157099137,0.878911510785299,-6.32076571420929
"Q9NRY4",-0.140656271824539,-0.537153851192495,-0.287927704633679,0.776404602267574,0.879126278554888,-6.32109767373069
"P30047",0.216886490265333,-1.16142841008689,0.287089234353856,0.777037170843591,0.879126278554888,-6.3213425270381
"P78324",0.106523754752973,0.207800632603085,0.286804265727354,0.77725219651604,0.879126278554888,-6.32142558347596
"Q9UHD1",-0.106334481311804,0.0775624102825903,-0.286680226693071,0.777345797044091,0.879126278554888,-6.32146171012233
"P55039",-0.109754534886356,-0.298694476718006,-0.286555254152873,0.777440105522814,0.879126278554888,-6.32149809298477
"Q9NUL5",-0.168594634253565,0.728294083490609,-0.285089448386549,0.778546515242386,0.879992453826658,-6.32192365423137
"O14949",0.0609073340645937,-0.635177432499189,0.283614179275138,0.779660556610063,0.880445143800144,-6.32234977787067
"O94910",0.108574265955134,-0.0170604622411681,0.283570609851691,0.779693465249095,0.880445143800144,-6.32236232933831
"P20336",0.148987818111451,-0.317718605856456,0.282809620857177,0.780268320210642,0.880445143800144,-6.32258124645806
"Q6GQQ9",-0.107449439095373,0.470784035911949,-0.282755233254718,0.780309409843764,0.880445143800144,-6.32259687004687
"Q9UHC6",0.0708093233096139,-0.0133568861959964,0.281224672915011,0.781466013249978,0.881215586171407,-6.32303532264133
"P61758",-0.0600894926605619,0.601161395531627,-0.280949487289046,0.78167401899073,0.881215586171407,-6.32311390348119
"O00533",-0.0593582825381477,0.524908972393312,-0.279638543970009,0.782665158148038,0.881391119783293,-6.32348720332931
"Q2TAA2",0.0848088776087065,0.505561950821863,0.279026559275804,0.78312797970395,0.881391119783293,-6.32366087713879
"Q9P0J0",0.0749989008521448,-0.775196407024562,0.278740811111643,0.783344108887793,0.881391119783293,-6.32374183973654
"O15400",0.0545360742559026,0.415159366036308,0.278558347112216,0.783482127233429,0.881391119783293,-6.3237934952168
"Q9H598",0.11608540783407,-0.200811521903174,0.278489054790188,0.783534542847971,0.881391119783293,-6.32381310305333
"P05023",-0.0873718687529536,-0.517080157486745,-0.277349188649759,0.78439693709648,0.881977417309439,-6.32413495954337
"Q16620",0.0565089624495765,0.0101643136647181,0.273933674307535,0.786982734429658,0.884500160217681,-6.3250915344691
"Q9Y315",0.152543265502706,0.885079791340584,0.272210041163625,0.788288616080599,0.885582821629009,-6.32556980324874
"P31321",0.219709071952645,-0.924697561602484,0.269945144600321,0.790005551574426,0.886551450864178,-6.3261937057443
"Q14353",0.161002920469584,0.522263447010872,0.269875719105575,0.790058197917065,0.886551450864178,-6.32621274840646
"P42356",0.0435103173423368,-0.140553255136765,0.269715488414956,0.790179707075848,0.886551450864178,-6.32625667939552
"P47756",0.0521009165508903,0.402272057214812,0.269001990323069,0.790720847102205,0.886773704884686,-6.32645198720452
"P10915",-0.106705588876562,-0.297594615459797,-0.268029121598118,0.791458877368376,0.88721647788259,-6.32671746588365
"P84077",-0.196949730460952,0.56915219742947,-0.265128131011524,0.793660798356418,0.889299160707127,-6.32750342680359
"Q24JP5",0.134467141080567,0.153820282008531,0.261375577080821,0.796511704872119,0.892106913819076,-6.32850750478613
"P48729",0.128576442110342,-0.017068840905901,0.259265187117909,0.79811630890378,0.893516959080239,-6.32906594238532
"O75223",-0.04976079044326,0.587747724355099,-0.257208650779978,0.799680850865084,0.894880952158546,-6.32960580453195
"Q9Y4R8",-0.154665319138915,0.431812564217666,-0.256675543199117,0.80008656247666,0.894947539594187,-6.32974505394179
"Q9BRT2",0.0637122383759034,-0.149712073351298,0.25439693948023,0.801821305409418,0.89650003221598,-6.33033699816178
"Q9GZV7",-0.133066935649029,0.570966772970959,-0.252844658759857,0.803003689062461,0.897227583434093,-6.33073725305132
"Q9ULN7",0.115180989488493,-0.627040093579456,0.252346803932945,0.803383011838191,0.897227583434093,-6.33086510930471
"Q8IXI2",-0.0895471832881615,-0.38723305812244,-0.252013785458641,0.803636771283945,0.897227583434093,-6.33095049349324
"P36543",-0.0547362961252275,0.382091390694832,-0.251720358755802,0.803860380361068,0.897227583434093,-6.3310256337324
"O15212",0.0691103728332143,0.150515625738203,0.250613571364105,0.804703975506817,0.897387749454792,-6.3313082754169
"P04181",-0.27185692661691,-0.938167693886536,-0.250373440061762,0.804887036368163,0.897387749454792,-6.33136943469837
"Q9NRW1",0.060638865164375,-0.0196620262787295,0.250165802964292,0.805045335004125,0.897387749454792,-6.33142227104067
"P11169",0.0918813206534105,-0.279716695472254,0.247920849703141,0.80675739388936,0.89890856172586,-6.3319907516685
"P48556",0.0494595720039227,0.237471225675508,0.245886510367644,0.808309695680294,0.900242254244683,-6.33250150168112
"Q9H479",0.0593729234204898,0.157176929368234,0.245290284601545,0.808764799945272,0.900242254244683,-6.33265040029748
"P47224",0.0918116814742625,-0.412698255143485,0.244983324871569,0.808999132151025,0.900242254244683,-6.33272691889614
"O60684",0.117017839049426,-0.0551802280049882,0.244185657932053,0.809608155135037,0.900532306808981,-6.33292531525469
"Q92890",0.0438001850749354,0.376697798670656,0.242619802682434,0.810804055083109,0.901249188884776,-6.33331290587678
"Q8IZS8",0.132346942063753,-0.412624297915403,0.242428821199156,0.81094994713578,0.901249188884776,-6.33336000929232
"Q9NTJ5",-0.0786475850635917,-0.936419052911434,-0.241863120873549,0.811382130960649,0.901320029251014,-6.33349931652739
"Q9Y2X3",-0.118772081824729,-0.387944027463137,-0.241432660033506,0.811711036014066,0.901320029251014,-6.33360510347759
"P17600",0.0976901040576671,0.135813065575043,0.238643243199591,0.813843229392876,0.903299591232539,-6.33428607075302
"P05413",-0.0459207161809622,0.564980243170152,-0.238141766468842,0.814226709801487,0.903337358299075,-6.3344076597061
"Q9BSJ8",0.046783834442738,-0.601903991642954,0.233912505499885,0.817462734787551,0.906350651199783,-6.33542297845546
"P09488",0.341818790917921,-1.04932249798946,0.233675745550488,0.817643991720656,0.906350651199783,-6.33547928276249
"P21695",-0.122367515102027,0.583158176920495,-0.232668999798934,0.818414845908539,0.906816278042681,-6.33571806566976
"Q96EY1",0.0991649030497727,-0.103332786640873,0.231698088665781,0.81915844116651,0.907251315516465,-6.33594737812859
"P36578",0.0465945544798045,-0.173665427821012,0.230474065372294,0.820096138080187,0.907763469131544,-6.33623511245718
"P09417",-0.0786265758539113,0.655386188661557,-0.230177728518181,0.820323196863167,0.907763469131544,-6.33630454524225
"P14406",-0.0538305501560022,-0.824100698857817,-0.228455452006015,0.821643157648842,0.908831477975459,-6.33670632214632
"Q9Y383",-0.105821322558155,-1.37856334814818,-0.228001071868333,0.821991487623452,0.908831477975459,-6.33681182073286
"Q99798",-0.0514385675732996,0.023764365330201,-0.22555769941526,0.823865235249351,0.910375711791044,-6.33737554403763
"O00567",0.0802881815648692,-1.2528349650592,0.224989669922389,0.824300995187776,0.910375711791044,-6.33750573160147
"Q9Y6K8",0.117496445575971,-0.238127996080862,0.224050930237575,0.825021270781512,0.910375711791044,-6.33772016705838
"Q96EM0",0.0941124927731505,-0.338154176684935,0.223922209228892,0.825120048149014,0.910375711791044,-6.33774950114921
"Q9Y2T3",0.0590046267321932,1.20528896945871,0.223884417184081,0.825149049410606,0.910375711791044,-6.3377581103527
"P30740",-0.124272305385295,1.190270599018,-0.222894234663729,0.825908997728388,0.91082540918425,-6.33798316341377
"P08237",0.0435994723677579,-0.14021479431145,0.222077400742387,0.826536036295214,0.911128210585555,-6.33816807003068
"Q15334",-0.0776606612641559,0.166682187264994,-0.221607470055889,0.826896830341179,0.911137385520864,-6.33827414215035
"P62495",0.0611905944837073,0.160837347641707,0.221048833823272,0.827325780196268,0.911221619858267,-6.33839994594045
"O00154",-0.0368814365222712,0.306815492097868,-0.219428503154362,0.828570267656711,0.911861117669231,-6.33876305413507
"P78318",-0.0714497156849268,-0.539468837861343,-0.219374306070679,0.828611901510647,0.911861117669231,-6.33877515349732
"Q07960",-0.0602894433421256,0.0656294936021365,-0.218787287128048,0.829062878934917,0.911921242939251,-6.33890601345031
"P52597",-0.122582430506684,-0.507026549937651,-0.21838485063928,0.829372085938174,0.911921242939251,-6.33899552417177
"Q15843",0.0534051055784285,0.592015225626965,0.217899062500658,0.8297453730715,0.911943788005879,-6.33910335569001
"O43759",-0.0831112063427803,-0.189167696853679,-0.21723728898607,0.83025395672125,0.912045352154117,-6.33924986661492
"P17405",-0.0639081919624103,0.77957275558941,-0.2168606721731,0.830543427068005,0.912045352154117,-6.339333048319
"P51693",-0.0743443485075061,0.607629006438051,-0.214654828964282,0.832239350082859,0.913519626311758,-6.33981735895518
"P28907",0.111507554384015,0.284208286021618,0.213347057591896,0.833245204739309,0.914235506897756,-6.34010216392022
"Q07817",0.0949300994472996,0.0556698641329754,0.212467201476604,0.833922099839284,0.914300108255473,-6.34029280323242
"Q9BVC6",-0.100344269728678,-0.615085120478749,-0.212351044689352,0.834011472056636,0.914300108255473,-6.34031791244825
"Q9H9H5",-0.0786663261995854,-0.0966601349422791,-0.211038890612748,0.835021217006228,0.914799486720443,-6.34060060710256
"Q9Y678",-0.094218798791534,-1.05184427199296,-0.21083937923457,0.835174773176111,0.914799486720443,-6.34064343771519
"Q9UBS5",0.0785623695495963,-0.872634240579976,0.209377538734721,0.836300101299919,0.915644117687544,-6.34095603188774
"Q9NZ01",-0.0542234495658667,-0.829461159337045,-0.208563578331363,0.83692684654151,0.915942378623964,-6.34112914761269
"O75964",-0.0526062131796281,-0.76436418581198,-0.207618547441881,0.837654655287562,0.916350945373825,-6.34132929773463
"Q9UKM9",-0.0669273618811083,-0.299007225248004,-0.205952920234381,0.838937790211197,0.917126515819781,-6.34167986150908
"Q9H2X9",0.0946520118169415,-1.80568847783803,0.205486567932434,0.839297132888292,0.917126515819781,-6.34177751071377
"P34949",0.0417056138121703,0.546746466960885,0.205316763067112,0.839427983144914,0.917126515819781,-6.34181301131087
"Q8NHG7",-0.0858296058619816,0.758767882643062,-0.204603946925437,0.839977325640139,0.917338988922585,-6.3419617188711
"Q14847",-0.03223496069116,0.201491438573665,-0.202006112932604,0.841980094433494,0.919137898695347,-6.3424993203048
"Q13586",0.0900008616144755,-0.753152335213843,0.200870274290584,0.842856102672961,0.919355479551126,-6.34273222404795
"P49418",-0.0666943575191123,0.25159537948538,-0.200825407173245,0.842890710458866,0.919355479551126,-6.34274139720272
"P21579",-0.0966765019190509,-0.0391974138810168,-0.199415290159939,0.843978555863286,0.920153760821001,-6.34302865800757
"Q96PU5",0.0772484643306367,-0.370271469747337,0.1987850643334,0.844464852188054,0.920295802236981,-6.34315639215947
"Q8N6N7",0.0890083888734763,-0.221122392594609,0.196920660109121,0.845903841447038,0.921475528925661,-6.34353191190441
"Q9H1V8",0.0802123722151478,-0.184623349544663,0.196124636511966,0.846518399511058,0.921734486086752,-6.3436911697322
"Q7RTP6",-0.0469498383902917,-0.0268776041781556,-0.195689086569591,0.846854701917229,0.921734486086752,-6.34377803682986
"Q9NZM3",0.109715269553353,-0.355871868352327,0.194516854767088,0.847759969707585,0.922331448524456,-6.34401087393178
"P55327",0.0414501478690911,0.448830209493503,0.193158588225716,0.848809175364459,0.923084441866692,-6.34427891986692
"Q15435",-0.0326342394315288,0.174733842209413,-0.191871268044858,0.849803844362951,0.92377751794711,-6.34453123800536
"Q8TB22",-0.0575774574523306,-0.458509032947058,-0.190962855973455,0.850505898987884,0.924152059219706,-6.34470827766274
"Q8NFZ4",-0.0700530366304281,-0.395055113015067,-0.189788005974394,0.851414056092221,0.924750140755626,-6.34493600193704
"P02792",0.0933090740301602,-0.503013504051782,0.186044892060214,0.854308887154684,0.927504608691667,-6.34565220275009
"O14594",-0.0546874515880446,0.237071618057956,-0.18535847159509,0.854839978356831,0.927691580206721,-6.34578199890167
"P62829",0.0382897112886648,0.052409104096578,0.18259628562235,0.85697782648816,0.929332770541406,-6.346299471636
"Q01518",0.0385065551295732,0.448835717171645,0.18247554034256,0.857071305597954,0.929332770541406,-6.34632191565379
"P19086",0.0555901309103672,-0.544778753004184,0.181616194527859,0.857736660027058,0.92966426254505,-6.34648122268588
"Q8IV08",0.042235359982013,0.0751626246193988,0.180216366799048,0.858820719332623,0.929898250581981,-6.34673912050156
"Q8TBC4",-0.0363915310788905,0.0307786717302485,-0.179655572008721,0.859255092535935,0.929898250581981,-6.34684188080749
"P13073",0.0594479549921275,-0.763239802367209,0.17949072810294,0.859382783941426,0.929898250581981,-6.34687202618165
"Q08722",0.0764289100180106,0.0443054526896731,0.179221760966993,0.859591139802828,0.929898250581981,-6.34692115359093
"Q9NZB2",0.0730592894174321,0.233417134817508,0.179015164603267,0.859751187191851,0.929898250581981,-6.34695883898809
"O14936",-0.0404187681276822,0.000830643917268516,-0.178015449846689,0.860525740191663,0.930227325576454,-6.34714058567682
"Q9Y3A5",0.0490333638750365,0.598303395617364,0.177693576620158,0.860775150011171,0.930227325576454,-6.34719888587316
"P18077",0.0408492130737659,-0.142814417440836,0.17696247837319,0.861341711466911,0.930450616022552,-6.34733091739405
"Q9P1U1",-0.0608790873814352,0.216922760610009,-0.176095754170368,0.86201347527105,0.930787315612224,-6.34748673917503
"P12236",-0.0677206725881812,-0.700921471489929,-0.175014100195436,0.862851973502625,0.931202941710116,-6.34768013185032
"O95563",0.153281835553368,0.170679670699077,0.17335508767814,0.864138363365954,0.931202941710116,-6.34797444446791
"O15498",-0.0308966548618038,0.189067421826052,-0.173282761539546,0.864194453542197,0.931202941710116,-6.34798721172378
"Q8N1B4",-0.107572667634677,0.489532476426889,-0.172739256590276,0.864615974639962,0.931202941710116,-6.34808298314892
"O96005",-0.103326385136208,-0.836049541566269,-0.172631407988046,0.864699622721931,0.931202941710116,-6.34810195157198
"Q9NTI2",-0.0931434624280776,-0.123271632057977,-0.172355360505403,0.864913734397404,0.931202941710116,-6.34815044903135
"P78330",0.0715640677918488,0.0187940814946455,0.172265102113372,0.864983744149357,0.931202941710116,-6.34816628931085
"P41250",0.0256561923160355,0.199082210497534,0.170868397085773,0.866067256462626,0.931202941710116,-6.34841035558665
"Q6ZSZ5",0.0529704245947089,0.505897399024998,0.170643369531142,0.866241849984823,0.931202941710116,-6.34844949259458
"Q92823",-0.0430838585975993,0.570974232457859,-0.170499103295385,0.866353786423249,0.931202941710116,-6.34847455646675
"Q8NEU8",0.0768697816633144,-0.288187819470806,0.17048986133685,0.866360957374402,0.931202941710116,-6.34847616138386
"Q5VTU8",0.0493235386379901,-0.475830519944273,0.169789900063928,0.866904100478189,0.931399459574447,-6.34859746147495
"P36405",-0.046296896750622,-0.246103202233133,-0.168265993029554,0.868086827763304,0.932282696206124,-6.3488598268381
"P54289",0.0413098409835468,0.36246526935862,0.166875255575465,0.869166477929218,0.933054545451423,-6.34909720657658
"P38159",-0.0434672017831714,-0.447457388369973,-0.166073240372897,0.869789213924688,0.933080049551031,-6.34923320646826
"O14618",0.0864884319611026,-0.260319071862885,0.165799130376408,0.870002070467059,0.933080049551031,-6.34927953824184
"Q3ZCW2",0.0394161220067865,-0.0512846881453341,0.165296997410985,0.870392021587353,0.933080049551031,-6.3493642139229
"Q9H8Y8",-0.087416751262431,-0.392785025402442,-0.164985333807919,0.870634073314154,0.933080049551031,-6.34941664156618
"Q14416",0.0598136122999207,-0.487141809546209,0.163035405321138,0.872148769446776,0.934316025287988,-6.34974241622067
"P63244",-0.0263427271979488,-0.137501588037182,-0.161505273962503,0.873337723115758,0.934998229858977,-6.34999535068753
"P15289",-0.0672844513494936,0.437997979267084,-0.160579208169129,0.874057451376538,0.934998229858977,-6.35014727622863
"Q93050",0.0680089610676868,-0.188321410444034,0.160217715549335,0.874338430021172,0.934998229858977,-6.35020634439147
"O00170",0.060080692547263,-0.380879352294784,0.159684982826133,0.874752540181156,0.934998229858977,-6.35029315131209
"P05026",-0.0449337596898154,-0.224785252000397,-0.159562021130516,0.874848127489616,0.934998229858977,-6.35031314652892
"P00338",0.0326910425137095,0.55366924168292,0.159423528718704,0.874955790339986,0.934998229858977,-6.35033564885307
"O60256",0.034978941954954,0.121222574790913,0.157930157490642,0.876116882754077,0.935852124760037,-6.35057705458384
"P61353",-0.0381645068169365,0.111083849080634,-0.155978959554012,0.877634366946154,0.936521820713962,-6.35088905401008
"P17677",0.0662287975559071,0.326944560751324,0.155825771657381,0.877753524720274,0.936521820713962,-6.35091338518946
"Q14982",0.0470086925857725,0.275659256337558,0.155726552019425,0.877830704676955,0.936521820713962,-6.35092913174355
"O15067",0.0327518966107436,0.434376988298724,0.154958209636742,0.878428417296088,0.936772879005936,-6.35105073205562
"Q9Y316",0.0901395594991466,0.351944319693254,0.152869046024885,0.880054006121532,0.937896119968682,-6.35137833624392
"Q9Y490",0.0338495412641353,0.204210819887034,0.152268267236556,0.880521576351245,0.937896119968682,-6.35147172383638
"Q12857",-0.0577540130345869,-0.535376160649791,-0.152205835922573,0.880570167568275,0.937896119968682,-6.35148140738182
"P27701",-0.0671631471578856,0.317074971248047,-0.151479855669284,0.881135244288875,0.938111452424523,-6.35159372125572
"Q8NBU5",0.124252676343664,-0.809721062696776,0.150193635656139,0.882136551278413,0.938790854283531,-6.35179139253129
"Q02952",0.0293030013469791,0.130033795344572,0.149334412567175,0.882805559456643,0.938880699511773,-6.35192250436427
"P51687",0.049012192781468,0.333185990886622,0.149152282364723,0.882947381242987,0.938880699511773,-6.35195019984626
"Q8NFP9",-0.0952126287011139,-0.768407413515356,-0.147293851894713,0.884394740694472,0.940033061141123,-6.35223087304015
"P54764",0.0281820915111389,0.301997726665854,0.145040698614766,0.886150070466409,0.941511686048364,-6.3525664509749
"P49753",-0.0612379498183118,-0.021210410913231,-0.142529786526002,0.888106917498812,0.943020049712089,-6.35293433756006
"Q9H3Z4",0.06157909503541,-0.324910789702923,0.141865552719724,0.88862470305634,0.943020049712089,-6.35303058559932
"Q9H098",-0.0817020114076609,0.214255824580011,-0.141609775090837,0.888824101282395,0.943020049712089,-6.35306752834938
"O95168",-0.0378010892096467,-0.632888872186552,-0.141193679831636,0.889148495555128,0.943020049712089,-6.35312748412543
"Q14118",-0.0519511876596204,-0.0480065540580702,-0.140879094398253,0.889393764486682,0.943020049712089,-6.35317269632799
"Q5TH69",-0.0473725626572123,-0.404505782810151,-0.138625040373451,0.89115148715333,0.9441997105557,-6.35349370486023
"P12532",0.0403374001237473,-0.162400871839428,0.13839415668093,0.891331564128569,0.9441997105557,-6.3535262941575
"Q99943",0.0576726455281124,-0.756147282683337,0.137922306157398,0.891699601163744,0.9441997105557,-6.35359272737261
"P49354",0.056132283888426,0.74221570307969,0.137579006401178,0.891967386141981,0.9441997105557,-6.35364091924296
"P30049",0.0596095741677409,-0.168233644961422,0.13648955662654,0.89281728017107,0.94471251299313,-6.35379306067482
"Q2LD37",-0.0428088092748312,0.216994275206404,-0.13388249371682,0.894851620715588,0.946477675756871,-6.3541522353627
"Q92542",0.0695986129272061,-0.00848603684312556,0.132946020681905,0.89558255108766,0.946723644176608,-6.35427956536176
"P11274",-0.06487385534552,-0.0776001434246458,-0.132646120724234,0.895816647449123,0.946723644176608,-6.35432015344803
"P30084",0.0258314265680831,0.0101087573365325,0.125798656869358,0.901164268017594,0.951772798753872,-6.35522198491831
"P20645",-0.0522391455402252,-0.058548247209442,-0.125299191246724,0.901554524978413,0.951772798753872,-6.35528589920045
"O75438",-0.0357397769420554,-0.72878592972686,-0.124277376902344,0.90235299836588,0.951772798753872,-6.35541586510437
"O75369",-0.0788835876280625,-0.0841738769041378,-0.124046841683337,0.902533159575709,0.951772798753872,-6.35544504028286
"Q9UQM7",-0.0531673795333673,-0.377946122910763,-0.123791442995069,0.90273275767936,0.951772798753872,-6.35547729888789
"Q3KQV9",0.134094634755877,-1.13916785754141,0.123700997404516,0.902803443924369,0.951772798753872,-6.35548870687003
"P10114",0.0559706088757863,0.354068067251271,0.122771610160888,0.903529839040574,0.952150278809574,-6.35560544902572
"Q14103",-0.0278186462564034,-0.746686961327222,-0.121407519168686,0.904596149494065,0.952885511997619,-6.35577520324803
"Q8TB36",-0.0373168932266024,-0.252333510316129,-0.118957423839454,0.90651185420314,0.95388695290484,-6.35607534972281
"P16949",-0.0273501334738317,1.03249173580535,-0.118753079679846,0.906671655483849,0.95388695290484,-6.35610010666226
"Q8IVF5",0.0392776271800229,0.19601382355053,0.118598868114239,0.906792254754506,0.95388695290484,-6.35611876174
"Q02153",-0.0331627624846044,-0.446233031295877,-0.118303980612981,0.907022874367543,0.95388695290484,-6.35615436708271
"P12270",0.0584820464270846,-0.0726725360012922,0.116648057604379,0.908318061231547,0.954629336721693,-6.35635266268065
"P34932",0.0217303250707447,0.302200358370711,0.116185046523245,0.90868025437124,0.954629336721693,-6.35640760860102
"P49773",-0.0218811819753485,0.469510515814636,-0.115197119834648,0.909453134124422,0.954629336721693,-6.35652411713762
"Q969H8",0.0264195267497859,0.36963144389835,0.115110617877506,0.90952081117742,0.954629336721693,-6.35653427121392
"Q14457",-0.111527743923844,1.01070237210205,-0.11504101977214,0.909575263576607,0.954629336721693,-6.3565424354932
"O95573",0.0390841499115966,-0.47116068560194,0.113408101209691,0.910852962658999,0.955582349218147,-6.35673257168299
"Q9UH03",-0.0262404819567355,0.323198664792715,-0.112605179303868,0.911481311041241,0.955608941081129,-6.35682506797247
"Q15393",-0.032942191802017,-0.22803376951233,-0.1119715472583,0.911977219172347,0.955608941081129,-6.35689759879301
"P49356",0.0678425654480394,0.00483201286131888,0.111913265245723,0.912022835081086,0.955608941081129,-6.35690424971176
"Q13619",0.0675125678571555,-0.477137319223491,0.111486314722855,0.912357008351345,0.955608941081129,-6.35695286620142
"P07814",-0.0358890324115481,-0.386747936803969,-0.109678573585456,0.913772107833633,0.956413044137597,-6.35715665566301
"P52566",0.0339812874767232,0.613244523060487,0.109454637242206,0.913947425776132,0.956413044137597,-6.35718166874264
"P49841",-0.0642366642927667,-0.641900642334315,-0.109087743167752,0.914234673912573,0.956413044137597,-6.35722253945536
"P11166",-0.055442100363384,-0.896732818060476,-0.108195381692729,0.914933370475679,0.956756781019268,-6.35732137331544
"Q13618",-0.0173408435619615,0.0526574611012822,-0.106669004515297,0.916128649266011,0.957355950330103,-6.35748854824709
"P16435",-0.0371429287168741,-0.647367300288375,-0.106457835104283,0.916294028430277,0.957355950330103,-6.3575114895579
"Q92878",0.0497703076870556,0.510179764142886,0.105642034772046,0.916932966175022,0.957355950330103,-6.35759969102784
"Q16555",-0.0186777926031945,0.625626394027546,-0.105169438019548,0.917303132126539,0.957355950330103,-6.3576504765129
"P62841",0.0309303750808146,0.13139100893803,0.104999194840157,0.917436481471996,0.957355950330103,-6.35766871520882
"O00241",0.071213422109698,0.101597182991256,0.104626457551936,0.91772845064526,0.957355950330103,-6.35770854469649
"Q9NZZ3",-0.033263164280889,0.361747601882825,-0.102107978947753,0.919701513552353,0.958498318870778,-6.35797395349743
"O43583",0.0252633402683911,0.511071354462948,0.102088964986248,0.919716411788012,0.958498318870778,-6.35797593270806
"Q9BWD1",-0.0179673717938732,0.51471174966233,-0.101796252011067,0.919945768499799,0.958498318870778,-6.35800635546715
"Q14012",-0.0363339052836775,-0.150114865114181,-0.100992660583267,0.92057546340712,0.958498318870778,-6.35808942713093
"Q9GZQ8",0.0309964875208619,0.0801123017280034,0.100349702957077,0.921079324203611,0.958498318870778,-6.35815541957779
"Q8N2K0",-0.0202326316507076,-0.684993591102957,-0.100287008323842,0.92112845737097,0.958498318870778,-6.35816183195543
"Q9H019",0.0495416332212016,-1.34584761113906,0.0994106972552507,0.921815247602191,0.958498318870778,-6.35825104160235
"Q9H0E2",0.0199465239091536,0.351510985109252,0.099374832632271,0.92184335708262,0.958498318870778,-6.35825467600925
"Q13449",0.0258637008274655,0.335724509668817,0.0989699917254319,0.922160665002563,0.958498318870778,-6.35829561044052
"O14787",-0.0401739076351461,-0.81099876798318,-0.0984652351760052,0.922556303922667,0.958524134099717,-6.35834641376616
"O60825",0.0333051794885171,0.0615150236542133,0.097286505541646,0.923480297521012,0.958555385888505,-6.35846404133248
"P62854",-0.0314179746858313,-0.0601129609734876,-0.0971405179235103,0.923594743430852,0.958555385888505,-6.35847851121017
"Q9Y639",-0.0289118658969628,0.0396294455228773,-0.0970077511958915,0.92369882640165,0.958555385888505,-6.35849165182233
"Q9NQP4",-0.0195777960694462,0.348024452467105,-0.0961740538741865,0.924352438622301,0.958827920112699,-6.35857375681453
"Q5JRX3",0.0511369570152079,0.171073124856004,0.0957265638235571,0.924703290073871,0.958827920112699,-6.3586175349731
"P13861",-0.0196773432982972,0.0800616633394325,-0.09002716867478,0.92917321679137,0.96253300116146,-6.35915726553213
"O43813",0.0182269924498695,0.564223195144456,0.0881079079640098,0.9306790061106,0.96253300116146,-6.35933157057986
"P61247",-0.0157462220958908,0.103627602896014,-0.0879616591690246,0.930793759181887,0.96253300116146,-6.35934469884385
"P24386",0.0154084934128577,0.226619306373155,0.0873312544984173,0.931288419412312,0.96253300116146,-6.35940103873879
"Q9BYV8",0.0261128798854441,0.38113324357733,0.087040034118265,0.931516941255136,0.96253300116146,-6.35942692866534
"O00264",-0.0237019217729165,-0.131286560567099,-0.0868562719128572,0.931661143353521,0.96253300116146,-6.35944322093405
"P62745",-0.0171668317810638,0.516872200409102,-0.086801559841133,0.931704077543344,0.96253300116146,-6.35944806503313
"O75439",-0.0315684905544332,-0.121824349903584,-0.0866734383414444,0.931804619132175,0.96253300116146,-6.35945939672475
"P35237",0.0308923455250849,-0.0904477602763033,0.0866296552078592,0.931838977614394,0.96253300116146,-6.35946326528474
"Q9P0K1",-0.0183393835930198,-0.206905852415557,-0.0864244159083896,0.93200003942249,0.96253300116146,-6.35948137364024
"P10606",0.0222672769486953,-0.690223378151428,0.0850247410127443,0.933098515764915,0.96328261311993,-6.35960372317255
"Q969Q0",-0.018205472424933,0.0587814025114756,-0.0832911754587167,0.934459222337808,0.964302231434425,-6.3597524917677
"Q99733",0.0185137124744575,-0.0623953141488116,0.081372452687552,0.93596550255544,0.965471198765288,-6.35991357954805
"Q6P995",0.0292008452313348,0.175950162358249,0.0802457830820786,0.936850102328627,0.965798793035273,-6.36000642171449
"Q16186",-0.0147998019446199,0.393226991265672,-0.0800162642969442,0.937030318349116,0.965798793035273,-6.36002517639745
"P50148",0.0167297994443701,0.161833715817826,0.0790079645746493,0.937822066984552,0.966229590735379,-6.36010693170974
"Q92876",0.038348471292164,0.0164357179461627,0.0772179931273826,0.939227771496097,0.967213074415853,-6.360249514568
"O60343",-0.0450184211825426,-0.347719288798248,-0.0763736929971583,0.939890890349498,0.967213074415853,-6.36031563523351
"Q9NVD7",0.0363250702514262,-0.242127130983885,0.076363206419359,0.939899126859816,0.967213074415853,-6.36031645191346
"P62834",-0.0181538872217984,0.813571644402028,-0.0748200986691167,0.941111210515067,0.967993548494804,-6.36043540532052
"Q9BX67",0.0278284081059677,0.728727286066378,0.0744442037628082,0.941406491650266,0.967993548494804,-6.36046401430689
"Q7L0J3",0.0261058005299465,-0.189674865639621,0.0738005746193923,0.941912109331259,0.968128350942865,-6.36051266588094
"Q9H2M9",-0.0298888261263114,0.402769314572733,-0.0700922014221084,0.944825791867346,0.97073715102428,-6.36078475510172
"P52888",0.015890337835493,0.0942515215147372,0.0694669005815691,0.945317172584007,0.97085613473566,-6.36082925337111
"P51970",0.0200855507497063,-0.819215841725328,0.0689209586174529,0.945746208984511,0.970911020740652,-6.36086777833626
"Q9UKK9",0.022823222776884,0.621364658845479,0.0659655974945484,0.948069013282865,0.972520694743706,-6.36107105259095
"Q8N9I0",0.0485884774757918,-3.22528251050557,0.0659480784126299,0.948082784071231,0.972520694743706,-6.36107223103471
"Q8N163",0.0185101606952821,-0.77391889255595,0.0654900602214796,0.948442812939607,0.972520694743706,-6.36110292920777
"O75821",-0.0222703038699773,-0.121461248606583,-0.0639632456752394,0.949643059241001,0.973365308540043,-6.36120371765558
"Q02978",0.0142858631683254,-0.584966581909579,0.0632427379743542,0.950209501493572,0.973463258837792,-6.36125045464845
"P56192",-0.0216467715468239,-0.651412051991995,-0.0628836891329955,0.950491785418409,0.973463258837792,-6.36127354740471
"Q8N3J6",-0.0192904260959363,-0.0351670279778315,-0.0623012483108777,0.950949714170669,0.973546539061854,-6.36131072843073
"O14523",0.0234519721892188,-0.733412577336031,0.0614564017122494,0.951613983532229,0.973812961230189,-6.3613640458857
"Q06203",-0.0307696387622644,0.874496852215719,-0.0608198950762768,0.952114467405069,0.973812961230189,-6.36140373457668
"Q13616",-0.0149420258152913,-0.178469259815483,-0.060532944284808,0.952340102897454,0.973812961230189,-6.36142149201058
"P12694",0.0242497185552216,0.446072019112073,0.0599558568203478,0.95279389145468,0.973891739584954,-6.36145694985605
"Q15904",0.02456820134989,-0.186554730835213,0.0589838198323348,0.953558282923118,0.974243728403518,-6.36151590689457
"Q00059",-0.0126617588848767,-0.187693548165898,-0.0585594397114282,0.953892021891414,0.974243728403518,-6.36154134476505
"P46060",-0.045891477732937,-0.637786034347502,-0.0559418017292295,0.955950762350787,0.975960790156708,-6.361694189938
"Q9H425",0.0273756458332619,0.264795982628975,0.0526418451450629,0.958546587591537,0.978224606760412,-6.36187692086187
"Q00839",0.0126852037837625,-0.889326716155854,0.04979101494089,0.960789501731603,0.979991294378677,-6.36202584236636
"Q99471",0.00856555927964524,0.380626515264915,0.0494777958205116,0.961035950193403,0.979991294378677,-6.36204169901884
"Q9NUT2",-0.018410137135395,-0.463294726135868,-0.045770173589948,0.963953495912322,0.982578780336495,-6.36222179581123
"Q9UHD8",0.00745502314397475,0.232762288617701,0.0444491902590437,0.964993111896274,0.98325076635864,-6.36228257532498
"Q14738",-0.0207039847614793,-0.201805762347056,-0.0435612798171623,0.965691934984806,0.983575118966006,-6.36232242876937
"P35613",-0.00946192214474863,0.0254561435832769,-0.0418795319204893,0.96701561909788,0.984163432651032,-6.36239570972583
"P51610",-0.014449187028693,-0.258211737296295,-0.0418599990375392,0.967030993784766,0.984163432651032,-6.36239654391277
"O43681",0.00657238988600232,-0.252750815926091,0.0393787341389547,0.968984147742094,0.985722808176827,-6.36249934674778
"Q9Y5L4",-0.00820413860495052,-0.197547938505645,-0.038921740911717,0.969343897042569,0.985722808176827,-6.36251759602488
"O00629",0.00858074521368186,-0.0604807273196695,0.038460247414124,0.969707195819602,0.985722808176827,-6.36253580886964
"Q16864",-0.0106161750874683,0.374669432739338,-0.0375549171686347,0.97041991316097,0.985798524151974,-6.36257090674023
"P52943",-0.00970457443758206,0.413247235889817,-0.0373968056764559,0.97054438838173,0.985798524151974,-6.36257695067084
"P06748",0.00556990881491488,-0.109005776580389,0.03356250852707,0.973563215067583,0.988199742704032,-6.3627157133907
"Q9BRG1",0.0152734900406472,-0.228715410769302,0.0334230582178997,0.973673015345133,0.988199742704032,-6.36272047749797
"Q92932",-0.0174689514405394,0.386864781677311,-0.032269221367241,0.974581542941187,0.988733629710741,-6.36275913559898
"O14662",-0.0200062559448775,-0.625422182459174,-0.0295950022737592,0.976687349348675,0.990481286020527,-6.36284351201284
"P46778",-0.00687933619750903,-0.119902008718459,-0.0287333891260904,0.977365862290357,0.990780687851205,-6.36286914382257
"P24821",-0.015962423570605,0.614921634950085,-0.0272942192533569,0.978499235280459,0.990882608785845,-6.36291026850707
"Q13190",-0.0124544165487864,0.830044853996971,-0.027186986269397,0.9785836851488,0.990882608785845,-6.36291324815201
"P36873",-0.00762952711878255,-0.110396978886975,-0.0269486742095066,0.978771365473442,0.990882608785845,-6.36291982804889
"Q13505",-0.0129730784662678,-0.649196811480194,-0.0265042294783433,0.97912138693546,0.990882608785845,-6.36293194460246
"Q9UF11",0.0151227300710164,0.244039045957844,0.0256000719947251,0.979833467449054,0.990882608785845,-6.36295597209796
"Q9BQ69",0.0107081441641158,-0.737166480113922,0.0255161608134151,0.979899553634942,0.990882608785845,-6.36295815970897
"Q709C8",0.00601455119006652,0.0820543923324273,0.025157228315212,0.980182240873118,0.990882608785845,-6.36296743621466
"Q16718",0.00660077930649228,-0.741009539520796,0.0245818107279823,0.980635432523846,0.990882608785845,-6.3629820335214
"P83731",-0.00563653069519413,-0.190145962889151,-0.0242087163927358,0.980929280536375,0.990882608785845,-6.36299131777314
"Q6F5E8",0.00697992479310004,-0.0582907563183159,0.0237385263237134,0.981299604832403,0.990882608785845,-6.36300281598465
"O95716",-0.0103339852746869,-1.123522741189,-0.0221961582893482,0.982514412446736,0.991721888393133,-6.36303895056506
"P12814",-0.00593719008419201,0.130591401015778,-0.0213672863921464,0.983167270914232,0.991993518857646,-6.36305736698042
"Q9UPX8",0.0093122294000437,0.360848489827722,0.0199278931668725,0.984301033268725,0.992749969176611,-6.36308768322262
"Q5FWE3",-0.00727226262904893,-0.421569345496892,-0.019390340199772,0.984724454826292,0.992789670719955,-6.36309846307284
"O75695",-0.00771952153344158,0.537714337031775,-0.0183921201057545,0.985510748443363,0.992974120995959,-6.36311769906878
"Q9UNA1",0.0117582471779089,-0.954179700321534,0.0181827565259094,0.985675665174325,0.992974120995959,-6.36312160462283
"P22830",-0.00395976253791079,-0.195574326061975,-0.0170964985880969,0.986531326362441,0.993349067439877,-6.36314115033678
"Q16881",-0.00470265895646848,0.0543905891994101,-0.016734598198306,0.98681640432712,0.993349067439877,-6.3631473949403
"P23284",0.00315649779554,0.0918727879123947,0.0150419191437858,0.988149793287899,0.994304093285021,-6.36317482845216
"O95970",-0.00390145905185339,-0.149910248225813,-0.0132580402570094,0.989555062421573,0.994812641836568,-6.36320057700634
"Q9UJ70",-0.00315257444107961,0.342854601037646,-0.013049375859215,0.989719442341244,0.994812641836568,-6.36320337681823
"Q99726",0.00461627418064222,0.549366392630391,0.0129347829602415,0.989809715591355,0.994812641836568,-6.36320489550696
"Q9H9Q2",-0.00311607602016486,0.0881269680413072,-0.0105808804589638,0.991664086933735,0.996289026320911,-6.36323312796987
"Q01432",0.00806702516182823,1.595098830271,0.0100317758063138,0.992096671246994,0.996336400611298,-6.36323890085479
"P09497",0.00264179448333799,0.121181289986628,0.00883925459548302,0.993036147174232,0.996892598231219,-6.36325037884698
"P15559",-0.0059064157913672,0.340410612302445,-0.0080058568227857,0.993692709593117,0.99713062292389,-6.36325753914067
"Q16775",0.00132092043017212,0.388572473435245,0.00633289845258156,0.995010702997956,0.99713062292389,-6.36326977407464
"P78362",-0.00127062821557418,0.499683577180722,-0.00628490628266483,0.995048512520113,0.99713062292389,-6.3632700829331
"P62263",-0.00118573043230151,-0.0611980576822062,-0.0057661554061246,0.995457199157526,0.99713062292389,-6.36327327145609
"Q9GZT8",0.00141721411240341,0.432746971932176,0.00540751781443958,0.995739744770808,0.99713062292389,-6.36327531534502
"O43761",-0.00216533205832396,-0.0559378306777075,-0.00529377270799324,0.995829356750651,0.99713062292389,-6.36327593617753
"O95139",-0.00181641938405071,-0.754308448393761,-0.00511092333341801,0.995973411369239,0.99713062292389,-6.3632769065277
"Q02338",-0.000846345045783675,-0.426446406189501,-0.0023909532636788,0.998116305215247,0.998864742724256,-6.36328731387155
"Q7L576",-0.000480599932233008,0.0281844790223845,-0.00193143251194537,0.998478334699991,0.998864742724256,-6.36328832693062
"Q9UGV2",-0.00025145843086159,-0.28224099176958,-0.00118158595082601,0.99906909557327,0.99906909557327,-6.36328951751524
